Initialized native services in: /opt/gradle/.gradle/native
Initialized jansi services in: /opt/gradle/.gradle/native
To honour the JVM settings for this build a single-use Daemon process will be forked. For more on this, please refer to https://docs.gradle.org/9.3.1/userguide/gradle_daemon.html#sec:disabling_the_daemon in the Gradle documentation.
Starting process 'Gradle build daemon'. Working directory: /opt/gradle/.gradle/daemon/9.3.1 Command: /usr/lib/jvm/temurin-21-jdk-amd64/bin/java --add-opens=java.base/java.lang=ALL-UNNAMED --add-opens=java.base/java.lang.invoke=ALL-UNNAMED --add-opens=java.base/java.util=ALL-UNNAMED --add-opens=java.prefs/java.util.prefs=ALL-UNNAMED --add-exports=jdk.compiler/com.sun.tools.javac.api=ALL-UNNAMED --add-exports=jdk.compiler/com.sun.tools.javac.util=ALL-UNNAMED --add-opens=java.base/java.util=ALL-UNNAMED --add-opens=java.prefs/java.util.prefs=ALL-UNNAMED --add-opens=java.base/java.nio.charset=ALL-UNNAMED --add-opens=java.base/java.net=ALL-UNNAMED --add-opens=java.base/java.util.concurrent=ALL-UNNAMED --add-opens=java.base/java.util.concurrent.atomic=ALL-UNNAMED --add-opens=java.xml/javax.xml.namespace=ALL-UNNAMED --add-opens=java.base/java.time=ALL-UNNAMED -Xmx4g -Dfile.encoding=UTF-8 -Duser.country=US -Duser.language=en -Duser.variant -cp /opt/gradle/gradle-9.3.1/lib/gradle-daemon-main-9.3.1.jar -javaagent:/opt/gradle/gradle-9.3.1/lib/agents/gradle-instrumentation-agent-9.3.1.jar org.gradle.launcher.daemon.bootstrap.GradleDaemon 9.3.1
Successfully started process 'Gradle build daemon'
An attempt to start the daemon took 2.022 secs.
The client will now receive all logging from the daemon (pid: 303). The daemon log file: /opt/gradle/.gradle/daemon/9.3.1/daemon-303.out.log
Daemon will be stopped at the end of the build 
Using 4 worker leases.
Operational build model parameters: {requiresToolingModels=false, parallelProjectExecution=true, configureOnDemand=false, configurationCache=false, configurationCacheParallelStore=false, configurationCacheParallelLoad=true, isolatedProjects=false, parallelProjectConfiguration=false, intermediateModelCache=false, parallelToolingApiActions=true, invalidateCoupledProjects=false, modelAsProjectDependency=false, resilientModelBuilding=false}
Received JVM installation metadata from '/usr/lib/jvm/temurin-21-jdk-amd64': {JAVA_HOME=/usr/lib/jvm/temurin-21-jdk-amd64, JAVA_VERSION=21.0.12, JAVA_VENDOR=Eclipse Adoptium, RUNTIME_NAME=OpenJDK Runtime Environment, RUNTIME_VERSION=21.0.12+8-LTS, VM_NAME=OpenJDK 64-Bit Server VM, VM_VERSION=21.0.12+8-LTS, VM_VENDOR=Eclipse Adoptium, OS_ARCH=amd64}
Watching the file system is configured to be disabled
File system watching is inactive
Starting Build
Resolved plugin [id: 'org.gradle.toolchains.foojay-resolver-convention', version: '1.0.0']
Invalidating in-memory cache of /opt/gradle/.gradle/caches/journal-1/file-access.bin
Invalidating in-memory cache of /opt/gradle/.gradle/caches/journal-1/file-access.bin
Settings evaluated using settings file '/app/applet/settings.gradle.kts'.
Using local directory build cache for the root build (location = /opt/gradle/.gradle/caches/build-cache-1, remove unused entries = after 7 days).
Invalidating in-memory cache of /opt/gradle/.gradle/caches/journal-1/file-access.bin
Projects loaded. Root project using build file '/app/applet/build.gradle.kts'.
Included projects: [root project 'Pixel Measure', project ':app']

> Configure project :
Evaluating root project 'Pixel Measure' using build file '/app/applet/build.gradle.kts'.
Invalidating in-memory cache of /opt/gradle/.gradle/caches/journal-1/file-access.bin
Resolved plugin [id: 'com.android.application', version: '8.7.3', apply: false]
Resolved plugin [id: 'org.jetbrains.kotlin.android', version: '2.0.21', apply: false]
Resolved plugin [id: 'org.jetbrains.kotlin.plugin.compose', version: '2.0.21', apply: false]
Resolved plugin [id: 'org.jetbrains.kotlin.plugin.serialization', version: '2.0.21', apply: false]
Resolved plugin [id: 'com.google.devtools.ksp', version: '2.0.21-1.0.26', apply: false]
Resolved plugin [id: 'io.github.takahirom.roborazzi', version: '1.59.0', apply: false]
Resolved plugin [id: 'com.google.android.libraries.mapsplatform.secrets-gradle-plugin', version: '2.0.1', apply: false]
Invalidating in-memory cache of /opt/gradle/.gradle/caches/journal-1/file-access.bin
Invalidating in-memory cache of /opt/gradle/.gradle/caches/journal-1/file-access.bin
Invalidating in-memory cache of /opt/gradle/.gradle/caches/9.3.1/fileHashes/kotlinDslCompileAvoidanceClasspathHashCache.bin
Invalidating in-memory cache of /opt/gradle/.gradle/caches/9.3.1/fileHashes/fileHashes.bin
Invalidating in-memory cache of /opt/gradle/.gradle/caches/9.3.1/fileHashes/resourceHashesCache.bin
Invalidating in-memory cache of /opt/gradle/.gradle/caches/journal-1/file-access.bin

> Configure project :app
Evaluating project ':app' using build file '/app/applet/app/build.gradle.kts'.
Resolved plugin [id: 'com.android.application', version: '8.7.3']
Resolved plugin [id: 'org.jetbrains.kotlin.android', version: '2.0.21']
Resolved plugin [id: 'org.jetbrains.kotlin.plugin.compose', version: '2.0.21']
Resolved plugin [id: 'org.jetbrains.kotlin.plugin.serialization', version: '2.0.21']
Resolved plugin [id: 'com.google.devtools.ksp', version: '2.0.21-1.0.26']
Resolved plugin [id: 'io.github.takahirom.roborazzi', version: '1.59.0']
Resolved plugin [id: 'com.google.android.libraries.mapsplatform.secrets-gradle-plugin', version: '2.0.1']
Using default execution profile
Using Kotlin Gradle Plugin gradle85 variant
Invalidating in-memory cache of /opt/gradle/.gradle/caches/9.3.1/fileHashes/kotlinDslCompileAvoidanceClasspathHashCache.bin
Invalidating in-memory cache of /opt/gradle/.gradle/caches/9.3.1/fileHashes/fileHashes.bin
Invalidating in-memory cache of /opt/gradle/.gradle/caches/9.3.1/fileHashes/resourceHashesCache.bin
Invalidating in-memory cache of /opt/gradle/.gradle/caches/journal-1/file-access.bin
Invalidating in-memory cache of /opt/gradle/.gradle/caches/journal-1/file-access.bin
Starting process 'command '/opt/gradle/.gradle/jdks/eclipse_adoptium-17-amd64-linux.2/bin/java''. Working directory: /opt/gradle/.gradle/.tmp/tmp-jvm7567838790162389139probe Command: /opt/gradle/.gradle/jdks/eclipse_adoptium-17-amd64-linux.2/bin/java -Xmx32m -Xms32m -cp . JavaProbe
Successfully started process 'command '/opt/gradle/.gradle/jdks/eclipse_adoptium-17-amd64-linux.2/bin/java''
Received JVM installation metadata from '/opt/gradle/.gradle/jdks/eclipse_adoptium-17-amd64-linux.2': {JAVA_HOME=/opt/gradle/.gradle/jdks/eclipse_adoptium-17-amd64-linux.2, JAVA_VERSION=17.0.20.1, JAVA_VENDOR=Eclipse Adoptium, RUNTIME_NAME=OpenJDK Runtime Environment, RUNTIME_VERSION=17.0.20.1+1, VM_NAME=OpenJDK 64-Bit Server VM, VM_VERSION=17.0.20.1+1, VM_VENDOR=Eclipse Adoptium, OS_ARCH=amd64}
Detected Android Gradle Plugin compose compiler configuration
Detected Android Gradle Plugin compose compiler configuration
Detected Android Gradle Plugin compose compiler configuration
Detected Android Gradle Plugin compose compiler configuration
Detected Android Gradle Plugin compose compiler configuration
All projects evaluated.
Task path ':app:assembleDebug' matched project ':app'
Task name matched 'assembleDebug'
Selected primary task 'assembleDebug' from project :app
Tasks to be executed: [task ':app:preBuild', task ':app:preDebugBuild', task ':app:mergeDebugNativeDebugMetadata', task ':app:checkKotlinGradlePluginConfigurationErrors', task ':app:generateDebugBuildConfig', task ':app:checkDebugAarMetadata', task ':app:generateDebugResValues', task ':app:mapDebugSourceSetPaths', task ':app:generateDebugResources', task ':app:mergeDebugResources', task ':app:packageDebugResources', task ':app:parseDebugLocalResources', task ':app:createDebugCompatibleScreenManifests', task ':app:extractDeepLinksDebug', task ':app:processDebugMainManifest', task ':app:processDebugManifest', task ':app:processDebugManifestForPackage', task ':app:processDebugResources', task ':app:kspDebugKotlin', task ':app:compileDebugKotlin', task ':app:javaPreCompileDebug', task ':app:compileDebugJavaWithJavac', task ':app:mergeDebugShaders', task ':app:compileDebugShaders', task ':app:generateDebugAssets', task ':app:mergeDebugAssets', task ':app:compressDebugAssets', task ':app:desugarDebugFileDependencies', task ':app:dexBuilderDebug', task ':app:mergeDebugGlobalSynthetics', task ':app:processDebugJavaRes', task ':app:mergeDebugJavaResource', task ':app:checkDebugDuplicateClasses', task ':app:mergeExtDexDebug', task ':app:mergeLibDexDebug', task ':app:mergeProjectDexDebug', task ':app:mergeDebugJniLibFolders', task ':app:mergeDebugNativeLibs', task ':app:stripDebugDebugSymbols', task ':app:validateSigningDebug', task ':app:writeDebugAppMetadata', task ':app:writeDebugSigningConfigVersions', task ':app:packageDebug', task ':app:createDebugApkListingFileRedirect', task ':app:assembleDebug', task ':app:copyApkToBuildOutputs']
Tasks that were excluded: []
Resolve mutations for :app:preBuild (Thread[#70,Execution worker Thread 2,5,main]) started.
:app:preBuild (Thread[#70,Execution worker Thread 2,5,main]) started.

> Task :app:preBuild UP-TO-DATE
Skipping task ':app:preBuild' as it has no actions.
Resolve mutations for :app:preDebugBuild (Thread[#70,Execution worker Thread 2,5,main]) started.
:app:preDebugBuild (Thread[#70,Execution worker Thread 2,5,main]) started.

> Task :app:preDebugBuild UP-TO-DATE
Skipping task ':app:preDebugBuild' as it has no actions.
Resolve mutations for :app:mergeDebugNativeDebugMetadata (Thread[#70,Execution worker Thread 2,5,main]) started.
:app:mergeDebugNativeDebugMetadata (Thread[#70,Execution worker Thread 2,5,main]) started.

> Task :app:mergeDebugNativeDebugMetadata NO-SOURCE
Invalidating in-memory cache of /app/applet/.gradle/buildOutputCleanup/outputFiles.bin
Skipping task ':app:mergeDebugNativeDebugMetadata' as it has no source files and no previous output files.
Resolve mutations for :app:checkKotlinGradlePluginConfigurationErrors (Thread[#70,Execution worker Thread 2,5,main]) started.
:app:checkKotlinGradlePluginConfigurationErrors (Thread[#70,Execution worker Thread 2,5,main]) started.

> Task :app:checkKotlinGradlePluginConfigurationErrors SKIPPED
Skipping task ':app:checkKotlinGradlePluginConfigurationErrors' as task onlyIf 'errorDiagnostics are present' is false.
Resolve mutations for :app:generateDebugBuildConfig (Thread[#70,Execution worker Thread 2,5,main]) started.
:app:generateDebugBuildConfig (Thread[#70,Execution worker Thread 2,5,main]) started.

> Task :app:generateDebugBuildConfig UP-TO-DATE
Invalidating in-memory cache of /app/applet/.gradle/9.3.1/fileHashes/fileHashes.bin
Invalidating in-memory cache of /app/applet/.gradle/9.3.1/fileHashes/resourceHashesCache.bin
Build cache key for task ':app:generateDebugBuildConfig' is 3597ebe8fd8aa53214a4c1cb2dfe6068
Skipping task ':app:generateDebugBuildConfig' as it is up-to-date.
Resolve mutations for :app:checkDebugAarMetadata (Thread[#70,Execution worker Thread 2,5,main]) started.
:app:checkDebugAarMetadata (Thread[#70,Execution worker Thread 2,5,main]) started.

> Task :app:checkDebugAarMetadata
Invalidating in-memory cache of /opt/gradle/.gradle/caches/journal-1/file-access.bin
Invalidating in-memory cache of /opt/gradle/.gradle/caches/9.3.1/fileHashes/kotlinDslCompileAvoidanceClasspathHashCache.bin
Invalidating in-memory cache of /opt/gradle/.gradle/caches/9.3.1/fileHashes/fileHashes.bin
Invalidating in-memory cache of /opt/gradle/.gradle/caches/9.3.1/fileHashes/resourceHashesCache.bin
Invalidating in-memory cache of /opt/gradle/.gradle/caches/9.3.1/fileHashes/kotlinDslCompileAvoidanceClasspathHashCache.bin
Invalidating in-memory cache of /opt/gradle/.gradle/caches/9.3.1/fileHashes/fileHashes.bin
Invalidating in-memory cache of /opt/gradle/.gradle/caches/9.3.1/fileHashes/resourceHashesCache.bin
Caching disabled for ExtractAarTransform: /opt/gradle/.gradle/caches/9.3.1/transforms/d71a915097503d576c6384b30e2ebf02/transformed/jetified-material-icons-extended-release.aar because:
  Caching not enabled.
Invalidating in-memory cache of /opt/gradle/.gradle/caches/9.3.1/fileHashes/kotlinDslCompileAvoidanceClasspathHashCache.bin
Invalidating in-memory cache of /opt/gradle/.gradle/caches/9.3.1/fileHashes/fileHashes.bin
Invalidating in-memory cache of /opt/gradle/.gradle/caches/9.3.1/fileHashes/resourceHashesCache.bin
Invalidating in-memory cache of /opt/gradle/.gradle/caches/journal-1/file-access.bin
Caching disabled for task ':app:checkDebugAarMetadata' because:
  Caching has been disabled for the task
Task ':app:checkDebugAarMetadata' is not up-to-date because:
  No history is available.

Resolve mutations for :app:generateDebugResValues (Thread[#68,included builds,5,main]) started.
:app:generateDebugResValues (Thread[#68,included builds,5,main]) started.

> Task :app:generateDebugResValues UP-TO-DATE
Invalidating in-memory cache of /app/applet/.gradle/buildOutputCleanup/outputFiles.bin
Build cache key for task ':app:generateDebugResValues' is 857dec9c814949936b073ee93ee7536c
Skipping task ':app:generateDebugResValues' as it is up-to-date.
Resolve mutations for :app:mapDebugSourceSetPaths (Thread[#68,included builds,5,main]) started.
:app:mapDebugSourceSetPaths (Thread[#68,included builds,5,main]) started.

> Task :app:mapDebugSourceSetPaths UP-TO-DATE
Invalidating in-memory cache of /app/applet/.gradle/9.3.1/fileHashes/fileHashes.bin
Invalidating in-memory cache of /app/applet/.gradle/9.3.1/fileHashes/resourceHashesCache.bin
Caching disabled for task ':app:mapDebugSourceSetPaths' because:
  Caching has been disabled for the task
Skipping task ':app:mapDebugSourceSetPaths' as it is up-to-date.
Resolve mutations for :app:generateDebugResources (Thread[#68,included builds,5,main]) started.
:app:generateDebugResources (Thread[#68,included builds,5,main]) started.

> Task :app:generateDebugResources UP-TO-DATE
Build cache key for task ':app:generateDebugResources' is ec72dadeb739fa2b5abb289b3b2a39d4
Skipping task ':app:generateDebugResources' as it is up-to-date.
Resolve mutations for :app:mergeDebugResources (Thread[#68,included builds,5,main]) started.
:app:mergeDebugResources (Thread[#68,included builds,5,main]) started.

> Task :app:mergeDebugResources
Deleting stale output file: /app/applet/app/build/generated/res/pngs/debug
Deleting stale output file: /app/applet/app/build/intermediates/incremental/debug/mergeDebugResources
Deleting stale output file: /app/applet/app/build/intermediates/data_binding_layout_info_type_merge/debug/mergeDebugResources/out
Deleting stale output file: /app/applet/app/build/intermediates/merged_res_blame_folder/debug/mergeDebugResources/out
Deleting stale output file: /app/applet/app/build/intermediates/merged_res/debug/mergeDebugResources
Build cache key for task ':app:mergeDebugResources' is 1d6e1d7ac5bd033bdcbf53c2703aed20
Task ':app:mergeDebugResources' is not up-to-date because:
  No history is available.
The input changes require a full rebuild for incremental task ':app:mergeDebugResources'.
[MergeResources] Inputs are non-incremental full task action.
Compiling XML table /app/applet/app/build/intermediates/incremental/debug/mergeDebugResources/merged.dir/values-hi/values-hi.xml to /app/applet/app/build/intermediates/merged_res/debug/mergeDebugResources/values-hi_values-hi.arsc.flat
Compiling XML table /app/applet/app/build/intermediates/incremental/debug/mergeDebugResources/merged.dir/values/values.xml to /app/applet/app/build/intermediates/merged_res/debug/mergeDebugResources/values_values.arsc.flat
Compiling XML table /app/applet/app/build/intermediates/incremental/debug/mergeDebugResources/merged.dir/values-pt/values-pt.xml to /app/applet/app/build/intermediates/merged_res/debug/mergeDebugResources/values-pt_values-pt.arsc.flat
Compiling XML table /app/applet/app/build/intermediates/incremental/debug/mergeDebugResources/merged.dir/values-watch-v21/values-watch-v21.xml to /app/applet/app/build/intermediates/merged_res/debug/mergeDebugResources/values-watch-v21_values-watch-v21.arsc.flat
Compiling XML table /app/applet/app/build/intermediates/incremental/debug/mergeDebugResources/merged.dir/values-hr/values-hr.xml to /app/applet/app/build/intermediates/merged_res/debug/mergeDebugResources/values-hr_values-hr.arsc.flat
Compiling XML table /app/applet/app/build/intermediates/incremental/debug/mergeDebugResources/merged.dir/values-fil/values-fil.xml to /app/applet/app/build/intermediates/merged_res/debug/mergeDebugResources/values-fil_values-fil.arsc.flat
Compiling XML table /app/applet/app/build/intermediates/incremental/debug/mergeDebugResources/merged.dir/values-es-rCR/values-es-rCR.xml to /app/applet/app/build/intermediates/merged_res/debug/mergeDebugResources/values-es-rCR_values-es-rCR.arsc.flat
Compiling XML table /app/applet/app/build/intermediates/incremental/debug/mergeDebugResources/merged.dir/values-hy/values-hy.xml to /app/applet/app/build/intermediates/merged_res/debug/mergeDebugResources/values-hy_values-hy.arsc.flat
Compiling XML table /app/applet/app/build/intermediates/incremental/debug/mergeDebugResources/merged.dir/values-hu/values-hu.xml to /app/applet/app/build/intermediates/merged_res/debug/mergeDebugResources/values-hu_values-hu.arsc.flat
Compiling XML table /app/applet/app/build/intermediates/incremental/debug/mergeDebugResources/merged.dir/values-es-rDO/values-es-rDO.xml to /app/applet/app/build/intermediates/merged_res/debug/mergeDebugResources/values-es-rDO_values-es-rDO.arsc.flat
Compiling XML table /app/applet/app/build/intermediates/incremental/debug/mergeDebugResources/merged.dir/values-v18/values-v18.xml to /app/applet/app/build/intermediates/merged_res/debug/mergeDebugResources/values-v18_values-v18.arsc.flat
Compiling XML table /app/applet/app/build/intermediates/incremental/debug/mergeDebugResources/merged.dir/values-v16/values-v16.xml to /app/applet/app/build/intermediates/merged_res/debug/mergeDebugResources/values-v16_values-v16.arsc.flat
Compiling XML table /app/applet/app/build/intermediates/incremental/debug/mergeDebugResources/merged.dir/values-id/values-id.xml to /app/applet/app/build/intermediates/merged_res/debug/mergeDebugResources/values-id_values-id.arsc.flat
Compiling XML table /app/applet/app/build/intermediates/incremental/debug/mergeDebugResources/merged.dir/values-ldltr-v21/values-ldltr-v21.xml to /app/applet/app/build/intermediates/merged_res/debug/mergeDebugResources/values-ldltr-v21_values-ldltr-v21.arsc.flat
Compiling XML table /app/applet/app/build/intermediates/incremental/debug/mergeDebugResources/merged.dir/values-af/values-af.xml to /app/applet/app/build/intermediates/merged_res/debug/mergeDebugResources/values-af_values-af.arsc.flat
Compiling XML table /app/applet/app/build/intermediates/incremental/debug/mergeDebugResources/merged.dir/values-is/values-is.xml to /app/applet/app/build/intermediates/merged_res/debug/mergeDebugResources/values-is_values-is.arsc.flat
Compiling XML table /app/applet/app/build/intermediates/incremental/debug/mergeDebugResources/merged.dir/values-in/values-in.xml to /app/applet/app/build/intermediates/merged_res/debug/mergeDebugResources/values-in_values-in.arsc.flat
Compiling XML table /app/applet/app/build/intermediates/incremental/debug/mergeDebugResources/merged.dir/values-b+sr+Latn/values-b+sr+Latn.xml to /app/applet/app/build/intermediates/merged_res/debug/mergeDebugResources/values-b+sr+Latn_values-b+sr+Latn.arsc.flat
Compiling XML table /app/applet/app/build/intermediates/incremental/debug/mergeDebugResources/merged.dir/values-am/values-am.xml to /app/applet/app/build/intermediates/merged_res/debug/mergeDebugResources/values-am_values-am.arsc.flat
Compiling XML table /app/applet/app/build/intermediates/incremental/debug/mergeDebugResources/merged.dir/values-it/values-it.xml to /app/applet/app/build/intermediates/merged_res/debug/mergeDebugResources/values-it_values-it.arsc.flat
Compiling XML table /app/applet/app/build/intermediates/incremental/debug/mergeDebugResources/merged.dir/values-es-rUY/values-es-rUY.xml to /app/applet/app/build/intermediates/merged_res/debug/mergeDebugResources/values-es-rUY_values-es-rUY.arsc.flat
Compiling XML table /app/applet/app/build/intermediates/incremental/debug/mergeDebugResources/merged.dir/values-v23/values-v23.xml to /app/applet/app/build/intermediates/merged_res/debug/mergeDebugResources/values-v23_values-v23.arsc.flat
Compiling XML table /app/applet/app/build/intermediates/incremental/debug/mergeDebugResources/merged.dir/values-ar/values-ar.xml to /app/applet/app/build/intermediates/merged_res/debug/mergeDebugResources/values-ar_values-ar.arsc.flat
Compiling XML table /app/applet/app/build/intermediates/incremental/debug/mergeDebugResources/merged.dir/values-az/values-az.xml to /app/applet/app/build/intermediates/merged_res/debug/mergeDebugResources/values-az_values-az.arsc.flat
Compiling XML table /app/applet/app/build/intermediates/incremental/debug/mergeDebugResources/merged.dir/values-zh/values-zh.xml to /app/applet/app/build/intermediates/merged_res/debug/mergeDebugResources/values-zh_values-zh.arsc.flat
Compiling XML table /app/applet/app/build/intermediates/incremental/debug/mergeDebugResources/merged.dir/values-v21/values-v21.xml to /app/applet/app/build/intermediates/merged_res/debug/mergeDebugResources/values-v21_values-v21.arsc.flat
Compiling XML table /app/applet/app/build/intermediates/incremental/debug/mergeDebugResources/merged.dir/values-es-rUS/values-es-rUS.xml to /app/applet/app/build/intermediates/merged_res/debug/mergeDebugResources/values-es-rUS_values-es-rUS.arsc.flat
Compiling XML table /app/applet/app/build/intermediates/incremental/debug/mergeDebugResources/merged.dir/values-zu/values-zu.xml to /app/applet/app/build/intermediates/merged_res/debug/mergeDebugResources/values-zu_values-zu.arsc.flat
Compiling XML table /app/applet/app/build/intermediates/incremental/debug/mergeDebugResources/merged.dir/values-ja/values-ja.xml to /app/applet/app/build/intermediates/merged_res/debug/mergeDebugResources/values-ja_values-ja.arsc.flat
Compiling XML table /app/applet/app/build/intermediates/incremental/debug/mergeDebugResources/merged.dir/values-v22/values-v22.xml to /app/applet/app/build/intermediates/merged_res/debug/mergeDebugResources/values-v22_values-v22.arsc.flat
Compiling XML table /app/applet/app/build/intermediates/incremental/debug/mergeDebugResources/merged.dir/values-pt-rPT/values-pt-rPT.xml to /app/applet/app/build/intermediates/merged_res/debug/mergeDebugResources/values-pt-rPT_values-pt-rPT.arsc.flat
Compiling XML table /app/applet/app/build/intermediates/incremental/debug/mergeDebugResources/merged.dir/values-sw600dp-v13/values-sw600dp-v13.xml to /app/applet/app/build/intermediates/merged_res/debug/mergeDebugResources/values-sw600dp-v13_values-sw600dp-v13.arsc.flat
Compiling XML table /app/applet/app/build/intermediates/incremental/debug/mergeDebugResources/merged.dir/values-ru/values-ru.xml to /app/applet/app/build/intermediates/merged_res/debug/mergeDebugResources/values-ru_values-ru.arsc.flat
Compiling XML table /app/applet/app/build/intermediates/incremental/debug/mergeDebugResources/merged.dir/values-ro/values-ro.xml to /app/applet/app/build/intermediates/merged_res/debug/mergeDebugResources/values-ro_values-ro.arsc.flat
Compiling XML table /app/applet/app/build/intermediates/incremental/debug/mergeDebugResources/merged.dir/values-en-rCA/values-en-rCA.xml to /app/applet/app/build/intermediates/merged_res/debug/mergeDebugResources/values-en-rCA_values-en-rCA.arsc.flat
Compiling XML table /app/applet/app/build/intermediates/incremental/debug/mergeDebugResources/merged.dir/values-v24/values-v24.xml to /app/applet/app/build/intermediates/merged_res/debug/mergeDebugResources/values-v24_values-v24.arsc.flat
Compiling XML table /app/applet/app/build/intermediates/incremental/debug/mergeDebugResources/merged.dir/values-v26/values-v26.xml to /app/applet/app/build/intermediates/merged_res/debug/mergeDebugResources/values-v26_values-v26.arsc.flat
Compiling XML table /app/applet/app/build/intermediates/incremental/debug/mergeDebugResources/merged.dir/values-es-rAR/values-es-rAR.xml to /app/applet/app/build/intermediates/merged_res/debug/mergeDebugResources/values-es-rAR_values-es-rAR.arsc.flat
Compiling XML table /app/applet/app/build/intermediates/incremental/debug/mergeDebugResources/merged.dir/values-bg/values-bg.xml to /app/applet/app/build/intermediates/merged_res/debug/mergeDebugResources/values-bg_values-bg.arsc.flat
Compiling XML table /app/applet/app/build/intermediates/incremental/debug/mergeDebugResources/merged.dir/values-si/values-si.xml to /app/applet/app/build/intermediates/merged_res/debug/mergeDebugResources/values-si_values-si.arsc.flat
Compiling XML table /app/applet/app/build/intermediates/incremental/debug/mergeDebugResources/merged.dir/values-de-rCH/values-de-rCH.xml to /app/applet/app/build/intermediates/merged_res/debug/mergeDebugResources/values-de-rCH_values-de-rCH.arsc.flat
Compiling XML table /app/applet/app/build/intermediates/incremental/debug/mergeDebugResources/merged.dir/values-ar-rSA/values-ar-rSA.xml to /app/applet/app/build/intermediates/merged_res/debug/mergeDebugResources/values-ar-rSA_values-ar-rSA.arsc.flat
Compiling XML table /app/applet/app/build/intermediates/incremental/debug/mergeDebugResources/merged.dir/values-bs/values-bs.xml to /app/applet/app/build/intermediates/merged_res/debug/mergeDebugResources/values-bs_values-bs.arsc.flat
Compiling XML table /app/applet/app/build/intermediates/incremental/debug/mergeDebugResources/merged.dir/values-v30/values-v30.xml to /app/applet/app/build/intermediates/merged_res/debug/mergeDebugResources/values-v30_values-v30.arsc.flat
Compiling XML table /app/applet/app/build/intermediates/incremental/debug/mergeDebugResources/merged.dir/values-ca/values-ca.xml to /app/applet/app/build/intermediates/merged_res/debug/mergeDebugResources/values-ca_values-ca.arsc.flat
Compiling XML table /app/applet/app/build/intermediates/incremental/debug/mergeDebugResources/merged.dir/values-sl/values-sl.xml to /app/applet/app/build/intermediates/merged_res/debug/mergeDebugResources/values-sl_values-sl.arsc.flat
Compiling XML table /app/applet/app/build/intermediates/incremental/debug/mergeDebugResources/merged.dir/values-km/values-km.xml to /app/applet/app/build/intermediates/merged_res/debug/mergeDebugResources/values-km_values-km.arsc.flat
Compiling XML table /app/applet/app/build/intermediates/incremental/debug/mergeDebugResources/merged.dir/values-sk/values-sk.xml to /app/applet/app/build/intermediates/merged_res/debug/mergeDebugResources/values-sk_values-sk.arsc.flat
Compiling XML table /app/applet/app/build/intermediates/incremental/debug/mergeDebugResources/merged.dir/values-en-rSG/values-en-rSG.xml to /app/applet/app/build/intermediates/merged_res/debug/mergeDebugResources/values-en-rSG_values-en-rSG.arsc.flat
Compiling XML table /app/applet/app/build/intermediates/incremental/debug/mergeDebugResources/merged.dir/values-kn/values-kn.xml to /app/applet/app/build/intermediates/merged_res/debug/mergeDebugResources/values-kn_values-kn.arsc.flat
Compiling XML table /app/applet/app/build/intermediates/incremental/debug/mergeDebugResources/merged.dir/values-sw/values-sw.xml to /app/applet/app/build/intermediates/merged_res/debug/mergeDebugResources/values-sw_values-sw.arsc.flat
Compiling XML table /app/applet/app/build/intermediates/incremental/debug/mergeDebugResources/merged.dir/values-sr/values-sr.xml to /app/applet/app/build/intermediates/merged_res/debug/mergeDebugResources/values-sr_values-sr.arsc.flat
Compiling XML table /app/applet/app/build/intermediates/incremental/debug/mergeDebugResources/merged.dir/values-watch-v20/values-watch-v20.xml to /app/applet/app/build/intermediates/merged_res/debug/mergeDebugResources/values-watch-v20_values-watch-v20.arsc.flat
Compiling XML table /app/applet/app/build/intermediates/incremental/debug/mergeDebugResources/merged.dir/values-ta/values-ta.xml to /app/applet/app/build/intermediates/merged_res/debug/mergeDebugResources/values-ta_values-ta.arsc.flat
Compiling XML table /app/applet/app/build/intermediates/incremental/debug/mergeDebugResources/merged.dir/values-pt-rBR/values-pt-rBR.xml to /app/applet/app/build/intermediates/merged_res/debug/mergeDebugResources/values-pt-rBR_values-pt-rBR.arsc.flat
Compiling XML table /app/applet/app/build/intermediates/incremental/debug/mergeDebugResources/merged.dir/values-gsw/values-gsw.xml to /app/applet/app/build/intermediates/merged_res/debug/mergeDebugResources/values-gsw_values-gsw.arsc.flat
Compiling XML table /app/applet/app/build/intermediates/incremental/debug/mergeDebugResources/merged.dir/values-sv/values-sv.xml to /app/applet/app/build/intermediates/merged_res/debug/mergeDebugResources/values-sv_values-sv.arsc.flat
Compiling XML table /app/applet/app/build/intermediates/incremental/debug/mergeDebugResources/merged.dir/values-es-rBO/values-es-rBO.xml to /app/applet/app/build/intermediates/merged_res/debug/mergeDebugResources/values-es-rBO_values-es-rBO.arsc.flat
Compiling XML table /app/applet/app/build/intermediates/incremental/debug/mergeDebugResources/merged.dir/values-cs/values-cs.xml to /app/applet/app/build/intermediates/merged_res/debug/mergeDebugResources/values-cs_values-cs.arsc.flat
Compiling XML table /app/applet/app/build/intermediates/incremental/debug/mergeDebugResources/merged.dir/values-h720dp-v13/values-h720dp-v13.xml to /app/applet/app/build/intermediates/merged_res/debug/mergeDebugResources/values-h720dp-v13_values-h720dp-v13.arsc.flat
Compiling XML table /app/applet/app/build/intermediates/incremental/debug/mergeDebugResources/merged.dir/values-th/values-th.xml to /app/applet/app/build/intermediates/merged_res/debug/mergeDebugResources/values-th_values-th.arsc.flat
Compiling XML table /app/applet/app/build/intermediates/incremental/debug/mergeDebugResources/merged.dir/values-tl/values-tl.xml to /app/applet/app/build/intermediates/merged_res/debug/mergeDebugResources/values-tl_values-tl.arsc.flat
Compiling XML table /app/applet/app/build/intermediates/incremental/debug/mergeDebugResources/merged.dir/values-ar-rEG/values-ar-rEG.xml to /app/applet/app/build/intermediates/merged_res/debug/mergeDebugResources/values-ar-rEG_values-ar-rEG.arsc.flat
Compiling XML table /app/applet/app/build/intermediates/incremental/debug/mergeDebugResources/merged.dir/values-v17/values-v17.xml to /app/applet/app/build/intermediates/merged_res/debug/mergeDebugResources/values-v17_values-v17.arsc.flat
Compiling XML table /app/applet/app/build/intermediates/incremental/debug/mergeDebugResources/merged.dir/values-da/values-da.xml to /app/applet/app/build/intermediates/merged_res/debug/mergeDebugResources/values-da_values-da.arsc.flat
Compiling XML table /app/applet/app/build/intermediates/incremental/debug/mergeDebugResources/merged.dir/values-zh-rHK/values-zh-rHK.xml to /app/applet/app/build/intermediates/merged_res/debug/mergeDebugResources/values-zh-rHK_values-zh-rHK.arsc.flat
Compiling XML table /app/applet/app/build/intermediates/incremental/debug/mergeDebugResources/merged.dir/values-es-rCO/values-es-rCO.xml to /app/applet/app/build/intermediates/merged_res/debug/mergeDebugResources/values-es-rCO_values-es-rCO.arsc.flat
Compiling XML table /app/applet/app/build/intermediates/incremental/debug/mergeDebugResources/merged.dir/values-iw/values-iw.xml to /app/applet/app/build/intermediates/merged_res/debug/mergeDebugResources/values-iw_values-iw.arsc.flat
Compiling XML table /app/applet/app/build/intermediates/incremental/debug/mergeDebugResources/merged.dir/values-de/values-de.xml to /app/applet/app/build/intermediates/merged_res/debug/mergeDebugResources/values-de_values-de.arsc.flat
Compiling XML table /app/applet/app/build/intermediates/incremental/debug/mergeDebugResources/merged.dir/values-es-rSV/values-es-rSV.xml to /app/applet/app/build/intermediates/merged_res/debug/mergeDebugResources/values-es-rSV_values-es-rSV.arsc.flat
Compiling XML table /app/applet/app/build/intermediates/incremental/debug/mergeDebugResources/merged.dir/values-es-rPA/values-es-rPA.xml to /app/applet/app/build/intermediates/merged_res/debug/mergeDebugResources/values-es-rPA_values-es-rPA.arsc.flat
Compiling XML table /app/applet/app/build/intermediates/incremental/debug/mergeDebugResources/merged.dir/values-xlarge-v4/values-xlarge-v4.xml to /app/applet/app/build/intermediates/merged_res/debug/mergeDebugResources/values-xlarge-v4_values-xlarge-v4.arsc.flat
Compiling XML table /app/applet/app/build/intermediates/incremental/debug/mergeDebugResources/merged.dir/values-lt/values-lt.xml to /app/applet/app/build/intermediates/merged_res/debug/mergeDebugResources/values-lt_values-lt.arsc.flat
Compiling XML table /app/applet/app/build/intermediates/incremental/debug/mergeDebugResources/merged.dir/values-en-rAU/values-en-rAU.xml to /app/applet/app/build/intermediates/merged_res/debug/mergeDebugResources/values-en-rAU_values-en-rAU.arsc.flat
Compiling XML table /app/applet/app/build/intermediates/incremental/debug/mergeDebugResources/merged.dir/values-as/values-as.xml to /app/applet/app/build/intermediates/merged_res/debug/mergeDebugResources/values-as_values-as.arsc.flat
Compiling XML table /app/applet/app/build/intermediates/incremental/debug/mergeDebugResources/merged.dir/values-en-rZA/values-en-rZA.xml to /app/applet/app/build/intermediates/merged_res/debug/mergeDebugResources/values-en-rZA_values-en-rZA.arsc.flat
Compiling XML table /app/applet/app/build/intermediates/incremental/debug/mergeDebugResources/merged.dir/values-en-rIN/values-en-rIN.xml to /app/applet/app/build/intermediates/merged_res/debug/mergeDebugResources/values-en-rIN_values-en-rIN.arsc.flat
Compiling XML table /app/applet/app/build/intermediates/incremental/debug/mergeDebugResources/merged.dir/values-es-rGT/values-es-rGT.xml to /app/applet/app/build/intermediates/merged_res/debug/mergeDebugResources/values-es-rGT_values-es-rGT.arsc.flat
Compiling XML table /app/applet/app/build/intermediates/incremental/debug/mergeDebugResources/merged.dir/values-es-rPR/values-es-rPR.xml to /app/applet/app/build/intermediates/merged_res/debug/mergeDebugResources/values-es-rPR_values-es-rPR.arsc.flat
Compiling XML table /app/applet/app/build/intermediates/incremental/debug/mergeDebugResources/merged.dir/values-es-rPE/values-es-rPE.xml to /app/applet/app/build/intermediates/merged_res/debug/mergeDebugResources/values-es-rPE_values-es-rPE.arsc.flat
Compiling XML table /app/applet/app/build/intermediates/incremental/debug/mergeDebugResources/merged.dir/values-es-rPY/values-es-rPY.xml to /app/applet/app/build/intermediates/merged_res/debug/mergeDebugResources/values-es-rPY_values-es-rPY.arsc.flat
Compiling XML table /app/applet/app/build/intermediates/incremental/debug/mergeDebugResources/merged.dir/values-ml/values-ml.xml to /app/applet/app/build/intermediates/merged_res/debug/mergeDebugResources/values-ml_values-ml.arsc.flat
Compiling XML table /app/applet/app/build/intermediates/incremental/debug/mergeDebugResources/merged.dir/values-uk/values-uk.xml to /app/applet/app/build/intermediates/merged_res/debug/mergeDebugResources/values-uk_values-uk.arsc.flat
Compiling XML table /app/applet/app/build/intermediates/incremental/debug/mergeDebugResources/merged.dir/values-es-rEC/values-es-rEC.xml to /app/applet/app/build/intermediates/merged_res/debug/mergeDebugResources/values-es-rEC_values-es-rEC.arsc.flat
Compiling XML table /app/applet/app/build/intermediates/incremental/debug/mergeDebugResources/merged.dir/values-v25/values-v25.xml to /app/applet/app/build/intermediates/merged_res/debug/mergeDebugResources/values-v25_values-v25.arsc.flat
Compiling XML table /app/applet/app/build/intermediates/incremental/debug/mergeDebugResources/merged.dir/values-en-rIE/values-en-rIE.xml to /app/applet/app/build/intermediates/merged_res/debug/mergeDebugResources/values-en-rIE_values-en-rIE.arsc.flat
Compiling XML table /app/applet/app/build/intermediates/incremental/debug/mergeDebugResources/merged.dir/values-mk/values-mk.xml to /app/applet/app/build/intermediates/merged_res/debug/mergeDebugResources/values-mk_values-mk.arsc.flat
Compiling XML table /app/applet/app/build/intermediates/incremental/debug/mergeDebugResources/merged.dir/values-es-rMX/values-es-rMX.xml to /app/applet/app/build/intermediates/merged_res/debug/mergeDebugResources/values-es-rMX_values-es-rMX.arsc.flat
Compiling XML table /app/applet/app/build/intermediates/incremental/debug/mergeDebugResources/merged.dir/values-v28/values-v28.xml to /app/applet/app/build/intermediates/merged_res/debug/mergeDebugResources/values-v28_values-v28.arsc.flat
Compiling XML table /app/applet/app/build/intermediates/incremental/debug/mergeDebugResources/merged.dir/values-be/values-be.xml to /app/applet/app/build/intermediates/merged_res/debug/mergeDebugResources/values-be_values-be.arsc.flat
Compiling XML table /app/applet/app/build/intermediates/incremental/debug/mergeDebugResources/merged.dir/values-es-rHN/values-es-rHN.xml to /app/applet/app/build/intermediates/merged_res/debug/mergeDebugResources/values-es-rHN_values-es-rHN.arsc.flat
Compiling XML table /app/applet/app/build/intermediates/incremental/debug/mergeDebugResources/merged.dir/values-mr/values-mr.xml to /app/applet/app/build/intermediates/merged_res/debug/mergeDebugResources/values-mr_values-mr.arsc.flat
Compiling XML table /app/applet/app/build/intermediates/incremental/debug/mergeDebugResources/merged.dir/values-uz/values-uz.xml to /app/applet/app/build/intermediates/merged_res/debug/mergeDebugResources/values-uz_values-uz.arsc.flat
Compiling XML table /app/applet/app/build/intermediates/incremental/debug/mergeDebugResources/merged.dir/values-mo/values-mo.xml to /app/applet/app/build/intermediates/merged_res/debug/mergeDebugResources/values-mo_values-mo.arsc.flat
Compiling XML table /app/applet/app/build/intermediates/incremental/debug/mergeDebugResources/merged.dir/values-ms/values-ms.xml to /app/applet/app/build/intermediates/merged_res/debug/mergeDebugResources/values-ms_values-ms.arsc.flat
Compiling XML table /app/applet/app/build/intermediates/incremental/debug/mergeDebugResources/merged.dir/values-zh-rTW/values-zh-rTW.xml to /app/applet/app/build/intermediates/merged_res/debug/mergeDebugResources/values-zh-rTW_values-zh-rTW.arsc.flat
Compiling XML table /app/applet/app/build/intermediates/incremental/debug/mergeDebugResources/merged.dir/values-es/values-es.xml to /app/applet/app/build/intermediates/merged_res/debug/mergeDebugResources/values-es_values-es.arsc.flat
Compiling XML table /app/applet/app/build/intermediates/incremental/debug/mergeDebugResources/merged.dir/values-bn/values-bn.xml to /app/applet/app/build/intermediates/merged_res/debug/mergeDebugResources/values-bn_values-bn.arsc.flat
Compiling XML table /app/applet/app/build/intermediates/incremental/debug/mergeDebugResources/merged.dir/values-el/values-el.xml to /app/applet/app/build/intermediates/merged_res/debug/mergeDebugResources/values-el_values-el.arsc.flat
Compiling XML table /app/applet/app/build/intermediates/incremental/debug/mergeDebugResources/merged.dir/values-eu/values-eu.xml to /app/applet/app/build/intermediates/merged_res/debug/mergeDebugResources/values-eu_values-eu.arsc.flat
Compiling XML table /app/applet/app/build/intermediates/incremental/debug/mergeDebugResources/merged.dir/values-nb/values-nb.xml to /app/applet/app/build/intermediates/merged_res/debug/mergeDebugResources/values-nb_values-nb.arsc.flat
Compiling XML table /app/applet/app/build/intermediates/incremental/debug/mergeDebugResources/merged.dir/values-ka/values-ka.xml to /app/applet/app/build/intermediates/merged_res/debug/mergeDebugResources/values-ka_values-ka.arsc.flat
Compiling XML table /app/applet/app/build/intermediates/incremental/debug/mergeDebugResources/merged.dir/values-night-v8/values-night-v8.xml to /app/applet/app/build/intermediates/merged_res/debug/mergeDebugResources/values-night-v8_values-night-v8.arsc.flat
Compiling XML table /app/applet/app/build/intermediates/incremental/debug/mergeDebugResources/merged.dir/values-et/values-et.xml to /app/applet/app/build/intermediates/merged_res/debug/mergeDebugResources/values-et_values-et.arsc.flat
Compiling XML table /app/applet/app/build/intermediates/incremental/debug/mergeDebugResources/merged.dir/values-nl/values-nl.xml to /app/applet/app/build/intermediates/merged_res/debug/mergeDebugResources/values-nl_values-nl.arsc.flat
Compiling XML table /app/applet/app/build/intermediates/incremental/debug/mergeDebugResources/merged.dir/values-fa/values-fa.xml to /app/applet/app/build/intermediates/merged_res/debug/mergeDebugResources/values-fa_values-fa.arsc.flat
Compiling XML table /app/applet/app/build/intermediates/incremental/debug/mergeDebugResources/merged.dir/values-en-rXC/values-en-rXC.xml to /app/applet/app/build/intermediates/merged_res/debug/mergeDebugResources/values-en-rXC_values-en-rXC.arsc.flat
Compiling XML table /app/applet/app/build/intermediates/incremental/debug/mergeDebugResources/merged.dir/values-port/values-port.xml to /app/applet/app/build/intermediates/merged_res/debug/mergeDebugResources/values-port_values-port.arsc.flat
Compiling XML table /app/applet/app/build/intermediates/incremental/debug/mergeDebugResources/merged.dir/values-fr-rCH/values-fr-rCH.xml to /app/applet/app/build/intermediates/merged_res/debug/mergeDebugResources/values-fr-rCH_values-fr-rCH.arsc.flat
Compiling XML table /app/applet/app/build/intermediates/incremental/debug/mergeDebugResources/merged.dir/values-fi/values-fi.xml to /app/applet/app/build/intermediates/merged_res/debug/mergeDebugResources/values-fi_values-fi.arsc.flat
Compiling XML table /app/applet/app/build/intermediates/incremental/debug/mergeDebugResources/merged.dir/values-large-v4/values-large-v4.xml to /app/applet/app/build/intermediates/merged_res/debug/mergeDebugResources/values-large-v4_values-large-v4.arsc.flat
Compiling XML table /app/applet/app/build/intermediates/incremental/debug/mergeDebugResources/merged.dir/values-or/values-or.xml to /app/applet/app/build/intermediates/merged_res/debug/mergeDebugResources/values-or_values-or.arsc.flat
Compiling XML table /app/applet/app/build/intermediates/incremental/debug/mergeDebugResources/merged.dir/values-no/values-no.xml to /app/applet/app/build/intermediates/merged_res/debug/mergeDebugResources/values-no_values-no.arsc.flat
Compiling XML table /app/applet/app/build/intermediates/incremental/debug/mergeDebugResources/merged.dir/values-es-rNI/values-es-rNI.xml to /app/applet/app/build/intermediates/merged_res/debug/mergeDebugResources/values-es-rNI_values-es-rNI.arsc.flat
Compiling XML table /app/applet/app/build/intermediates/incremental/debug/mergeDebugResources/merged.dir/values-en-rGB/values-en-rGB.xml to /app/applet/app/build/intermediates/merged_res/debug/mergeDebugResources/values-en-rGB_values-en-rGB.arsc.flat
Compiling XML table /app/applet/app/build/intermediates/incremental/debug/mergeDebugResources/merged.dir/values-sq/values-sq.xml to /app/applet/app/build/intermediates/merged_res/debug/mergeDebugResources/values-sq_values-sq.arsc.flat
Compiling XML table /app/applet/app/build/intermediates/incremental/debug/mergeDebugResources/merged.dir/values-b+es+419/values-b+es+419.xml to /app/applet/app/build/intermediates/merged_res/debug/mergeDebugResources/values-b+es+419_values-b+es+419.arsc.flat
Compiling XML table /app/applet/app/build/intermediates/incremental/debug/mergeDebugResources/merged.dir/values-he/values-he.xml to /app/applet/app/build/intermediates/merged_res/debug/mergeDebugResources/values-he_values-he.arsc.flat
Compiling XML table /app/applet/app/build/intermediates/incremental/debug/mergeDebugResources/merged.dir/values-kk/values-kk.xml to /app/applet/app/build/intermediates/merged_res/debug/mergeDebugResources/values-kk_values-kk.arsc.flat
Compiling file /app/applet/app/src/main/res/mipmap-xhdpi/ic_launcher_round.webp to /app/applet/app/build/intermediates/merged_res/debug/mergeDebugResources/mipmap-xhdpi_ic_launcher_round.webp.flat
Compiling XML table /app/applet/app/build/intermediates/incremental/debug/mergeDebugResources/merged.dir/values-pa/values-pa.xml to /app/applet/app/build/intermediates/merged_res/debug/mergeDebugResources/values-pa_values-pa.arsc.flat
Compiling XML table /app/applet/app/build/intermediates/incremental/debug/mergeDebugResources/merged.dir/values-ko/values-ko.xml to /app/applet/app/build/intermediates/merged_res/debug/mergeDebugResources/values-ko_values-ko.arsc.flat
Compiling xml file /app/applet/app/src/main/res/xml/file_paths.xml to /app/applet/app/build/intermediates/merged_res/debug/mergeDebugResources/xml_file_paths.xml.flat
Compiling XML table /app/applet/app/build/intermediates/incremental/debug/mergeDebugResources/merged.dir/values-fr/values-fr.xml to /app/applet/app/build/intermediates/merged_res/debug/mergeDebugResources/values-fr_values-fr.arsc.flat
Compiling XML table /app/applet/app/build/intermediates/incremental/debug/mergeDebugResources/merged.dir/values-ky/values-ky.xml to /app/applet/app/build/intermediates/merged_res/debug/mergeDebugResources/values-ky_values-ky.arsc.flat
Compiling XML table /app/applet/app/build/intermediates/incremental/debug/mergeDebugResources/merged.dir/values-land/values-land.xml to /app/applet/app/build/intermediates/merged_res/debug/mergeDebugResources/values-land_values-land.arsc.flat
Compiling XML table /app/applet/app/build/intermediates/incremental/debug/mergeDebugResources/merged.dir/values-gu/values-gu.xml to /app/applet/app/build/intermediates/merged_res/debug/mergeDebugResources/values-gu_values-gu.arsc.flat
Compiling file /app/applet/app/src/main/res/font/google_sans_rounded_bold.ttf to /app/applet/app/build/intermediates/merged_res/debug/mergeDebugResources/font_google_sans_rounded_bold.ttf.flat
Compiling xml file /app/applet/app/src/main/res/drawable/ic_launcher_background.xml to /app/applet/app/build/intermediates/merged_res/debug/mergeDebugResources/drawable_ic_launcher_background.xml.flat
Compiling xml file /app/applet/app/src/main/res/mipmap-anydpi-v26/ic_launcher_round.xml to /app/applet/app/build/intermediates/merged_res/debug/mergeDebugResources/mipmap-anydpi-v26_ic_launcher_round.xml.flat
Compiling XML table /app/applet/app/build/intermediates/incremental/debug/mergeDebugResources/merged.dir/values-te/values-te.xml to /app/applet/app/build/intermediates/merged_res/debug/mergeDebugResources/values-te_values-te.arsc.flat
Compiling file /app/applet/app/src/main/res/mipmap-xhdpi/ic_launcher.webp to /app/applet/app/build/intermediates/merged_res/debug/mergeDebugResources/mipmap-xhdpi_ic_launcher.webp.flat
Compiling file /app/applet/app/src/main/res/mipmap-hdpi/ic_launcher.webp to /app/applet/app/build/intermediates/merged_res/debug/mergeDebugResources/mipmap-hdpi_ic_launcher.webp.flat
Compiling file /app/applet/app/src/main/res/mipmap-mdpi/ic_launcher_round.webp to /app/applet/app/build/intermediates/merged_res/debug/mergeDebugResources/mipmap-mdpi_ic_launcher_round.webp.flat
Compiling file /app/applet/app/src/main/res/mipmap-xxhdpi/ic_launcher_round.webp to /app/applet/app/build/intermediates/merged_res/debug/mergeDebugResources/mipmap-xxhdpi_ic_launcher_round.webp.flat
Compiling file /app/applet/app/src/main/res/mipmap-mdpi/ic_launcher.webp to /app/applet/app/build/intermediates/merged_res/debug/mergeDebugResources/mipmap-mdpi_ic_launcher.webp.flat
Compiling file /app/applet/app/src/main/res/mipmap-hdpi/ic_launcher_round.webp to /app/applet/app/build/intermediates/merged_res/debug/mergeDebugResources/mipmap-hdpi_ic_launcher_round.webp.flat
Compiling file /app/applet/app/src/main/res/mipmap-xxhdpi/ic_launcher.webp to /app/applet/app/build/intermediates/merged_res/debug/mergeDebugResources/mipmap-xxhdpi_ic_launcher.webp.flat

Resolve mutations for :app:packageDebugResources (Thread[#71,Execution worker Thread 3,5,main]) started.
:app:packageDebugResources (Thread[#71,Execution worker Thread 3,5,main]) started.

> Task :app:packageDebugResources UP-TO-DATE
Invalidating in-memory cache of /app/applet/.gradle/buildOutputCleanup/outputFiles.bin
Invalidating in-memory cache of /app/applet/.gradle/9.3.1/fileHashes/fileHashes.bin
Invalidating in-memory cache of /app/applet/.gradle/9.3.1/fileHashes/resourceHashesCache.bin
Build cache key for task ':app:packageDebugResources' is 3ccd9907ad8cb95a24fd0af42a68ea09
Skipping task ':app:packageDebugResources' as it is up-to-date.
Resolve mutations for :app:parseDebugLocalResources (Thread[#71,Execution worker Thread 3,5,main]) started.
:app:parseDebugLocalResources (Thread[#71,Execution worker Thread 3,5,main]) started.

> Task :app:mergeDebugResources
Compiling file /app/applet/app/src/main/res/font/google_sans_rounded_medium.ttf to /app/applet/app/build/intermediates/merged_res/debug/mergeDebugResources/font_google_sans_rounded_medium.ttf.flat
Compiling XML table /app/applet/app/build/intermediates/incremental/debug/mergeDebugResources/merged.dir/values-es-rCL/values-es-rCL.xml to /app/applet/app/build/intermediates/merged_res/debug/mergeDebugResources/values-es-rCL_values-es-rCL.arsc.flat
Compiling file /app/applet/app/src/main/res/mipmap-xxxhdpi/ic_launcher.webp to /app/applet/app/build/intermediates/merged_res/debug/mergeDebugResources/mipmap-xxxhdpi_ic_launcher.webp.flat
Compiling xml file /app/applet/app/src/main/res/font/google_sans_rounded.xml to /app/applet/app/build/intermediates/merged_res/debug/mergeDebugResources/font_google_sans_rounded.xml.flat
Compiling xml file /app/applet/app/src/main/res/xml/data_extraction_rules.xml to /app/applet/app/build/intermediates/merged_res/debug/mergeDebugResources/xml_data_extraction_rules.xml.flat
Compiling XML table /app/applet/app/build/intermediates/incremental/debug/mergeDebugResources/merged.dir/values-tr/values-tr.xml to /app/applet/app/build/intermediates/merged_res/debug/mergeDebugResources/values-tr_values-tr.arsc.flat
Compiling XML table /app/applet/app/build/intermediates/incremental/debug/mergeDebugResources/merged.dir/values-lo/values-lo.xml to /app/applet/app/build/intermediates/merged_res/debug/mergeDebugResources/values-lo_values-lo.arsc.flat
Compiling XML table /app/applet/app/build/intermediates/incremental/debug/mergeDebugResources/merged.dir/values-lv/values-lv.xml to /app/applet/app/build/intermediates/merged_res/debug/mergeDebugResources/values-lv_values-lv.arsc.flat
Compiling XML table /app/applet/app/build/intermediates/incremental/debug/mergeDebugResources/merged.dir/values-de-rAT/values-de-rAT.xml to /app/applet/app/build/intermediates/merged_res/debug/mergeDebugResources/values-de-rAT_values-de-rAT.arsc.flat
Compiling XML table /app/applet/app/build/intermediates/incremental/debug/mergeDebugResources/merged.dir/values-ur/values-ur.xml to /app/applet/app/build/intermediates/merged_res/debug/mergeDebugResources/values-ur_values-ur.arsc.flat
Compiling XML table /app/applet/app/build/intermediates/incremental/debug/mergeDebugResources/merged.dir/values-mn/values-mn.xml to /app/applet/app/build/intermediates/merged_res/debug/mergeDebugResources/values-mn_values-mn.arsc.flat
Compiling XML table /app/applet/app/build/intermediates/incremental/debug/mergeDebugResources/merged.dir/values-fr-rCA/values-fr-rCA.xml to /app/applet/app/build/intermediates/merged_res/debug/mergeDebugResources/values-fr-rCA_values-fr-rCA.arsc.flat
Compiling XML table /app/applet/app/build/intermediates/incremental/debug/mergeDebugResources/merged.dir/values-my/values-my.xml to /app/applet/app/build/intermediates/merged_res/debug/mergeDebugResources/values-my_values-my.arsc.flat
Compiling XML table /app/applet/app/build/intermediates/incremental/debug/mergeDebugResources/merged.dir/values-vi/values-vi.xml to /app/applet/app/build/intermediates/merged_res/debug/mergeDebugResources/values-vi_values-vi.arsc.flat
Compiling XML table /app/applet/app/build/intermediates/incremental/debug/mergeDebugResources/merged.dir/values-ne/values-ne.xml to /app/applet/app/build/intermediates/merged_res/debug/mergeDebugResources/values-ne_values-ne.arsc.flat
Compiling XML table /app/applet/app/build/intermediates/incremental/debug/mergeDebugResources/merged.dir/values-zh-rCN/values-zh-rCN.xml to /app/applet/app/build/intermediates/merged_res/debug/mergeDebugResources/values-zh-rCN_values-zh-rCN.arsc.flat
Compiling XML table /app/applet/app/build/intermediates/incremental/debug/mergeDebugResources/merged.dir/values-es-rVE/values-es-rVE.xml to /app/applet/app/build/intermediates/merged_res/debug/mergeDebugResources/values-es-rVE_values-es-rVE.arsc.flat
Compiling XML table /app/applet/app/build/intermediates/incremental/debug/mergeDebugResources/merged.dir/values-hdpi-v4/values-hdpi-v4.xml to /app/applet/app/build/intermediates/merged_res/debug/mergeDebugResources/values-hdpi-v4_values-hdpi-v4.arsc.flat
Compiling XML table /app/applet/app/build/intermediates/incremental/debug/mergeDebugResources/merged.dir/values-gl/values-gl.xml to /app/applet/app/build/intermediates/merged_res/debug/mergeDebugResources/values-gl_values-gl.arsc.flat
Compiling XML table /app/applet/app/build/intermediates/incremental/debug/mergeDebugResources/merged.dir/values-pl/values-pl.xml to /app/applet/app/build/intermediates/merged_res/debug/mergeDebugResources/values-pl_values-pl.arsc.flat
Compiling xml file /app/applet/app/src/main/res/mipmap-anydpi-v26/ic_launcher.xml to /app/applet/app/build/intermediates/merged_res/debug/mergeDebugResources/mipmap-anydpi-v26_ic_launcher.xml.flat
Compiling xml file /app/applet/app/src/main/res/drawable/ic_launcher_foreground.xml to /app/applet/app/build/intermediates/merged_res/debug/mergeDebugResources/drawable_ic_launcher_foreground.xml.flat
Compiling xml file /app/applet/app/src/main/res/xml/backup_rules.xml to /app/applet/app/build/intermediates/merged_res/debug/mergeDebugResources/xml_backup_rules.xml.flat
Compiling file /app/applet/app/src/main/res/font/google_sans_rounded_regular.ttf to /app/applet/app/build/intermediates/merged_res/debug/mergeDebugResources/font_google_sans_rounded_regular.ttf.flat
Compiling file /app/applet/app/src/main/res/mipmap-xxxhdpi/ic_launcher_round.webp to /app/applet/app/build/intermediates/merged_res/debug/mergeDebugResources/mipmap-xxxhdpi_ic_launcher_round.webp.flat
Stored cache entry for task ':app:mergeDebugResources' with cache key 1d6e1d7ac5bd033bdcbf53c2703aed20

> Task :app:parseDebugLocalResources
Invalidating in-memory cache of /opt/gradle/.gradle/caches/journal-1/file-access.bin
Build cache key for PlatformAttrTransform: /opt/android/sdk/platforms/android-35/android.jar is 40269067bd8fbe72e4e1323bcb8064f4
Stored cache entry for PlatformAttrTransform: /opt/android/sdk/platforms/android-35/android.jar with cache key 40269067bd8fbe72e4e1323bcb8064f4
Build cache key for task ':app:parseDebugLocalResources' is ddb0eb794df1de4bc1cf98a0f3687f19
Task ':app:parseDebugLocalResources' is not up-to-date because:
  No history is available.
The input changes require a full rebuild for incremental task ':app:parseDebugLocalResources'.

Resolve mutations for :app:createDebugCompatibleScreenManifests (Thread[#68,included builds,5,main]) started.
:app:createDebugCompatibleScreenManifests (Thread[#68,included builds,5,main]) started.

> Task :app:createDebugCompatibleScreenManifests
Caching disabled for task ':app:createDebugCompatibleScreenManifests' because:
  Caching has been disabled for the task
Task ':app:createDebugCompatibleScreenManifests' is not up-to-date because:
  No history is available.
Resolve mutations for :app:extractDeepLinksDebug (Thread[#68,included builds,5,main]) started.
:app:extractDeepLinksDebug (Thread[#68,included builds,5,main]) started.

> Task :app:extractDeepLinksDebug
Build cache key for task ':app:extractDeepLinksDebug' is e4b1ccb37f8dccb317783e64c6b631fa
Task ':app:extractDeepLinksDebug' is not up-to-date because:
  No history is available.
Stored cache entry for task ':app:extractDeepLinksDebug' with cache key e4b1ccb37f8dccb317783e64c6b631fa
Resolve mutations for :app:processDebugMainManifest (Thread[#68,included builds,5,main]) started.
:app:processDebugMainManifest (Thread[#68,included builds,5,main]) started.

> Task :app:parseDebugLocalResources
Stored cache entry for task ':app:parseDebugLocalResources' with cache key ddb0eb794df1de4bc1cf98a0f3687f19

> Task :app:processDebugMainManifest
Caching disabled for AarTransform: /opt/gradle/.gradle/caches/9.3.1/transforms/fe3731a192d8ca92661f007c35e28479/transformed/jetified-accompanist-permissions-0.37.3 because:
  Caching not enabled.
Caching disabled for AarTransform: /opt/gradle/.gradle/caches/9.3.1/transforms/010c67cb3e1ab3b16d25adf314da8c8e/transformed/navigation-common-2.8.9 because:
  Caching not enabled.
Caching disabled for AarTransform: /opt/gradle/.gradle/caches/9.3.1/transforms/5730a3308c13524e1e52aeae78342c0f/transformed/navigation-runtime-ktx-2.8.9 because:
  Caching not enabled.
Caching disabled for AarTransform: /opt/gradle/.gradle/caches/9.3.1/transforms/ad77a35617a7e82aad30508f3fe3c15c/transformed/navigation-common-ktx-2.8.9 because:
  Caching not enabled.
Caching disabled for AarTransform: /opt/gradle/.gradle/caches/9.3.1/transforms/2b8b32e53ee239f9be6175cb7c25ce53/transformed/jetified-navigation-compose-2.8.9 because:
  Caching not enabled.
Caching disabled for AarTransform: /opt/gradle/.gradle/caches/9.3.1/transforms/95db0b52fba8b9c3dde84491527c506c/transformed/jetified-coil-compose-2.7.0 because:
  Caching not enabled.
Caching disabled for AarTransform: /opt/gradle/.gradle/caches/9.3.1/transforms/f041467065e13580412693a4e57846b2/transformed/jetified-material3-release because:
  Caching not enabled.
Caching disabled for AarTransform: /opt/gradle/.gradle/caches/9.3.1/transforms/cfc60be1cc7f19b1b84b50684e8a0e0b/transformed/jetified-coil-compose-base-2.7.0 because:
  Caching not enabled.
Caching disabled for AarTransform: /opt/gradle/.gradle/caches/9.3.1/transforms/8b9cba14ec8d3d8cbe82579a96230507/transformed/jetified-material-release because:
  Caching not enabled.
Caching disabled for AarTransform: /opt/gradle/.gradle/caches/9.3.1/transforms/7c35b0883b95e56c9d6d8116222c4c20/transformed/jetified-animation-core-release because:
  Caching not enabled.
Caching disabled for AarTransform: /opt/gradle/.gradle/caches/9.3.1/transforms/6192ec08ad811037f8f9ff1cb6d8d09a/transformed/jetified-material-ripple-release because:
  Caching not enabled.
Caching disabled for AarTransform: /opt/gradle/.gradle/caches/9.3.1/transforms/44bc905b3c71aa3fa94d118cb9c4f9aa/transformed/jetified-animation-release because:
  Caching not enabled.
Caching disabled for AarTransform: /opt/gradle/.gradle/caches/9.3.1/transforms/9a36407d09695d33c237ab79125b7368/transformed/jetified-foundation-layout-release because:
  Caching not enabled.
Caching disabled for AarTransform: /opt/gradle/.gradle/caches/9.3.1/transforms/03bf141e5fa203534be0861f59c8c20c/transformed/jetified-ui-tooling-data-release because:
  Caching not enabled.
Caching disabled for AarTransform: /opt/gradle/.gradle/caches/9.3.1/transforms/464177ec0cf82891e9b7c52969da83da/transformed/jetified-foundation-release because:
  Caching not enabled.
Caching disabled for AarTransform: /opt/gradle/.gradle/caches/9.3.1/transforms/6075ccedffa94b491d41fd0379b824e8/transformed/jetified-ui-unit-release because:
  Caching not enabled.
Caching disabled for AarTransform: /opt/gradle/.gradle/caches/9.3.1/transforms/068d5d7971da98df14f05e1eba4e218d/transformed/jetified-ui-geometry-release because:
  Caching not enabled.
Caching disabled for AarTransform: /opt/gradle/.gradle/caches/9.3.1/transforms/e7626449f1cad337b87655d507a5a69d/transformed/jetified-ui-util-release because:
  Caching not enabled.
Caching disabled for AarTransform: /opt/gradle/.gradle/caches/9.3.1/transforms/fe2056f497426a6bf09dec5cc6ee5fdc/transformed/jetified-ui-text-release because:
  Caching not enabled.
Caching disabled for AarTransform: /opt/gradle/.gradle/caches/9.3.1/transforms/b8ba0e84758186a9432b41489d15f017/transformed/jetified-ui-tooling-preview-release because:
  Caching not enabled.
Caching disabled for AarTransform: /opt/gradle/.gradle/caches/9.3.1/transforms/c86985a243eee53c0fea678b2319b968/transformed/jetified-ui-tooling-release because:
  Caching not enabled.
Caching disabled for AarTransform: /opt/gradle/.gradle/caches/9.3.1/transforms/0fb8b0179712442ac6a74744b28ade5b/transformed/jetified-ui-graphics-release because:
  Caching not enabled.
Caching disabled for AarTransform: /opt/gradle/.gradle/caches/9.3.1/transforms/a372721a253eb64c4b51846c119bd365/transformed/jetified-ui-test-manifest-1.7.5 because:
  Caching not enabled.
Caching disabled for AarTransform: /opt/gradle/.gradle/caches/9.3.1/transforms/00fd3567bbe5687d450cd956ae262f97/transformed/jetified-camera-video-1.5.0 because:
  Caching not enabled.
Caching disabled for AarTransform: /opt/gradle/.gradle/caches/9.3.1/transforms/442529d2192db296c2ff502bb985a0cd/transformed/jetified-camera-view-1.5.0 because:
  Caching not enabled.
Caching disabled for AarTransform: /opt/gradle/.gradle/caches/9.3.1/transforms/8092a9da76987ede1eb8c1ea38bfa0b7/transformed/jetified-camera-lifecycle-1.5.0 because:
  Caching not enabled.
Caching disabled for AarTransform: /opt/gradle/.gradle/caches/9.3.1/transforms/1238bd2e20e883ec40897eb0b9a14137/transformed/jetified-camera-camera2-1.5.0 because:
  Caching not enabled.
Caching disabled for AarTransform: /opt/gradle/.gradle/caches/9.3.1/transforms/32d6ce8b33eff46b1a57c76c2f08e791/transformed/jetified-camera-core-1.5.0 because:
  Caching not enabled.
Caching disabled for AarTransform: /opt/gradle/.gradle/caches/9.3.1/transforms/1663eed400c699ee882bad45e0f823a6/transformed/jetified-coil-base-2.7.0 because:
  Caching not enabled.
Caching disabled for AarTransform: /opt/gradle/.gradle/caches/9.3.1/transforms/f3357de5b44fcac6438431004b384aa9/transformed/jetified-coil-2.7.0 because:
  Caching not enabled.
Caching disabled for AarTransform: /opt/gradle/.gradle/caches/9.3.1/transforms/17e702d452372a4a8664d435d759cf26/transformed/fragment-1.3.6 because:
  Caching not enabled.
Caching disabled for AarTransform: /opt/gradle/.gradle/caches/9.3.1/transforms/16b8c37a9c9a9d0dd8af856ed34edfdd/transformed/jetified-appcompat-resources-1.6.1 because:
  Caching not enabled.
Caching disabled for AarTransform: /opt/gradle/.gradle/caches/9.3.1/transforms/26ef40f88b6da64d86244d4b1d19972b/transformed/appcompat-1.6.1 because:
  Caching not enabled.
Caching disabled for AarTransform: /opt/gradle/.gradle/caches/9.3.1/transforms/34a943bee234201db93ab980ab6b7b9f/transformed/jetified-activity-1.9.3 because:
  Caching not enabled.
Caching disabled for AarTransform: /opt/gradle/.gradle/caches/9.3.1/transforms/d4a3b0e21a9a7edc8d0407aee29cc920/transformed/jetified-savedstate-ktx-1.2.1 because:
  Caching not enabled.
Caching disabled for AarTransform: /opt/gradle/.gradle/caches/9.3.1/transforms/033b36e90179c265fcf21ad8f736b8ec/transformed/jetified-savedstate-1.2.1 because:
  Caching not enabled.
Caching disabled for AarTransform: /opt/gradle/.gradle/caches/9.3.1/transforms/76db64eda8c556f90142165870bf8436/transformed/jetified-emoji2-views-helper-1.3.0 because:
  Caching not enabled.
Caching disabled for AarTransform: /opt/gradle/.gradle/caches/9.3.1/transforms/2c1861fcad53ac0c87e93d65a5aaabb4/transformed/jetified-emoji2-1.3.0 because:
  Caching not enabled.
Caching disabled for AarTransform: /opt/gradle/.gradle/caches/9.3.1/transforms/17058dafbabc35775e1a82d27611f057/transformed/jetified-lifecycle-runtime-release because:
  Caching not enabled.
Caching disabled for AarTransform: /opt/gradle/.gradle/caches/9.3.1/transforms/48f3eb464481aa9371ed5c7ebbbd7944/transformed/loader-1.0.0 because:
  Caching not enabled.
Caching disabled for AarTransform: /opt/gradle/.gradle/caches/9.3.1/transforms/63a9dea6e789bc29b52fb39b9b23f4ed/transformed/jetified-lifecycle-process-2.8.7 because:
  Caching not enabled.
Caching disabled for AarTransform: /opt/gradle/.gradle/caches/9.3.1/transforms/405a54bc4999c7a134f21a62e811783b/transformed/lifecycle-viewmodel-2.8.7 because:
  Caching not enabled.
Caching disabled for AarTransform: /opt/gradle/.gradle/caches/9.3.1/transforms/5835de669e47091a8cac982dfefa6ad8/transformed/jetified-lifecycle-viewmodel-release because:
  Caching not enabled.
Caching disabled for AarTransform: /opt/gradle/.gradle/caches/9.3.1/transforms/2ebaa671d1ea0f522af84bd3afccfc73/transformed/jetified-lifecycle-livedata-core-ktx-2.8.7 because:
  Caching not enabled.
Caching disabled for AarTransform: /opt/gradle/.gradle/caches/9.3.1/transforms/d4cec5d9c07f1c2d5911b7686204fb69/transformed/jetified-lifecycle-viewmodel-savedstate-2.8.7 because:
  Caching not enabled.
Caching disabled for AarTransform: /opt/gradle/.gradle/caches/9.3.1/transforms/ed987f7c6948d35c4b4de1eda1a32bcc/transformed/jetified-lifecycle-viewmodel-ktx-2.8.7 because:
  Caching not enabled.
Caching disabled for AarTransform: /opt/gradle/.gradle/caches/9.3.1/transforms/8352356b2bd7c5a8de8f3d69ee1071fd/transformed/lifecycle-livedata-core-2.8.7 because:
  Caching not enabled.
Caching disabled for AarTransform: /opt/gradle/.gradle/caches/9.3.1/transforms/0ecb0aec9c0fd7b138b465897686b28c/transformed/navigation-runtime-2.8.9 because:
  Caching not enabled.
Caching disabled for AarTransform: /opt/gradle/.gradle/caches/9.3.1/transforms/f3f64694eb97fc7806d1dae751ecd49a/transformed/lifecycle-livedata-2.8.7 because:
  Caching not enabled.
Caching disabled for AarTransform: /opt/gradle/.gradle/caches/9.3.1/transforms/db8327f7fae1a35326be02d83ab9170d/transformed/jetified-lifecycle-runtime-ktx-release because:
  Caching not enabled.
Caching disabled for AarTransform: /opt/gradle/.gradle/caches/9.3.1/transforms/05f35f2f83f4ba8a8ca9b75424ca13a0/transformed/jetified-lifecycle-runtime-compose-release because:
  Caching not enabled.
Caching disabled for AarTransform: /opt/gradle/.gradle/caches/9.3.1/transforms/bd4c3a9cc947d731fa56e29e2ffa529b/transformed/jetified-lifecycle-viewmodel-compose-release because:
  Caching not enabled.
Caching disabled for AarTransform: /opt/gradle/.gradle/caches/9.3.1/transforms/8910bbaa682f821a7e8e03fb6cf3a1b9/transformed/jetified-material-icons-extended-release because:
  Caching not enabled.
Caching disabled for AarTransform: /opt/gradle/.gradle/caches/9.3.1/transforms/f281c32b9da29614d4c27d798f0de374/transformed/jetified-material-icons-core-release because:
  Caching not enabled.
Caching disabled for AarTransform: /opt/gradle/.gradle/caches/9.3.1/transforms/4373b88a0d25f1f68250ad8c5c9ef7e8/transformed/jetified-accompanist-drawablepainter-0.32.0 because:
  Caching not enabled.
Caching disabled for AarTransform: /opt/gradle/.gradle/caches/9.3.1/transforms/2211b4f177e1bff8f18b160ba94380fa/transformed/jetified-activity-ktx-1.9.3 because:
  Caching not enabled.
Caching disabled for AarTransform: /opt/gradle/.gradle/caches/9.3.1/transforms/518a9889cdd4dd8691d56bba0da2c414/transformed/jetified-activity-compose-1.9.3 because:
  Caching not enabled.
Caching disabled for AarTransform: /opt/gradle/.gradle/caches/9.3.1/transforms/b952504133b6fe786f3bf2bd86e0c9f9/transformed/jetified-ui-release because:
  Caching not enabled.
Caching disabled for AarTransform: /opt/gradle/.gradle/caches/9.3.1/transforms/d43ec47d910b3c29e5e5355e36c74a72/transformed/jetified-autofill-1.0.0 because:
  Caching not enabled.
Caching disabled for AarTransform: /opt/gradle/.gradle/caches/9.3.1/transforms/56a6659f97e42fb34492019cf2b3f3ee/transformed/jetified-graphics-path-1.0.1 because:
  Caching not enabled.
Caching disabled for AarTransform: /opt/gradle/.gradle/caches/9.3.1/transforms/e93cd45ab5fa9207705a3cb41fd4da8f/transformed/vectordrawable-animated-1.1.0 because:
  Caching not enabled.
Caching disabled for AarTransform: /opt/gradle/.gradle/caches/9.3.1/transforms/26cb2d33956bf535a7b4f171b1170600/transformed/vectordrawable-1.1.0 because:
  Caching not enabled.
Caching disabled for AarTransform: /opt/gradle/.gradle/caches/9.3.1/transforms/98d6d208e25cf7683865ea2ca49be0e8/transformed/drawerlayout-1.0.0 because:
  Caching not enabled.
Caching disabled for AarTransform: /opt/gradle/.gradle/caches/9.3.1/transforms/91bebab74b085d32c5b0711c35a2a674/transformed/viewpager-1.0.0 because:
  Caching not enabled.
Caching disabled for AarTransform: /opt/gradle/.gradle/caches/9.3.1/transforms/b5f4b92e12db68c40444e9b48e307cf9/transformed/customview-1.0.0 because:
  Caching not enabled.
Caching disabled for AarTransform: /opt/gradle/.gradle/caches/9.3.1/transforms/52cabaf485cf5ba2d4b5215228bd2d11/transformed/core-1.15.0 because:
  Caching not enabled.
Caching disabled for AarTransform: /opt/gradle/.gradle/caches/9.3.1/transforms/dfed1755fd6ad3eea4445e2b03d38078/transformed/jetified-customview-poolingcontainer-1.0.0 because:
  Caching not enabled.
Caching disabled for AarTransform: /opt/gradle/.gradle/caches/9.3.1/transforms/9fdc59d719d9a2d4e660ef789f397343/transformed/room-runtime-2.6.1 because:
  Caching not enabled.
Caching disabled for AarTransform: /opt/gradle/.gradle/caches/9.3.1/transforms/d200231b15d0f0688257742c871442f9/transformed/jetified-core-ktx-1.15.0 because:
  Caching not enabled.
Caching disabled for AarTransform: /opt/gradle/.gradle/caches/9.3.1/transforms/83d492409b949d7119e9384291e45887/transformed/jetified-room-ktx-2.6.1 because:
  Caching not enabled.
Caching disabled for AarTransform: /opt/gradle/.gradle/caches/9.3.1/transforms/0eda25b2384add63cc6b29614be5ae7d/transformed/jetified-runtime-saveable-release because:
  Caching not enabled.
Caching disabled for AarTransform: /opt/gradle/.gradle/caches/9.3.1/transforms/3a3dd191192b73fd304cfb8972f12e2e/transformed/jetified-annotation-experimental-1.4.1 because:
  Caching not enabled.
Caching disabled for AarTransform: /opt/gradle/.gradle/caches/9.3.1/transforms/f285fdd043547f1c0165f0ff97db506f/transformed/jetified-profileinstaller-1.3.1 because:
  Caching not enabled.
Caching disabled for AarTransform: /opt/gradle/.gradle/caches/9.3.1/transforms/ca03fbf286bbd1fd03675223f2fe0c8d/transformed/jetified-runtime-release because:
  Caching not enabled.
Caching disabled for AarTransform: /opt/gradle/.gradle/caches/9.3.1/transforms/3c6b895bdf638e31dc64b0c5616820d8/transformed/jetified-startup-runtime-1.1.1 because:
  Caching not enabled.
Caching disabled for AarTransform: /opt/gradle/.gradle/caches/9.3.1/transforms/964fc14bf240fb2df9021da839d2a6de/transformed/jetified-tracing-1.2.0 because:
  Caching not enabled.
Caching disabled for AarTransform: /opt/gradle/.gradle/caches/9.3.1/transforms/d5f9399e5a27834fe665e885358f8e44/transformed/sqlite-framework-2.4.0 because:
  Caching not enabled.
Caching disabled for AarTransform: /opt/gradle/.gradle/caches/9.3.1/transforms/0d4e7f244096daa620f6517cd129b036/transformed/jetified-tracing-ktx-1.2.0 because:
  Caching not enabled.
Caching disabled for AarTransform: /opt/gradle/.gradle/caches/9.3.1/transforms/aa1ed74c605310787c0c15c93cdef74d/transformed/sqlite-2.4.0 because:
  Caching not enabled.
Caching disabled for AarTransform: /opt/gradle/.gradle/caches/9.3.1/transforms/1e76f6968f718ab422d93074401100d6/transformed/jetified-core-1.54.0 because:
  Caching not enabled.
Caching disabled for AarTransform: /opt/gradle/.gradle/caches/9.3.1/transforms/2efe609ce59bbe6f5449c016f678c7ea/transformed/jetified-featurecombinationquery-1.5.0 because:
  Caching not enabled.
Caching disabled for AarTransform: /opt/gradle/.gradle/caches/9.3.1/transforms/006398b212a0631aa555465e266db94f/transformed/core-runtime-2.2.0 because:
  Caching not enabled.
Caching disabled for AarTransform: /opt/gradle/.gradle/caches/9.3.1/transforms/b31266a98f5e144e6026cb437eb1527a/transformed/interpolator-1.0.0 because:
  Caching not enabled.
Caching disabled for AarTransform: /opt/gradle/.gradle/caches/9.3.1/transforms/c95e560ed9f9438d32138274637eae0d/transformed/versionedparcelable-1.1.1 because:
  Caching not enabled.
Caching disabled for AarTransform: /opt/gradle/.gradle/caches/9.3.1/transforms/f7331faef428a5694bc41da7b6e9624b/transformed/exifinterface-1.3.7 because:
  Caching not enabled.
Caching disabled for AarTransform: /opt/gradle/.gradle/caches/9.3.1/transforms/21bb4d5027e4b8955ea9fea45ac9ffac/transformed/cursoradapter-1.0.0 because:
  Caching not enabled.
Caching disabled for AarTransform: /opt/gradle/.gradle/caches/9.3.1/transforms/fe3731a192d8ca92661f007c35e28479/transformed/jetified-accompanist-permissions-0.37.3 because:
  Caching not enabled.
Caching disabled for AarTransform: /opt/gradle/.gradle/caches/9.3.1/transforms/0ecb0aec9c0fd7b138b465897686b28c/transformed/navigation-runtime-2.8.9 because:
  Caching not enabled.
Caching disabled for AarTransform: /opt/gradle/.gradle/caches/9.3.1/transforms/010c67cb3e1ab3b16d25adf314da8c8e/transformed/navigation-common-2.8.9 because:
  Caching not enabled.
Caching disabled for AarTransform: /opt/gradle/.gradle/caches/9.3.1/transforms/ad77a35617a7e82aad30508f3fe3c15c/transformed/navigation-common-ktx-2.8.9 because:
  Caching not enabled.
Caching disabled for AarTransform: /opt/gradle/.gradle/caches/9.3.1/transforms/5730a3308c13524e1e52aeae78342c0f/transformed/navigation-runtime-ktx-2.8.9 because:
  Caching not enabled.
Caching disabled for AarTransform: /opt/gradle/.gradle/caches/9.3.1/transforms/2b8b32e53ee239f9be6175cb7c25ce53/transformed/jetified-navigation-compose-2.8.9 because:
  Caching not enabled.
Caching disabled for AarTransform: /opt/gradle/.gradle/caches/9.3.1/transforms/f041467065e13580412693a4e57846b2/transformed/jetified-material3-release because:
  Caching not enabled.
Caching disabled for AarTransform: /opt/gradle/.gradle/caches/9.3.1/transforms/95db0b52fba8b9c3dde84491527c506c/transformed/jetified-coil-compose-2.7.0 because:
  Caching not enabled.
Caching disabled for AarTransform: /opt/gradle/.gradle/caches/9.3.1/transforms/cfc60be1cc7f19b1b84b50684e8a0e0b/transformed/jetified-coil-compose-base-2.7.0 because:
  Caching not enabled.
Caching disabled for AarTransform: /opt/gradle/.gradle/caches/9.3.1/transforms/8b9cba14ec8d3d8cbe82579a96230507/transformed/jetified-material-release because:
  Caching not enabled.
Caching disabled for AarTransform: /opt/gradle/.gradle/caches/9.3.1/transforms/7c35b0883b95e56c9d6d8116222c4c20/transformed/jetified-animation-core-release because:
  Caching not enabled.
Caching disabled for AarTransform: /opt/gradle/.gradle/caches/9.3.1/transforms/6192ec08ad811037f8f9ff1cb6d8d09a/transformed/jetified-material-ripple-release because:
  Caching not enabled.
Caching disabled for AarTransform: /opt/gradle/.gradle/caches/9.3.1/transforms/44bc905b3c71aa3fa94d118cb9c4f9aa/transformed/jetified-animation-release because:
  Caching not enabled.
Caching disabled for AarTransform: /opt/gradle/.gradle/caches/9.3.1/transforms/9a36407d09695d33c237ab79125b7368/transformed/jetified-foundation-layout-release because:
  Caching not enabled.
Caching disabled for AarTransform: /opt/gradle/.gradle/caches/9.3.1/transforms/464177ec0cf82891e9b7c52969da83da/transformed/jetified-foundation-release because:
  Caching not enabled.
Caching disabled for AarTransform: /opt/gradle/.gradle/caches/9.3.1/transforms/03bf141e5fa203534be0861f59c8c20c/transformed/jetified-ui-tooling-data-release because:
  Caching not enabled.
Caching disabled for AarTransform: /opt/gradle/.gradle/caches/9.3.1/transforms/6075ccedffa94b491d41fd0379b824e8/transformed/jetified-ui-unit-release because:
  Caching not enabled.
Caching disabled for AarTransform: /opt/gradle/.gradle/caches/9.3.1/transforms/068d5d7971da98df14f05e1eba4e218d/transformed/jetified-ui-geometry-release because:
  Caching not enabled.
Caching disabled for AarTransform: /opt/gradle/.gradle/caches/9.3.1/transforms/e7626449f1cad337b87655d507a5a69d/transformed/jetified-ui-util-release because:
  Caching not enabled.
Caching disabled for AarTransform: /opt/gradle/.gradle/caches/9.3.1/transforms/fe2056f497426a6bf09dec5cc6ee5fdc/transformed/jetified-ui-text-release because:
  Caching not enabled.
Caching disabled for AarTransform: /opt/gradle/.gradle/caches/9.3.1/transforms/b8ba0e84758186a9432b41489d15f017/transformed/jetified-ui-tooling-preview-release because:
  Caching not enabled.
Caching disabled for AarTransform: /opt/gradle/.gradle/caches/9.3.1/transforms/c86985a243eee53c0fea678b2319b968/transformed/jetified-ui-tooling-release because:
  Caching not enabled.
Caching disabled for AarTransform: /opt/gradle/.gradle/caches/9.3.1/transforms/a372721a253eb64c4b51846c119bd365/transformed/jetified-ui-test-manifest-1.7.5 because:
  Caching not enabled.
Caching disabled for AarTransform: /opt/gradle/.gradle/caches/9.3.1/transforms/0fb8b0179712442ac6a74744b28ade5b/transformed/jetified-ui-graphics-release because:
  Caching not enabled.
Caching disabled for AarTransform: /opt/gradle/.gradle/caches/9.3.1/transforms/00fd3567bbe5687d450cd956ae262f97/transformed/jetified-camera-video-1.5.0 because:
  Caching not enabled.
Caching disabled for AarTransform: /opt/gradle/.gradle/caches/9.3.1/transforms/442529d2192db296c2ff502bb985a0cd/transformed/jetified-camera-view-1.5.0 because:
  Caching not enabled.
Caching disabled for AarTransform: /opt/gradle/.gradle/caches/9.3.1/transforms/8092a9da76987ede1eb8c1ea38bfa0b7/transformed/jetified-camera-lifecycle-1.5.0 because:
  Caching not enabled.
Caching disabled for AarTransform: /opt/gradle/.gradle/caches/9.3.1/transforms/1238bd2e20e883ec40897eb0b9a14137/transformed/jetified-camera-camera2-1.5.0 because:
  Caching not enabled.
Caching disabled for AarTransform: /opt/gradle/.gradle/caches/9.3.1/transforms/32d6ce8b33eff46b1a57c76c2f08e791/transformed/jetified-camera-core-1.5.0 because:
  Caching not enabled.
Caching disabled for AarTransform: /opt/gradle/.gradle/caches/9.3.1/transforms/f3357de5b44fcac6438431004b384aa9/transformed/jetified-coil-2.7.0 because:
  Caching not enabled.
Caching disabled for AarTransform: /opt/gradle/.gradle/caches/9.3.1/transforms/1663eed400c699ee882bad45e0f823a6/transformed/jetified-coil-base-2.7.0 because:
  Caching not enabled.
Caching disabled for AarTransform: /opt/gradle/.gradle/caches/9.3.1/transforms/16b8c37a9c9a9d0dd8af856ed34edfdd/transformed/jetified-appcompat-resources-1.6.1 because:
  Caching not enabled.
Caching disabled for AarTransform: /opt/gradle/.gradle/caches/9.3.1/transforms/17e702d452372a4a8664d435d759cf26/transformed/fragment-1.3.6 because:
  Caching not enabled.
Caching disabled for AarTransform: /opt/gradle/.gradle/caches/9.3.1/transforms/34a943bee234201db93ab980ab6b7b9f/transformed/jetified-activity-1.9.3 because:
  Caching not enabled.
Caching disabled for AarTransform: /opt/gradle/.gradle/caches/9.3.1/transforms/26ef40f88b6da64d86244d4b1d19972b/transformed/appcompat-1.6.1 because:
  Caching not enabled.
Caching disabled for AarTransform: /opt/gradle/.gradle/caches/9.3.1/transforms/d4a3b0e21a9a7edc8d0407aee29cc920/transformed/jetified-savedstate-ktx-1.2.1 because:
  Caching not enabled.
Caching disabled for AarTransform: /opt/gradle/.gradle/caches/9.3.1/transforms/033b36e90179c265fcf21ad8f736b8ec/transformed/jetified-savedstate-1.2.1 because:
  Caching not enabled.
Caching disabled for AarTransform: /opt/gradle/.gradle/caches/9.3.1/transforms/76db64eda8c556f90142165870bf8436/transformed/jetified-emoji2-views-helper-1.3.0 because:
  Caching not enabled.
Caching disabled for AarTransform: /opt/gradle/.gradle/caches/9.3.1/transforms/2c1861fcad53ac0c87e93d65a5aaabb4/transformed/jetified-emoji2-1.3.0 because:
  Caching not enabled.
Caching disabled for AarTransform: /opt/gradle/.gradle/caches/9.3.1/transforms/63a9dea6e789bc29b52fb39b9b23f4ed/transformed/jetified-lifecycle-process-2.8.7 because:
  Caching not enabled.
Caching disabled for AarTransform: /opt/gradle/.gradle/caches/9.3.1/transforms/17058dafbabc35775e1a82d27611f057/transformed/jetified-lifecycle-runtime-release because:
  Caching not enabled.
Caching disabled for AarTransform: /opt/gradle/.gradle/caches/9.3.1/transforms/48f3eb464481aa9371ed5c7ebbbd7944/transformed/loader-1.0.0 because:
  Caching not enabled.
Caching disabled for AarTransform: /opt/gradle/.gradle/caches/9.3.1/transforms/405a54bc4999c7a134f21a62e811783b/transformed/lifecycle-viewmodel-2.8.7 because:
  Caching not enabled.
Caching disabled for AarTransform: /opt/gradle/.gradle/caches/9.3.1/transforms/5835de669e47091a8cac982dfefa6ad8/transformed/jetified-lifecycle-viewmodel-release because:
  Caching not enabled.
Caching disabled for AarTransform: /opt/gradle/.gradle/caches/9.3.1/transforms/2ebaa671d1ea0f522af84bd3afccfc73/transformed/jetified-lifecycle-livedata-core-ktx-2.8.7 because:
  Caching not enabled.
Caching disabled for AarTransform: /opt/gradle/.gradle/caches/9.3.1/transforms/d4cec5d9c07f1c2d5911b7686204fb69/transformed/jetified-lifecycle-viewmodel-savedstate-2.8.7 because:
  Caching not enabled.
Caching disabled for AarTransform: /opt/gradle/.gradle/caches/9.3.1/transforms/ed987f7c6948d35c4b4de1eda1a32bcc/transformed/jetified-lifecycle-viewmodel-ktx-2.8.7 because:
  Caching not enabled.
Caching disabled for AarTransform: /opt/gradle/.gradle/caches/9.3.1/transforms/8352356b2bd7c5a8de8f3d69ee1071fd/transformed/lifecycle-livedata-core-2.8.7 because:
  Caching not enabled.
Caching disabled for AarTransform: /opt/gradle/.gradle/caches/9.3.1/transforms/f3f64694eb97fc7806d1dae751ecd49a/transformed/lifecycle-livedata-2.8.7 because:
  Caching not enabled.
Caching disabled for AarTransform: /opt/gradle/.gradle/caches/9.3.1/transforms/db8327f7fae1a35326be02d83ab9170d/transformed/jetified-lifecycle-runtime-ktx-release because:
  Caching not enabled.
Caching disabled for AarTransform: /opt/gradle/.gradle/caches/9.3.1/transforms/05f35f2f83f4ba8a8ca9b75424ca13a0/transformed/jetified-lifecycle-runtime-compose-release because:
  Caching not enabled.
Caching disabled for AarTransform: /opt/gradle/.gradle/caches/9.3.1/transforms/bd4c3a9cc947d731fa56e29e2ffa529b/transformed/jetified-lifecycle-viewmodel-compose-release because:
  Caching not enabled.
Caching disabled for AarTransform: /opt/gradle/.gradle/caches/9.3.1/transforms/8910bbaa682f821a7e8e03fb6cf3a1b9/transformed/jetified-material-icons-extended-release because:
  Caching not enabled.
Caching disabled for AarTransform: /opt/gradle/.gradle/caches/9.3.1/transforms/4373b88a0d25f1f68250ad8c5c9ef7e8/transformed/jetified-accompanist-drawablepainter-0.32.0 because:
  Caching not enabled.
Caching disabled for AarTransform: /opt/gradle/.gradle/caches/9.3.1/transforms/f281c32b9da29614d4c27d798f0de374/transformed/jetified-material-icons-core-release because:
  Caching not enabled.
Caching disabled for AarTransform: /opt/gradle/.gradle/caches/9.3.1/transforms/b952504133b6fe786f3bf2bd86e0c9f9/transformed/jetified-ui-release because:
  Caching not enabled.
Caching disabled for AarTransform: /opt/gradle/.gradle/caches/9.3.1/transforms/2211b4f177e1bff8f18b160ba94380fa/transformed/jetified-activity-ktx-1.9.3 because:
  Caching not enabled.
Caching disabled for AarTransform: /opt/gradle/.gradle/caches/9.3.1/transforms/518a9889cdd4dd8691d56bba0da2c414/transformed/jetified-activity-compose-1.9.3 because:
  Caching not enabled.
Caching disabled for AarTransform: /opt/gradle/.gradle/caches/9.3.1/transforms/56a6659f97e42fb34492019cf2b3f3ee/transformed/jetified-graphics-path-1.0.1 because:
  Caching not enabled.
Caching disabled for AarTransform: /opt/gradle/.gradle/caches/9.3.1/transforms/d43ec47d910b3c29e5e5355e36c74a72/transformed/jetified-autofill-1.0.0 because:
  Caching not enabled.
Caching disabled for AarTransform: /opt/gradle/.gradle/caches/9.3.1/transforms/e93cd45ab5fa9207705a3cb41fd4da8f/transformed/vectordrawable-animated-1.1.0 because:
  Caching not enabled.
Caching disabled for AarTransform: /opt/gradle/.gradle/caches/9.3.1/transforms/26cb2d33956bf535a7b4f171b1170600/transformed/vectordrawable-1.1.0 because:
  Caching not enabled.
Caching disabled for AarTransform: /opt/gradle/.gradle/caches/9.3.1/transforms/98d6d208e25cf7683865ea2ca49be0e8/transformed/drawerlayout-1.0.0 because:
  Caching not enabled.
Caching disabled for AarTransform: /opt/gradle/.gradle/caches/9.3.1/transforms/91bebab74b085d32c5b0711c35a2a674/transformed/viewpager-1.0.0 because:
  Caching not enabled.
Caching disabled for AarTransform: /opt/gradle/.gradle/caches/9.3.1/transforms/b5f4b92e12db68c40444e9b48e307cf9/transformed/customview-1.0.0 because:
  Caching not enabled.
Caching disabled for AarTransform: /opt/gradle/.gradle/caches/9.3.1/transforms/52cabaf485cf5ba2d4b5215228bd2d11/transformed/core-1.15.0 because:
  Caching not enabled.
Caching disabled for AarTransform: /opt/gradle/.gradle/caches/9.3.1/transforms/dfed1755fd6ad3eea4445e2b03d38078/transformed/jetified-customview-poolingcontainer-1.0.0 because:
  Caching not enabled.
Caching disabled for AarTransform: /opt/gradle/.gradle/caches/9.3.1/transforms/d200231b15d0f0688257742c871442f9/transformed/jetified-core-ktx-1.15.0 because:
  Caching not enabled.
Caching disabled for AarTransform: /opt/gradle/.gradle/caches/9.3.1/transforms/9fdc59d719d9a2d4e660ef789f397343/transformed/room-runtime-2.6.1 because:
  Caching not enabled.
Caching disabled for AarTransform: /opt/gradle/.gradle/caches/9.3.1/transforms/83d492409b949d7119e9384291e45887/transformed/jetified-room-ktx-2.6.1 because:
  Caching not enabled.
Caching disabled for AarTransform: /opt/gradle/.gradle/caches/9.3.1/transforms/0eda25b2384add63cc6b29614be5ae7d/transformed/jetified-runtime-saveable-release because:
  Caching not enabled.
Caching disabled for AarTransform: /opt/gradle/.gradle/caches/9.3.1/transforms/3a3dd191192b73fd304cfb8972f12e2e/transformed/jetified-annotation-experimental-1.4.1 because:
  Caching not enabled.
Caching disabled for AarTransform: /opt/gradle/.gradle/caches/9.3.1/transforms/f285fdd043547f1c0165f0ff97db506f/transformed/jetified-profileinstaller-1.3.1 because:
  Caching not enabled.
Caching disabled for AarTransform: /opt/gradle/.gradle/caches/9.3.1/transforms/ca03fbf286bbd1fd03675223f2fe0c8d/transformed/jetified-runtime-release because:
  Caching not enabled.
Caching disabled for AarTransform: /opt/gradle/.gradle/caches/9.3.1/transforms/3c6b895bdf638e31dc64b0c5616820d8/transformed/jetified-startup-runtime-1.1.1 because:
  Caching not enabled.
Caching disabled for AarTransform: /opt/gradle/.gradle/caches/9.3.1/transforms/964fc14bf240fb2df9021da839d2a6de/transformed/jetified-tracing-1.2.0 because:
  Caching not enabled.
Caching disabled for AarTransform: /opt/gradle/.gradle/caches/9.3.1/transforms/0d4e7f244096daa620f6517cd129b036/transformed/jetified-tracing-ktx-1.2.0 because:
  Caching not enabled.
Caching disabled for AarTransform: /opt/gradle/.gradle/caches/9.3.1/transforms/d5f9399e5a27834fe665e885358f8e44/transformed/sqlite-framework-2.4.0 because:
  Caching not enabled.
Caching disabled for AarTransform: /opt/gradle/.gradle/caches/9.3.1/transforms/aa1ed74c605310787c0c15c93cdef74d/transformed/sqlite-2.4.0 because:
  Caching not enabled.
Caching disabled for AarTransform: /opt/gradle/.gradle/caches/9.3.1/transforms/1e76f6968f718ab422d93074401100d6/transformed/jetified-core-1.54.0 because:
  Caching not enabled.
Caching disabled for AarTransform: /opt/gradle/.gradle/caches/9.3.1/transforms/006398b212a0631aa555465e266db94f/transformed/core-runtime-2.2.0 because:
  Caching not enabled.
Caching disabled for AarTransform: /opt/gradle/.gradle/caches/9.3.1/transforms/2efe609ce59bbe6f5449c016f678c7ea/transformed/jetified-featurecombinationquery-1.5.0 because:
  Caching not enabled.
Caching disabled for AarTransform: /opt/gradle/.gradle/caches/9.3.1/transforms/b31266a98f5e144e6026cb437eb1527a/transformed/interpolator-1.0.0 because:
  Caching not enabled.
Caching disabled for AarTransform: /opt/gradle/.gradle/caches/9.3.1/transforms/c95e560ed9f9438d32138274637eae0d/transformed/versionedparcelable-1.1.1 because:
  Caching not enabled.
Caching disabled for AarTransform: /opt/gradle/.gradle/caches/9.3.1/transforms/f7331faef428a5694bc41da7b6e9624b/transformed/exifinterface-1.3.7 because:
  Caching not enabled.
Caching disabled for AarTransform: /opt/gradle/.gradle/caches/9.3.1/transforms/21bb4d5027e4b8955ea9fea45ac9ffac/transformed/cursoradapter-1.0.0 because:
  Caching not enabled.
Build cache key for task ':app:processDebugMainManifest' is 9dc86af979721cb74e545c77943abde9
Task ':app:processDebugMainManifest' is not up-to-date because:
  No history is available.
Loading library manifest /opt/gradle/.gradle/caches/9.3.1/transforms/fe3731a192d8ca92661f007c35e28479/transformed/jetified-accompanist-permissions-0.37.3/AndroidManifest.xml
Loading library manifest /opt/gradle/.gradle/caches/9.3.1/transforms/010c67cb3e1ab3b16d25adf314da8c8e/transformed/navigation-common-2.8.9/AndroidManifest.xml
Loading library manifest /opt/gradle/.gradle/caches/9.3.1/transforms/0ecb0aec9c0fd7b138b465897686b28c/transformed/navigation-runtime-2.8.9/AndroidManifest.xml
Loading library manifest /opt/gradle/.gradle/caches/9.3.1/transforms/ad77a35617a7e82aad30508f3fe3c15c/transformed/navigation-common-ktx-2.8.9/AndroidManifest.xml
Loading library manifest /opt/gradle/.gradle/caches/9.3.1/transforms/5730a3308c13524e1e52aeae78342c0f/transformed/navigation-runtime-ktx-2.8.9/AndroidManifest.xml
Loading library manifest /opt/gradle/.gradle/caches/9.3.1/transforms/2b8b32e53ee239f9be6175cb7c25ce53/transformed/jetified-navigation-compose-2.8.9/AndroidManifest.xml
Loading library manifest /opt/gradle/.gradle/caches/9.3.1/transforms/f041467065e13580412693a4e57846b2/transformed/jetified-material3-release/AndroidManifest.xml
Loading library manifest /opt/gradle/.gradle/caches/9.3.1/transforms/95db0b52fba8b9c3dde84491527c506c/transformed/jetified-coil-compose-2.7.0/AndroidManifest.xml
Loading library manifest /opt/gradle/.gradle/caches/9.3.1/transforms/cfc60be1cc7f19b1b84b50684e8a0e0b/transformed/jetified-coil-compose-base-2.7.0/AndroidManifest.xml
Loading library manifest /opt/gradle/.gradle/caches/9.3.1/transforms/8b9cba14ec8d3d8cbe82579a96230507/transformed/jetified-material-release/AndroidManifest.xml
Loading library manifest /opt/gradle/.gradle/caches/9.3.1/transforms/7c35b0883b95e56c9d6d8116222c4c20/transformed/jetified-animation-core-release/AndroidManifest.xml
Loading library manifest /opt/gradle/.gradle/caches/9.3.1/transforms/6192ec08ad811037f8f9ff1cb6d8d09a/transformed/jetified-material-ripple-release/AndroidManifest.xml
Loading library manifest /opt/gradle/.gradle/caches/9.3.1/transforms/44bc905b3c71aa3fa94d118cb9c4f9aa/transformed/jetified-animation-release/AndroidManifest.xml
Loading library manifest /opt/gradle/.gradle/caches/9.3.1/transforms/9a36407d09695d33c237ab79125b7368/transformed/jetified-foundation-layout-release/AndroidManifest.xml
Loading library manifest /opt/gradle/.gradle/caches/9.3.1/transforms/464177ec0cf82891e9b7c52969da83da/transformed/jetified-foundation-release/AndroidManifest.xml
Loading library manifest /opt/gradle/.gradle/caches/9.3.1/transforms/03bf141e5fa203534be0861f59c8c20c/transformed/jetified-ui-tooling-data-release/AndroidManifest.xml
Loading library manifest /opt/gradle/.gradle/caches/9.3.1/transforms/6075ccedffa94b491d41fd0379b824e8/transformed/jetified-ui-unit-release/AndroidManifest.xml
Loading library manifest /opt/gradle/.gradle/caches/9.3.1/transforms/068d5d7971da98df14f05e1eba4e218d/transformed/jetified-ui-geometry-release/AndroidManifest.xml
Loading library manifest /opt/gradle/.gradle/caches/9.3.1/transforms/e7626449f1cad337b87655d507a5a69d/transformed/jetified-ui-util-release/AndroidManifest.xml
Loading library manifest /opt/gradle/.gradle/caches/9.3.1/transforms/fe2056f497426a6bf09dec5cc6ee5fdc/transformed/jetified-ui-text-release/AndroidManifest.xml
Loading library manifest /opt/gradle/.gradle/caches/9.3.1/transforms/b8ba0e84758186a9432b41489d15f017/transformed/jetified-ui-tooling-preview-release/AndroidManifest.xml
Loading library manifest /opt/gradle/.gradle/caches/9.3.1/transforms/c86985a243eee53c0fea678b2319b968/transformed/jetified-ui-tooling-release/AndroidManifest.xml
Loading library manifest /opt/gradle/.gradle/caches/9.3.1/transforms/0fb8b0179712442ac6a74744b28ade5b/transformed/jetified-ui-graphics-release/AndroidManifest.xml
Loading library manifest /opt/gradle/.gradle/caches/9.3.1/transforms/a372721a253eb64c4b51846c119bd365/transformed/jetified-ui-test-manifest-1.7.5/AndroidManifest.xml
Loading library manifest /opt/gradle/.gradle/caches/9.3.1/transforms/00fd3567bbe5687d450cd956ae262f97/transformed/jetified-camera-video-1.5.0/AndroidManifest.xml
Loading library manifest /opt/gradle/.gradle/caches/9.3.1/transforms/442529d2192db296c2ff502bb985a0cd/transformed/jetified-camera-view-1.5.0/AndroidManifest.xml
Loading library manifest /opt/gradle/.gradle/caches/9.3.1/transforms/8092a9da76987ede1eb8c1ea38bfa0b7/transformed/jetified-camera-lifecycle-1.5.0/AndroidManifest.xml
Loading library manifest /opt/gradle/.gradle/caches/9.3.1/transforms/1238bd2e20e883ec40897eb0b9a14137/transformed/jetified-camera-camera2-1.5.0/AndroidManifest.xml
Loading library manifest /opt/gradle/.gradle/caches/9.3.1/transforms/32d6ce8b33eff46b1a57c76c2f08e791/transformed/jetified-camera-core-1.5.0/AndroidManifest.xml
Loading library manifest /opt/gradle/.gradle/caches/9.3.1/transforms/f3357de5b44fcac6438431004b384aa9/transformed/jetified-coil-2.7.0/AndroidManifest.xml
Loading library manifest /opt/gradle/.gradle/caches/9.3.1/transforms/1663eed400c699ee882bad45e0f823a6/transformed/jetified-coil-base-2.7.0/AndroidManifest.xml
Loading library manifest /opt/gradle/.gradle/caches/9.3.1/transforms/16b8c37a9c9a9d0dd8af856ed34edfdd/transformed/jetified-appcompat-resources-1.6.1/AndroidManifest.xml
Loading library manifest /opt/gradle/.gradle/caches/9.3.1/transforms/26ef40f88b6da64d86244d4b1d19972b/transformed/appcompat-1.6.1/AndroidManifest.xml
Loading library manifest /opt/gradle/.gradle/caches/9.3.1/transforms/17e702d452372a4a8664d435d759cf26/transformed/fragment-1.3.6/AndroidManifest.xml
Loading library manifest /opt/gradle/.gradle/caches/9.3.1/transforms/34a943bee234201db93ab980ab6b7b9f/transformed/jetified-activity-1.9.3/AndroidManifest.xml
Loading library manifest /opt/gradle/.gradle/caches/9.3.1/transforms/d4a3b0e21a9a7edc8d0407aee29cc920/transformed/jetified-savedstate-ktx-1.2.1/AndroidManifest.xml
Loading library manifest /opt/gradle/.gradle/caches/9.3.1/transforms/033b36e90179c265fcf21ad8f736b8ec/transformed/jetified-savedstate-1.2.1/AndroidManifest.xml
Loading library manifest /opt/gradle/.gradle/caches/9.3.1/transforms/76db64eda8c556f90142165870bf8436/transformed/jetified-emoji2-views-helper-1.3.0/AndroidManifest.xml
Loading library manifest /opt/gradle/.gradle/caches/9.3.1/transforms/2c1861fcad53ac0c87e93d65a5aaabb4/transformed/jetified-emoji2-1.3.0/AndroidManifest.xml
Loading library manifest /opt/gradle/.gradle/caches/9.3.1/transforms/63a9dea6e789bc29b52fb39b9b23f4ed/transformed/jetified-lifecycle-process-2.8.7/AndroidManifest.xml
Loading library manifest /opt/gradle/.gradle/caches/9.3.1/transforms/17058dafbabc35775e1a82d27611f057/transformed/jetified-lifecycle-runtime-release/AndroidManifest.xml
Loading library manifest /opt/gradle/.gradle/caches/9.3.1/transforms/48f3eb464481aa9371ed5c7ebbbd7944/transformed/loader-1.0.0/AndroidManifest.xml
Loading library manifest /opt/gradle/.gradle/caches/9.3.1/transforms/405a54bc4999c7a134f21a62e811783b/transformed/lifecycle-viewmodel-2.8.7/AndroidManifest.xml
Loading library manifest /opt/gradle/.gradle/caches/9.3.1/transforms/5835de669e47091a8cac982dfefa6ad8/transformed/jetified-lifecycle-viewmodel-release/AndroidManifest.xml
Loading library manifest /opt/gradle/.gradle/caches/9.3.1/transforms/2ebaa671d1ea0f522af84bd3afccfc73/transformed/jetified-lifecycle-livedata-core-ktx-2.8.7/AndroidManifest.xml
Loading library manifest /opt/gradle/.gradle/caches/9.3.1/transforms/d4cec5d9c07f1c2d5911b7686204fb69/transformed/jetified-lifecycle-viewmodel-savedstate-2.8.7/AndroidManifest.xml
Loading library manifest /opt/gradle/.gradle/caches/9.3.1/transforms/ed987f7c6948d35c4b4de1eda1a32bcc/transformed/jetified-lifecycle-viewmodel-ktx-2.8.7/AndroidManifest.xml
Loading library manifest /opt/gradle/.gradle/caches/9.3.1/transforms/8352356b2bd7c5a8de8f3d69ee1071fd/transformed/lifecycle-livedata-core-2.8.7/AndroidManifest.xml
Loading library manifest /opt/gradle/.gradle/caches/9.3.1/transforms/f3f64694eb97fc7806d1dae751ecd49a/transformed/lifecycle-livedata-2.8.7/AndroidManifest.xml
Loading library manifest /opt/gradle/.gradle/caches/9.3.1/transforms/db8327f7fae1a35326be02d83ab9170d/transformed/jetified-lifecycle-runtime-ktx-release/AndroidManifest.xml
Loading library manifest /opt/gradle/.gradle/caches/9.3.1/transforms/05f35f2f83f4ba8a8ca9b75424ca13a0/transformed/jetified-lifecycle-runtime-compose-release/AndroidManifest.xml
Loading library manifest /opt/gradle/.gradle/caches/9.3.1/transforms/bd4c3a9cc947d731fa56e29e2ffa529b/transformed/jetified-lifecycle-viewmodel-compose-release/AndroidManifest.xml
Loading library manifest /opt/gradle/.gradle/caches/9.3.1/transforms/8910bbaa682f821a7e8e03fb6cf3a1b9/transformed/jetified-material-icons-extended-release/AndroidManifest.xml
Loading library manifest /opt/gradle/.gradle/caches/9.3.1/transforms/f281c32b9da29614d4c27d798f0de374/transformed/jetified-material-icons-core-release/AndroidManifest.xml
Loading library manifest /opt/gradle/.gradle/caches/9.3.1/transforms/4373b88a0d25f1f68250ad8c5c9ef7e8/transformed/jetified-accompanist-drawablepainter-0.32.0/AndroidManifest.xml
Loading library manifest /opt/gradle/.gradle/caches/9.3.1/transforms/b952504133b6fe786f3bf2bd86e0c9f9/transformed/jetified-ui-release/AndroidManifest.xml
Loading library manifest /opt/gradle/.gradle/caches/9.3.1/transforms/2211b4f177e1bff8f18b160ba94380fa/transformed/jetified-activity-ktx-1.9.3/AndroidManifest.xml
Loading library manifest /opt/gradle/.gradle/caches/9.3.1/transforms/518a9889cdd4dd8691d56bba0da2c414/transformed/jetified-activity-compose-1.9.3/AndroidManifest.xml
Loading library manifest /opt/gradle/.gradle/caches/9.3.1/transforms/d43ec47d910b3c29e5e5355e36c74a72/transformed/jetified-autofill-1.0.0/AndroidManifest.xml
Loading library manifest /opt/gradle/.gradle/caches/9.3.1/transforms/56a6659f97e42fb34492019cf2b3f3ee/transformed/jetified-graphics-path-1.0.1/AndroidManifest.xml
Loading library manifest /opt/gradle/.gradle/caches/9.3.1/transforms/e93cd45ab5fa9207705a3cb41fd4da8f/transformed/vectordrawable-animated-1.1.0/AndroidManifest.xml
Loading library manifest /opt/gradle/.gradle/caches/9.3.1/transforms/26cb2d33956bf535a7b4f171b1170600/transformed/vectordrawable-1.1.0/AndroidManifest.xml
Loading library manifest /opt/gradle/.gradle/caches/9.3.1/transforms/98d6d208e25cf7683865ea2ca49be0e8/transformed/drawerlayout-1.0.0/AndroidManifest.xml
Loading library manifest /opt/gradle/.gradle/caches/9.3.1/transforms/91bebab74b085d32c5b0711c35a2a674/transformed/viewpager-1.0.0/AndroidManifest.xml
Loading library manifest /opt/gradle/.gradle/caches/9.3.1/transforms/b5f4b92e12db68c40444e9b48e307cf9/transformed/customview-1.0.0/AndroidManifest.xml
Loading library manifest /opt/gradle/.gradle/caches/9.3.1/transforms/52cabaf485cf5ba2d4b5215228bd2d11/transformed/core-1.15.0/AndroidManifest.xml
Loading library manifest /opt/gradle/.gradle/caches/9.3.1/transforms/dfed1755fd6ad3eea4445e2b03d38078/transformed/jetified-customview-poolingcontainer-1.0.0/AndroidManifest.xml
Loading library manifest /opt/gradle/.gradle/caches/9.3.1/transforms/d200231b15d0f0688257742c871442f9/transformed/jetified-core-ktx-1.15.0/AndroidManifest.xml
Loading library manifest /opt/gradle/.gradle/caches/9.3.1/transforms/9fdc59d719d9a2d4e660ef789f397343/transformed/room-runtime-2.6.1/AndroidManifest.xml
Loading library manifest /opt/gradle/.gradle/caches/9.3.1/transforms/83d492409b949d7119e9384291e45887/transformed/jetified-room-ktx-2.6.1/AndroidManifest.xml
Loading library manifest /opt/gradle/.gradle/caches/9.3.1/transforms/0eda25b2384add63cc6b29614be5ae7d/transformed/jetified-runtime-saveable-release/AndroidManifest.xml
Loading library manifest /opt/gradle/.gradle/caches/9.3.1/transforms/ca03fbf286bbd1fd03675223f2fe0c8d/transformed/jetified-runtime-release/AndroidManifest.xml
Loading library manifest /opt/gradle/.gradle/caches/9.3.1/transforms/3a3dd191192b73fd304cfb8972f12e2e/transformed/jetified-annotation-experimental-1.4.1/AndroidManifest.xml
Loading library manifest /opt/gradle/.gradle/caches/9.3.1/transforms/f285fdd043547f1c0165f0ff97db506f/transformed/jetified-profileinstaller-1.3.1/AndroidManifest.xml
Loading library manifest /opt/gradle/.gradle/caches/9.3.1/transforms/3c6b895bdf638e31dc64b0c5616820d8/transformed/jetified-startup-runtime-1.1.1/AndroidManifest.xml
Loading library manifest /opt/gradle/.gradle/caches/9.3.1/transforms/964fc14bf240fb2df9021da839d2a6de/transformed/jetified-tracing-1.2.0/AndroidManifest.xml
Loading library manifest /opt/gradle/.gradle/caches/9.3.1/transforms/0d4e7f244096daa620f6517cd129b036/transformed/jetified-tracing-ktx-1.2.0/AndroidManifest.xml
Loading library manifest /opt/gradle/.gradle/caches/9.3.1/transforms/d5f9399e5a27834fe665e885358f8e44/transformed/sqlite-framework-2.4.0/AndroidManifest.xml
Loading library manifest /opt/gradle/.gradle/caches/9.3.1/transforms/aa1ed74c605310787c0c15c93cdef74d/transformed/sqlite-2.4.0/AndroidManifest.xml
Loading library manifest /opt/gradle/.gradle/caches/9.3.1/transforms/1e76f6968f718ab422d93074401100d6/transformed/jetified-core-1.54.0/AndroidManifest.xml
Loading library manifest /opt/gradle/.gradle/caches/9.3.1/transforms/006398b212a0631aa555465e266db94f/transformed/core-runtime-2.2.0/AndroidManifest.xml
Loading library manifest /opt/gradle/.gradle/caches/9.3.1/transforms/2efe609ce59bbe6f5449c016f678c7ea/transformed/jetified-featurecombinationquery-1.5.0/AndroidManifest.xml
Loading library manifest /opt/gradle/.gradle/caches/9.3.1/transforms/b31266a98f5e144e6026cb437eb1527a/transformed/interpolator-1.0.0/AndroidManifest.xml
Loading library manifest /opt/gradle/.gradle/caches/9.3.1/transforms/c95e560ed9f9438d32138274637eae0d/transformed/versionedparcelable-1.1.1/AndroidManifest.xml
Loading library manifest /opt/gradle/.gradle/caches/9.3.1/transforms/f7331faef428a5694bc41da7b6e9624b/transformed/exifinterface-1.3.7/AndroidManifest.xml
Loading library manifest /opt/gradle/.gradle/caches/9.3.1/transforms/21bb4d5027e4b8955ea9fea45ac9ffac/transformed/cursoradapter-1.0.0/AndroidManifest.xml
Merging main manifest /app/applet/app/src/main/AndroidManifest.xml

Merging library manifest /opt/gradle/.gradle/caches/9.3.1/transforms/fe3731a192d8ca92661f007c35e28479/transformed/jetified-accompanist-permissions-0.37.3/AndroidManifest.xml
Merging manifest with lower [com.google.accompanist:accompanist-permissions:0.37.3] AndroidManifest.xml:17:1-23:12
uses-sdk defined in both files...
Merging uses-sdk with lower [com.google.accompanist:accompanist-permissions:0.37.3] AndroidManifest.xml:21:5-44
Merging library manifest /opt/gradle/.gradle/caches/9.3.1/transforms/010c67cb3e1ab3b16d25adf314da8c8e/transformed/navigation-common-2.8.9/AndroidManifest.xml
Merging manifest with lower [androidx.navigation:navigation-common:2.8.9] AndroidManifest.xml:17:1-22:12
uses-sdk defined in both files...
Merging uses-sdk with lower [androidx.navigation:navigation-common:2.8.9] AndroidManifest.xml:20:5-44
Merging library manifest /opt/gradle/.gradle/caches/9.3.1/transforms/0ecb0aec9c0fd7b138b465897686b28c/transformed/navigation-runtime-2.8.9/AndroidManifest.xml
Merging manifest with lower [androidx.navigation:navigation-runtime:2.8.9] AndroidManifest.xml:17:1-22:12
uses-sdk defined in both files...
Merging uses-sdk with lower [androidx.navigation:navigation-runtime:2.8.9] AndroidManifest.xml:20:5-44
Merging library manifest /opt/gradle/.gradle/caches/9.3.1/transforms/ad77a35617a7e82aad30508f3fe3c15c/transformed/navigation-common-ktx-2.8.9/AndroidManifest.xml
Merging manifest with lower [androidx.navigation:navigation-common-ktx:2.8.9] AndroidManifest.xml:2:1-7:12
uses-sdk defined in both files...
Merging uses-sdk with lower [androidx.navigation:navigation-common-ktx:2.8.9] AndroidManifest.xml:5:5-44
Merging library manifest /opt/gradle/.gradle/caches/9.3.1/transforms/5730a3308c13524e1e52aeae78342c0f/transformed/navigation-runtime-ktx-2.8.9/AndroidManifest.xml
Merging manifest with lower [androidx.navigation:navigation-runtime-ktx:2.8.9] AndroidManifest.xml:2:1-7:12
uses-sdk defined in both files...
Merging uses-sdk with lower [androidx.navigation:navigation-runtime-ktx:2.8.9] AndroidManifest.xml:5:5-44
Merging library manifest /opt/gradle/.gradle/caches/9.3.1/transforms/2b8b32e53ee239f9be6175cb7c25ce53/transformed/jetified-navigation-compose-2.8.9/AndroidManifest.xml
Merging manifest with lower [androidx.navigation:navigation-compose:2.8.9] AndroidManifest.xml:2:1-7:12
uses-sdk defined in both files...
Merging uses-sdk with lower [androidx.navigation:navigation-compose:2.8.9] AndroidManifest.xml:5:5-44
Merging library manifest /opt/gradle/.gradle/caches/9.3.1/transforms/f041467065e13580412693a4e57846b2/transformed/jetified-material3-release/AndroidManifest.xml
Merging manifest with lower [androidx.compose.material3:material3-android:1.3.1] AndroidManifest.xml:17:1-22:12
uses-sdk defined in both files...
Merging uses-sdk with lower [androidx.compose.material3:material3-android:1.3.1] AndroidManifest.xml:20:5-44
Merging library manifest /opt/gradle/.gradle/caches/9.3.1/transforms/95db0b52fba8b9c3dde84491527c506c/transformed/jetified-coil-compose-2.7.0/AndroidManifest.xml
Merging manifest with lower [io.coil-kt:coil-compose:2.7.0] AndroidManifest.xml:2:1-7:12
uses-sdk defined in both files...
Merging uses-sdk with lower [io.coil-kt:coil-compose:2.7.0] AndroidManifest.xml:5:5-44
Merging library manifest /opt/gradle/.gradle/caches/9.3.1/transforms/cfc60be1cc7f19b1b84b50684e8a0e0b/transformed/jetified-coil-compose-base-2.7.0/AndroidManifest.xml
Merging manifest with lower [io.coil-kt:coil-compose-base:2.7.0] AndroidManifest.xml:2:1-7:12
uses-sdk defined in both files...
Merging uses-sdk with lower [io.coil-kt:coil-compose-base:2.7.0] AndroidManifest.xml:5:5-44
Merging library manifest /opt/gradle/.gradle/caches/9.3.1/transforms/8b9cba14ec8d3d8cbe82579a96230507/transformed/jetified-material-release/AndroidManifest.xml
Merging manifest with lower [androidx.compose.material:material-android:1.7.5] AndroidManifest.xml:2:1-7:12
uses-sdk defined in both files...
Merging uses-sdk with lower [androidx.compose.material:material-android:1.7.5] AndroidManifest.xml:5:5-44
Merging library manifest /opt/gradle/.gradle/caches/9.3.1/transforms/7c35b0883b95e56c9d6d8116222c4c20/transformed/jetified-animation-core-release/AndroidManifest.xml
Merging manifest with lower [androidx.compose.animation:animation-core-android:1.7.5] AndroidManifest.xml:2:1-7:12
uses-sdk defined in both files...
Merging uses-sdk with lower [androidx.compose.animation:animation-core-android:1.7.5] AndroidManifest.xml:5:5-44
Merging library manifest /opt/gradle/.gradle/caches/9.3.1/transforms/6192ec08ad811037f8f9ff1cb6d8d09a/transformed/jetified-material-ripple-release/AndroidManifest.xml
Merging manifest with lower [androidx.compose.material:material-ripple-android:1.7.5] AndroidManifest.xml:2:1-7:12
uses-sdk defined in both files...
Merging uses-sdk with lower [androidx.compose.material:material-ripple-android:1.7.5] AndroidManifest.xml:5:5-44
Merging library manifest /opt/gradle/.gradle/caches/9.3.1/transforms/44bc905b3c71aa3fa94d118cb9c4f9aa/transformed/jetified-animation-release/AndroidManifest.xml
Merging manifest with lower [androidx.compose.animation:animation-android:1.7.5] AndroidManifest.xml:2:1-7:12
uses-sdk defined in both files...
Merging uses-sdk with lower [androidx.compose.animation:animation-android:1.7.5] AndroidManifest.xml:5:5-44
Merging library manifest /opt/gradle/.gradle/caches/9.3.1/transforms/9a36407d09695d33c237ab79125b7368/transformed/jetified-foundation-layout-release/AndroidManifest.xml
Merging manifest with lower [androidx.compose.foundation:foundation-layout-android:1.7.5] AndroidManifest.xml:2:1-7:12
uses-sdk defined in both files...
Merging uses-sdk with lower [androidx.compose.foundation:foundation-layout-android:1.7.5] AndroidManifest.xml:5:5-44
Merging library manifest /opt/gradle/.gradle/caches/9.3.1/transforms/464177ec0cf82891e9b7c52969da83da/transformed/jetified-foundation-release/AndroidManifest.xml
Merging manifest with lower [androidx.compose.foundation:foundation-android:1.7.5] AndroidManifest.xml:2:1-7:12
uses-sdk defined in both files...
Merging uses-sdk with lower [androidx.compose.foundation:foundation-android:1.7.5] AndroidManifest.xml:5:5-44
Merging library manifest /opt/gradle/.gradle/caches/9.3.1/transforms/03bf141e5fa203534be0861f59c8c20c/transformed/jetified-ui-tooling-data-release/AndroidManifest.xml
Merging manifest with lower [androidx.compose.ui:ui-tooling-data-android:1.7.5] AndroidManifest.xml:2:1-7:12
uses-sdk defined in both files...
Merging uses-sdk with lower [androidx.compose.ui:ui-tooling-data-android:1.7.5] AndroidManifest.xml:5:5-44
Merging library manifest /opt/gradle/.gradle/caches/9.3.1/transforms/6075ccedffa94b491d41fd0379b824e8/transformed/jetified-ui-unit-release/AndroidManifest.xml
Merging manifest with lower [androidx.compose.ui:ui-unit-android:1.7.5] AndroidManifest.xml:2:1-7:12
uses-sdk defined in both files...
Merging uses-sdk with lower [androidx.compose.ui:ui-unit-android:1.7.5] AndroidManifest.xml:5:5-44
Merging library manifest /opt/gradle/.gradle/caches/9.3.1/transforms/068d5d7971da98df14f05e1eba4e218d/transformed/jetified-ui-geometry-release/AndroidManifest.xml
Merging manifest with lower [androidx.compose.ui:ui-geometry-android:1.7.5] AndroidManifest.xml:2:1-7:12
uses-sdk defined in both files...
Merging uses-sdk with lower [androidx.compose.ui:ui-geometry-android:1.7.5] AndroidManifest.xml:5:5-44
Merging library manifest /opt/gradle/.gradle/caches/9.3.1/transforms/e7626449f1cad337b87655d507a5a69d/transformed/jetified-ui-util-release/AndroidManifest.xml
Merging manifest with lower [androidx.compose.ui:ui-util-android:1.7.5] AndroidManifest.xml:2:1-7:12
uses-sdk defined in both files...
Merging uses-sdk with lower [androidx.compose.ui:ui-util-android:1.7.5] AndroidManifest.xml:5:5-44
Merging library manifest /opt/gradle/.gradle/caches/9.3.1/transforms/fe2056f497426a6bf09dec5cc6ee5fdc/transformed/jetified-ui-text-release/AndroidManifest.xml
Merging manifest with lower [androidx.compose.ui:ui-text-android:1.7.5] AndroidManifest.xml:2:1-7:12
uses-sdk defined in both files...
Merging uses-sdk with lower [androidx.compose.ui:ui-text-android:1.7.5] AndroidManifest.xml:5:5-44
Merging library manifest /opt/gradle/.gradle/caches/9.3.1/transforms/b8ba0e84758186a9432b41489d15f017/transformed/jetified-ui-tooling-preview-release/AndroidManifest.xml
Merging manifest with lower [androidx.compose.ui:ui-tooling-preview-android:1.7.5] AndroidManifest.xml:17:1-22:12
uses-sdk defined in both files...
Merging uses-sdk with lower [androidx.compose.ui:ui-tooling-preview-android:1.7.5] AndroidManifest.xml:20:5-44
Merging library manifest /opt/gradle/.gradle/caches/9.3.1/transforms/c86985a243eee53c0fea678b2319b968/transformed/jetified-ui-tooling-release/AndroidManifest.xml
Merging manifest with lower [androidx.compose.ui:ui-tooling-android:1.7.5] AndroidManifest.xml:17:1-28:12
uses-sdk defined in both files...
Merging uses-sdk with lower [androidx.compose.ui:ui-tooling-android:1.7.5] AndroidManifest.xml:20:5-44
application defined in both files...
Merging application with lower [androidx.compose.ui:ui-tooling-android:1.7.5] AndroidManifest.xml:22:5-26:19
Adopted [activity: null]
Merging library manifest /opt/gradle/.gradle/caches/9.3.1/transforms/0fb8b0179712442ac6a74744b28ade5b/transformed/jetified-ui-graphics-release/AndroidManifest.xml
Merging manifest with lower [androidx.compose.ui:ui-graphics-android:1.7.5] AndroidManifest.xml:2:1-7:12
uses-sdk defined in both files...
Merging uses-sdk with lower [androidx.compose.ui:ui-graphics-android:1.7.5] AndroidManifest.xml:5:5-44
Merging library manifest /opt/gradle/.gradle/caches/9.3.1/transforms/a372721a253eb64c4b51846c119bd365/transformed/jetified-ui-test-manifest-1.7.5/AndroidManifest.xml
Merging manifest with lower [androidx.compose.ui:ui-test-manifest:1.7.5] AndroidManifest.xml:17:1-28:12
uses-sdk defined in both files...
Merging uses-sdk with lower [androidx.compose.ui:ui-test-manifest:1.7.5] AndroidManifest.xml:20:5-44
application defined in both files...
Merging application with lower [androidx.compose.ui:ui-test-manifest:1.7.5] AndroidManifest.xml:22:5-26:19
Adopted [activity: null]
Merging library manifest /opt/gradle/.gradle/caches/9.3.1/transforms/00fd3567bbe5687d450cd956ae262f97/transformed/jetified-camera-video-1.5.0/AndroidManifest.xml
Merging manifest with lower [androidx.camera:camera-video:1.5.0] AndroidManifest.xml:2:1-7:12
uses-sdk defined in both files...
Merging uses-sdk with lower [androidx.camera:camera-video:1.5.0] AndroidManifest.xml:5:5-44
Merging library manifest /opt/gradle/.gradle/caches/9.3.1/transforms/442529d2192db296c2ff502bb985a0cd/transformed/jetified-camera-view-1.5.0/AndroidManifest.xml
Merging manifest with lower [androidx.camera:camera-view:1.5.0] AndroidManifest.xml:2:1-7:12
uses-sdk defined in both files...
Merging uses-sdk with lower [androidx.camera:camera-view:1.5.0] AndroidManifest.xml:5:5-44
Merging library manifest /opt/gradle/.gradle/caches/9.3.1/transforms/8092a9da76987ede1eb8c1ea38bfa0b7/transformed/jetified-camera-lifecycle-1.5.0/AndroidManifest.xml
Merging manifest with lower [androidx.camera:camera-lifecycle:1.5.0] AndroidManifest.xml:2:1-7:12
uses-sdk defined in both files...
Merging uses-sdk with lower [androidx.camera:camera-lifecycle:1.5.0] AndroidManifest.xml:5:5-44
Merging library manifest /opt/gradle/.gradle/caches/9.3.1/transforms/1238bd2e20e883ec40897eb0b9a14137/transformed/jetified-camera-camera2-1.5.0/AndroidManifest.xml
Merging manifest with lower [androidx.camera:camera-camera2:1.5.0] AndroidManifest.xml:17:1-36:12
uses-sdk defined in both files...
Merging uses-sdk with lower [androidx.camera:camera-camera2:1.5.0] AndroidManifest.xml:21:5-44
application defined in both files...
Merging application with lower [androidx.camera:camera-camera2:1.5.0] AndroidManifest.xml:23:5-34:19
Adopted [service: null]
Merging library manifest /opt/gradle/.gradle/caches/9.3.1/transforms/32d6ce8b33eff46b1a57c76c2f08e791/transformed/jetified-camera-core-1.5.0/AndroidManifest.xml
Merging manifest with lower [androidx.camera:camera-core:1.5.0] AndroidManifest.xml:17:1-36:12
uses-sdk defined in both files...
Merging uses-sdk with lower [androidx.camera:camera-core:1.5.0] AndroidManifest.xml:21:5-44
application defined in both files...
Merging application with lower [androidx.camera:camera-core:1.5.0] AndroidManifest.xml:23:5-34:19
service#androidx.camera.core.impl.MetadataHolderService defined in both files...
Merging service#androidx.camera.core.impl.MetadataHolderService with lower [androidx.camera:camera-core:1.5.0] AndroidManifest.xml:29:9-33:78
Merging library manifest /opt/gradle/.gradle/caches/9.3.1/transforms/f3357de5b44fcac6438431004b384aa9/transformed/jetified-coil-2.7.0/AndroidManifest.xml
Merging manifest with lower [io.coil-kt:coil:2.7.0] AndroidManifest.xml:2:1-7:12
uses-sdk defined in both files...
Merging uses-sdk with lower [io.coil-kt:coil:2.7.0] AndroidManifest.xml:5:5-44
Merging library manifest /opt/gradle/.gradle/caches/9.3.1/transforms/1663eed400c699ee882bad45e0f823a6/transformed/jetified-coil-base-2.7.0/AndroidManifest.xml
Merging manifest with lower [io.coil-kt:coil-base:2.7.0] AndroidManifest.xml:2:1-7:12
uses-sdk defined in both files...
Merging uses-sdk with lower [io.coil-kt:coil-base:2.7.0] AndroidManifest.xml:5:5-44
Merging library manifest /opt/gradle/.gradle/caches/9.3.1/transforms/16b8c37a9c9a9d0dd8af856ed34edfdd/transformed/jetified-appcompat-resources-1.6.1/AndroidManifest.xml
Merging manifest with lower [androidx.appcompat:appcompat-resources:1.6.1] AndroidManifest.xml:17:1-22:12
uses-sdk defined in both files...
Merging uses-sdk with lower [androidx.appcompat:appcompat-resources:1.6.1] AndroidManifest.xml:20:5-44
Merging library manifest /opt/gradle/.gradle/caches/9.3.1/transforms/26ef40f88b6da64d86244d4b1d19972b/transformed/appcompat-1.6.1/AndroidManifest.xml
Merging manifest with lower [androidx.appcompat:appcompat:1.6.1] AndroidManifest.xml:17:1-22:12
uses-sdk defined in both files...
Merging uses-sdk with lower [androidx.appcompat:appcompat:1.6.1] AndroidManifest.xml:20:5-44
Merging library manifest /opt/gradle/.gradle/caches/9.3.1/transforms/17e702d452372a4a8664d435d759cf26/transformed/fragment-1.3.6/AndroidManifest.xml
Merging manifest with lower [androidx.fragment:fragment:1.3.6] AndroidManifest.xml:17:1-24:12
uses-sdk defined in both files...
Merging uses-sdk with lower [androidx.fragment:fragment:1.3.6] AndroidManifest.xml:20:5-22:41
Merging library manifest /opt/gradle/.gradle/caches/9.3.1/transforms/34a943bee234201db93ab980ab6b7b9f/transformed/jetified-activity-1.9.3/AndroidManifest.xml
Merging manifest with lower [androidx.activity:activity:1.9.3] AndroidManifest.xml:17:1-22:12
uses-sdk defined in both files...
Merging uses-sdk with lower [androidx.activity:activity:1.9.3] AndroidManifest.xml:20:5-44
Merging library manifest /opt/gradle/.gradle/caches/9.3.1/transforms/d4a3b0e21a9a7edc8d0407aee29cc920/transformed/jetified-savedstate-ktx-1.2.1/AndroidManifest.xml
Merging manifest with lower [androidx.savedstate:savedstate-ktx:1.2.1] AndroidManifest.xml:17:1-22:12
uses-sdk defined in both files...
Merging uses-sdk with lower [androidx.savedstate:savedstate-ktx:1.2.1] AndroidManifest.xml:20:5-44
Merging library manifest /opt/gradle/.gradle/caches/9.3.1/transforms/033b36e90179c265fcf21ad8f736b8ec/transformed/jetified-savedstate-1.2.1/AndroidManifest.xml
Merging manifest with lower [androidx.savedstate:savedstate:1.2.1] AndroidManifest.xml:17:1-22:12
uses-sdk defined in both files...
Merging uses-sdk with lower [androidx.savedstate:savedstate:1.2.1] AndroidManifest.xml:20:5-44
Merging library manifest /opt/gradle/.gradle/caches/9.3.1/transforms/76db64eda8c556f90142165870bf8436/transformed/jetified-emoji2-views-helper-1.3.0/AndroidManifest.xml
Merging manifest with lower [androidx.emoji2:emoji2-views-helper:1.3.0] AndroidManifest.xml:2:1-7:12
uses-sdk defined in both files...
Merging uses-sdk with lower [androidx.emoji2:emoji2-views-helper:1.3.0] AndroidManifest.xml:5:5-44
Merging library manifest /opt/gradle/.gradle/caches/9.3.1/transforms/2c1861fcad53ac0c87e93d65a5aaabb4/transformed/jetified-emoji2-1.3.0/AndroidManifest.xml
Merging manifest with lower [androidx.emoji2:emoji2:1.3.0] AndroidManifest.xml:17:1-35:12
uses-sdk defined in both files...
Merging uses-sdk with lower [androidx.emoji2:emoji2:1.3.0] AndroidManifest.xml:21:5-44
application defined in both files...
Merging application with lower [androidx.emoji2:emoji2:1.3.0] AndroidManifest.xml:23:5-33:19
Adopted [provider: null]
Merging library manifest /opt/gradle/.gradle/caches/9.3.1/transforms/63a9dea6e789bc29b52fb39b9b23f4ed/transformed/jetified-lifecycle-process-2.8.7/AndroidManifest.xml
Merging manifest with lower [androidx.lifecycle:lifecycle-process:2.8.7] AndroidManifest.xml:17:1-35:12
uses-sdk defined in both files...
Merging uses-sdk with lower [androidx.lifecycle:lifecycle-process:2.8.7] AndroidManifest.xml:21:5-44
application defined in both files...
Merging application with lower [androidx.lifecycle:lifecycle-process:2.8.7] AndroidManifest.xml:23:5-33:19
provider#androidx.startup.InitializationProvider defined in both files...
Merging provider#androidx.startup.InitializationProvider with lower [androidx.lifecycle:lifecycle-process:2.8.7] AndroidManifest.xml:24:9-32:20
Adopted [meta-data: null]
Merging library manifest /opt/gradle/.gradle/caches/9.3.1/transforms/17058dafbabc35775e1a82d27611f057/transformed/jetified-lifecycle-runtime-release/AndroidManifest.xml
Merging manifest with lower [androidx.lifecycle:lifecycle-runtime-android:2.8.7] AndroidManifest.xml:17:1-22:12
uses-sdk defined in both files...
Merging uses-sdk with lower [androidx.lifecycle:lifecycle-runtime-android:2.8.7] AndroidManifest.xml:20:5-44
Merging library manifest /opt/gradle/.gradle/caches/9.3.1/transforms/48f3eb464481aa9371ed5c7ebbbd7944/transformed/loader-1.0.0/AndroidManifest.xml
Merging manifest with lower [androidx.loader:loader:1.0.0] AndroidManifest.xml:17:1-22:12
uses-sdk defined in both files...
Merging uses-sdk with lower [androidx.loader:loader:1.0.0] AndroidManifest.xml:20:5-44
Merging library manifest /opt/gradle/.gradle/caches/9.3.1/transforms/405a54bc4999c7a134f21a62e811783b/transformed/lifecycle-viewmodel-2.8.7/AndroidManifest.xml
Merging manifest with lower [androidx.lifecycle:lifecycle-viewmodel:2.8.7] AndroidManifest.xml:2:1-5:12
uses-sdk defined in both files...
Merging uses-sdk with lower [androidx.lifecycle:lifecycle-viewmodel:2.8.7] AndroidManifest.xml:4:5-43
Merging library manifest /opt/gradle/.gradle/caches/9.3.1/transforms/5835de669e47091a8cac982dfefa6ad8/transformed/jetified-lifecycle-viewmodel-release/AndroidManifest.xml
Merging manifest with lower [androidx.lifecycle:lifecycle-viewmodel-android:2.8.7] AndroidManifest.xml:17:1-22:12
uses-sdk defined in both files...
Merging uses-sdk with lower [androidx.lifecycle:lifecycle-viewmodel-android:2.8.7] AndroidManifest.xml:20:5-44
Merging library manifest /opt/gradle/.gradle/caches/9.3.1/transforms/2ebaa671d1ea0f522af84bd3afccfc73/transformed/jetified-lifecycle-livedata-core-ktx-2.8.7/AndroidManifest.xml
Merging manifest with lower [androidx.lifecycle:lifecycle-livedata-core-ktx:2.8.7] AndroidManifest.xml:2:1-7:12
uses-sdk defined in both files...
Merging uses-sdk with lower [androidx.lifecycle:lifecycle-livedata-core-ktx:2.8.7] AndroidManifest.xml:5:5-44
Merging library manifest /opt/gradle/.gradle/caches/9.3.1/transforms/d4cec5d9c07f1c2d5911b7686204fb69/transformed/jetified-lifecycle-viewmodel-savedstate-2.8.7/AndroidManifest.xml
Merging manifest with lower [androidx.lifecycle:lifecycle-viewmodel-savedstate:2.8.7] AndroidManifest.xml:17:1-22:12
uses-sdk defined in both files...
Merging uses-sdk with lower [androidx.lifecycle:lifecycle-viewmodel-savedstate:2.8.7] AndroidManifest.xml:20:5-44
Merging library manifest /opt/gradle/.gradle/caches/9.3.1/transforms/ed987f7c6948d35c4b4de1eda1a32bcc/transformed/jetified-lifecycle-viewmodel-ktx-2.8.7/AndroidManifest.xml
Merging manifest with lower [androidx.lifecycle:lifecycle-viewmodel-ktx:2.8.7] AndroidManifest.xml:2:1-7:12
uses-sdk defined in both files...
Merging uses-sdk with lower [androidx.lifecycle:lifecycle-viewmodel-ktx:2.8.7] AndroidManifest.xml:5:5-44
Merging library manifest /opt/gradle/.gradle/caches/9.3.1/transforms/8352356b2bd7c5a8de8f3d69ee1071fd/transformed/lifecycle-livedata-core-2.8.7/AndroidManifest.xml
Merging manifest with lower [androidx.lifecycle:lifecycle-livedata-core:2.8.7] AndroidManifest.xml:17:1-22:12
uses-sdk defined in both files...
Merging uses-sdk with lower [androidx.lifecycle:lifecycle-livedata-core:2.8.7] AndroidManifest.xml:20:5-44
Merging library manifest /opt/gradle/.gradle/caches/9.3.1/transforms/f3f64694eb97fc7806d1dae751ecd49a/transformed/lifecycle-livedata-2.8.7/AndroidManifest.xml
Merging manifest with lower [androidx.lifecycle:lifecycle-livedata:2.8.7] AndroidManifest.xml:17:1-22:12
uses-sdk defined in both files...
Merging uses-sdk with lower [androidx.lifecycle:lifecycle-livedata:2.8.7] AndroidManifest.xml:20:5-44
Merging library manifest /opt/gradle/.gradle/caches/9.3.1/transforms/db8327f7fae1a35326be02d83ab9170d/transformed/jetified-lifecycle-runtime-ktx-release/AndroidManifest.xml
Merging manifest with lower [androidx.lifecycle:lifecycle-runtime-ktx-android:2.8.7] AndroidManifest.xml:2:1-7:12
uses-sdk defined in both files...
Merging uses-sdk with lower [androidx.lifecycle:lifecycle-runtime-ktx-android:2.8.7] AndroidManifest.xml:5:5-44
Merging library manifest /opt/gradle/.gradle/caches/9.3.1/transforms/05f35f2f83f4ba8a8ca9b75424ca13a0/transformed/jetified-lifecycle-runtime-compose-release/AndroidManifest.xml
Merging manifest with lower [androidx.lifecycle:lifecycle-runtime-compose-android:2.8.7] AndroidManifest.xml:2:1-7:12
uses-sdk defined in both files...
Merging uses-sdk with lower [androidx.lifecycle:lifecycle-runtime-compose-android:2.8.7] AndroidManifest.xml:5:5-44
Merging library manifest /opt/gradle/.gradle/caches/9.3.1/transforms/bd4c3a9cc947d731fa56e29e2ffa529b/transformed/jetified-lifecycle-viewmodel-compose-release/AndroidManifest.xml
Merging manifest with lower [androidx.lifecycle:lifecycle-viewmodel-compose-android:2.8.7] AndroidManifest.xml:2:1-7:12
uses-sdk defined in both files...
Merging uses-sdk with lower [androidx.lifecycle:lifecycle-viewmodel-compose-android:2.8.7] AndroidManifest.xml:5:5-44
Merging library manifest /opt/gradle/.gradle/caches/9.3.1/transforms/8910bbaa682f821a7e8e03fb6cf3a1b9/transformed/jetified-material-icons-extended-release/AndroidManifest.xml
Merging manifest with lower [androidx.compose.material:material-icons-extended-android:1.7.5] AndroidManifest.xml:2:1-7:12
uses-sdk defined in both files...
Merging uses-sdk with lower [androidx.compose.material:material-icons-extended-android:1.7.5] AndroidManifest.xml:5:5-44
Merging library manifest /opt/gradle/.gradle/caches/9.3.1/transforms/f281c32b9da29614d4c27d798f0de374/transformed/jetified-material-icons-core-release/AndroidManifest.xml
Merging manifest with lower [androidx.compose.material:material-icons-core-android:1.7.5] AndroidManifest.xml:2:1-7:12
uses-sdk defined in both files...
Merging uses-sdk with lower [androidx.compose.material:material-icons-core-android:1.7.5] AndroidManifest.xml:5:5-44
Merging library manifest /opt/gradle/.gradle/caches/9.3.1/transforms/4373b88a0d25f1f68250ad8c5c9ef7e8/transformed/jetified-accompanist-drawablepainter-0.32.0/AndroidManifest.xml
Merging manifest with lower [com.google.accompanist:accompanist-drawablepainter:0.32.0] AndroidManifest.xml:17:1-23:12
uses-sdk defined in both files...
Merging uses-sdk with lower [com.google.accompanist:accompanist-drawablepainter:0.32.0] AndroidManifest.xml:21:5-44
Merging library manifest /opt/gradle/.gradle/caches/9.3.1/transforms/b952504133b6fe786f3bf2bd86e0c9f9/transformed/jetified-ui-release/AndroidManifest.xml
Merging manifest with lower [androidx.compose.ui:ui-android:1.7.5] AndroidManifest.xml:2:1-7:12
uses-sdk defined in both files...
Merging uses-sdk with lower [androidx.compose.ui:ui-android:1.7.5] AndroidManifest.xml:5:5-44
Merging library manifest /opt/gradle/.gradle/caches/9.3.1/transforms/2211b4f177e1bff8f18b160ba94380fa/transformed/jetified-activity-ktx-1.9.3/AndroidManifest.xml
Merging manifest with lower [androidx.activity:activity-ktx:1.9.3] AndroidManifest.xml:2:1-7:12
uses-sdk defined in both files...
Merging uses-sdk with lower [androidx.activity:activity-ktx:1.9.3] AndroidManifest.xml:5:5-44
Merging library manifest /opt/gradle/.gradle/caches/9.3.1/transforms/518a9889cdd4dd8691d56bba0da2c414/transformed/jetified-activity-compose-1.9.3/AndroidManifest.xml
Merging manifest with lower [androidx.activity:activity-compose:1.9.3] AndroidManifest.xml:2:1-7:12
uses-sdk defined in both files...
Merging uses-sdk with lower [androidx.activity:activity-compose:1.9.3] AndroidManifest.xml:5:5-44
Merging library manifest /opt/gradle/.gradle/caches/9.3.1/transforms/d43ec47d910b3c29e5e5355e36c74a72/transformed/jetified-autofill-1.0.0/AndroidManifest.xml
Merging manifest with lower [androidx.autofill:autofill:1.0.0] AndroidManifest.xml:17:1-24:12
uses-sdk defined in both files...
Merging uses-sdk with lower [androidx.autofill:autofill:1.0.0] AndroidManifest.xml:20:5-22:41
Merging library manifest /opt/gradle/.gradle/caches/9.3.1/transforms/56a6659f97e42fb34492019cf2b3f3ee/transformed/jetified-graphics-path-1.0.1/AndroidManifest.xml
Merging manifest with lower [androidx.graphics:graphics-path:1.0.1] AndroidManifest.xml:2:1-7:12
uses-sdk defined in both files...
Merging uses-sdk with lower [androidx.graphics:graphics-path:1.0.1] AndroidManifest.xml:5:5-44
Merging library manifest /opt/gradle/.gradle/caches/9.3.1/transforms/e93cd45ab5fa9207705a3cb41fd4da8f/transformed/vectordrawable-animated-1.1.0/AndroidManifest.xml
Merging manifest with lower [androidx.vectordrawable:vectordrawable-animated:1.1.0] AndroidManifest.xml:17:1-24:12
uses-sdk defined in both files...
Merging uses-sdk with lower [androidx.vectordrawable:vectordrawable-animated:1.1.0] AndroidManifest.xml:20:5-22:41
Merging library manifest /opt/gradle/.gradle/caches/9.3.1/transforms/26cb2d33956bf535a7b4f171b1170600/transformed/vectordrawable-1.1.0/AndroidManifest.xml
Merging manifest with lower [androidx.vectordrawable:vectordrawable:1.1.0] AndroidManifest.xml:17:1-24:12
uses-sdk defined in both files...
Merging uses-sdk with lower [androidx.vectordrawable:vectordrawable:1.1.0] AndroidManifest.xml:20:5-22:41
Merging library manifest /opt/gradle/.gradle/caches/9.3.1/transforms/98d6d208e25cf7683865ea2ca49be0e8/transformed/drawerlayout-1.0.0/AndroidManifest.xml
Merging manifest with lower [androidx.drawerlayout:drawerlayout:1.0.0] AndroidManifest.xml:17:1-22:12
uses-sdk defined in both files...
Merging uses-sdk with lower [androidx.drawerlayout:drawerlayout:1.0.0] AndroidManifest.xml:20:5-44
Merging library manifest /opt/gradle/.gradle/caches/9.3.1/transforms/91bebab74b085d32c5b0711c35a2a674/transformed/viewpager-1.0.0/AndroidManifest.xml
Merging manifest with lower [androidx.viewpager:viewpager:1.0.0] AndroidManifest.xml:17:1-22:12
uses-sdk defined in both files...
Merging uses-sdk with lower [androidx.viewpager:viewpager:1.0.0] AndroidManifest.xml:20:5-44
Merging library manifest /opt/gradle/.gradle/caches/9.3.1/transforms/b5f4b92e12db68c40444e9b48e307cf9/transformed/customview-1.0.0/AndroidManifest.xml
Merging manifest with lower [androidx.customview:customview:1.0.0] AndroidManifest.xml:17:1-22:12
uses-sdk defined in both files...
Merging uses-sdk with lower [androidx.customview:customview:1.0.0] AndroidManifest.xml:20:5-44
Merging library manifest /opt/gradle/.gradle/caches/9.3.1/transforms/52cabaf485cf5ba2d4b5215228bd2d11/transformed/core-1.15.0/AndroidManifest.xml
Merging manifest with lower [androidx.core:core:1.15.0] AndroidManifest.xml:17:1-30:12
uses-sdk defined in both files...
Merging uses-sdk with lower [androidx.core:core:1.15.0] AndroidManifest.xml:20:5-44
Adopted [permission: null]
Adopted [uses-permission: null]
application defined in both files...
Merging application with lower [androidx.core:core:1.15.0] AndroidManifest.xml:28:5-89
Merging library manifest /opt/gradle/.gradle/caches/9.3.1/transforms/dfed1755fd6ad3eea4445e2b03d38078/transformed/jetified-customview-poolingcontainer-1.0.0/AndroidManifest.xml
Merging manifest with lower [androidx.customview:customview-poolingcontainer:1.0.0] AndroidManifest.xml:17:1-23:12
uses-sdk defined in both files...
Merging uses-sdk with lower [androidx.customview:customview-poolingcontainer:1.0.0] AndroidManifest.xml:20:5-21:38
Merging library manifest /opt/gradle/.gradle/caches/9.3.1/transforms/d200231b15d0f0688257742c871442f9/transformed/jetified-core-ktx-1.15.0/AndroidManifest.xml
Merging manifest with lower [androidx.core:core-ktx:1.15.0] AndroidManifest.xml:2:1-7:12
uses-sdk defined in both files...
Merging uses-sdk with lower [androidx.core:core-ktx:1.15.0] AndroidManifest.xml:5:5-44
Merging library manifest /opt/gradle/.gradle/caches/9.3.1/transforms/9fdc59d719d9a2d4e660ef789f397343/transformed/room-runtime-2.6.1/AndroidManifest.xml
Merging manifest with lower [androidx.room:room-runtime:2.6.1] AndroidManifest.xml:17:1-31:12
uses-sdk defined in both files...
Merging uses-sdk with lower [androidx.room:room-runtime:2.6.1] AndroidManifest.xml:21:5-44
application defined in both files...
Merging application with lower [androidx.room:room-runtime:2.6.1] AndroidManifest.xml:23:5-29:19
Adopted [service: null]
Merging library manifest /opt/gradle/.gradle/caches/9.3.1/transforms/83d492409b949d7119e9384291e45887/transformed/jetified-room-ktx-2.6.1/AndroidManifest.xml
Merging manifest with lower [androidx.room:room-ktx:2.6.1] AndroidManifest.xml:17:1-22:12
uses-sdk defined in both files...
Merging uses-sdk with lower [androidx.room:room-ktx:2.6.1] AndroidManifest.xml:20:5-44
Merging library manifest /opt/gradle/.gradle/caches/9.3.1/transforms/0eda25b2384add63cc6b29614be5ae7d/transformed/jetified-runtime-saveable-release/AndroidManifest.xml
Merging manifest with lower [androidx.compose.runtime:runtime-saveable-android:1.7.5] AndroidManifest.xml:2:1-7:12
uses-sdk defined in both files...
Merging uses-sdk with lower [androidx.compose.runtime:runtime-saveable-android:1.7.5] AndroidManifest.xml:5:5-44
Merging library manifest /opt/gradle/.gradle/caches/9.3.1/transforms/ca03fbf286bbd1fd03675223f2fe0c8d/transformed/jetified-runtime-release/AndroidManifest.xml
Merging manifest with lower [androidx.compose.runtime:runtime-android:1.7.5] AndroidManifest.xml:2:1-7:12
uses-sdk defined in both files...
Merging uses-sdk with lower [androidx.compose.runtime:runtime-android:1.7.5] AndroidManifest.xml:5:5-44
Merging library manifest /opt/gradle/.gradle/caches/9.3.1/transforms/3a3dd191192b73fd304cfb8972f12e2e/transformed/jetified-annotation-experimental-1.4.1/AndroidManifest.xml
Merging manifest with lower [androidx.annotation:annotation-experimental:1.4.1] AndroidManifest.xml:2:1-7:12
uses-sdk defined in both files...
Merging uses-sdk with lower [androidx.annotation:annotation-experimental:1.4.1] AndroidManifest.xml:5:5-44
Merging library manifest /opt/gradle/.gradle/caches/9.3.1/transforms/f285fdd043547f1c0165f0ff97db506f/transformed/jetified-profileinstaller-1.3.1/AndroidManifest.xml
Merging manifest with lower [androidx.profileinstaller:profileinstaller:1.3.1] AndroidManifest.xml:17:1-55:12
uses-sdk defined in both files...
Merging uses-sdk with lower [androidx.profileinstaller:profileinstaller:1.3.1] AndroidManifest.xml:21:5-44
application defined in both files...
Merging application with lower [androidx.profileinstaller:profileinstaller:1.3.1] AndroidManifest.xml:23:5-53:19
provider#androidx.startup.InitializationProvider defined in both files...
Merging provider#androidx.startup.InitializationProvider with lower [androidx.profileinstaller:profileinstaller:1.3.1] AndroidManifest.xml:24:9-32:20
Adopted [meta-data: null]
Adopted [receiver: null]
Merging library manifest /opt/gradle/.gradle/caches/9.3.1/transforms/3c6b895bdf638e31dc64b0c5616820d8/transformed/jetified-startup-runtime-1.1.1/AndroidManifest.xml
Merging manifest with lower [androidx.startup:startup-runtime:1.1.1] AndroidManifest.xml:17:1-33:12
uses-sdk defined in both files...
Merging uses-sdk with lower [androidx.startup:startup-runtime:1.1.1] AndroidManifest.xml:21:5-23:41
application defined in both files...
Merging application with lower [androidx.startup:startup-runtime:1.1.1] AndroidManifest.xml:25:5-31:19
provider#androidx.startup.InitializationProvider defined in both files...
Merging provider#androidx.startup.InitializationProvider with lower [androidx.startup:startup-runtime:1.1.1] AndroidManifest.xml:26:9-30:34
Merging library manifest /opt/gradle/.gradle/caches/9.3.1/transforms/964fc14bf240fb2df9021da839d2a6de/transformed/jetified-tracing-1.2.0/AndroidManifest.xml
Merging manifest with lower [androidx.tracing:tracing:1.2.0] AndroidManifest.xml:17:1-22:12
uses-sdk defined in both files...
Merging uses-sdk with lower [androidx.tracing:tracing:1.2.0] AndroidManifest.xml:20:5-44
Merging library manifest /opt/gradle/.gradle/caches/9.3.1/transforms/0d4e7f244096daa620f6517cd129b036/transformed/jetified-tracing-ktx-1.2.0/AndroidManifest.xml
Merging manifest with lower [androidx.tracing:tracing-ktx:1.2.0] AndroidManifest.xml:17:1-22:12
uses-sdk defined in both files...
Merging uses-sdk with lower [androidx.tracing:tracing-ktx:1.2.0] AndroidManifest.xml:20:5-44
Merging library manifest /opt/gradle/.gradle/caches/9.3.1/transforms/d5f9399e5a27834fe665e885358f8e44/transformed/sqlite-framework-2.4.0/AndroidManifest.xml
Merging manifest with lower [androidx.sqlite:sqlite-framework:2.4.0] AndroidManifest.xml:17:1-22:12
uses-sdk defined in both files...
Merging uses-sdk with lower [androidx.sqlite:sqlite-framework:2.4.0] AndroidManifest.xml:20:5-44
Merging library manifest /opt/gradle/.gradle/caches/9.3.1/transforms/aa1ed74c605310787c0c15c93cdef74d/transformed/sqlite-2.4.0/AndroidManifest.xml
Merging manifest with lower [androidx.sqlite:sqlite:2.4.0] AndroidManifest.xml:17:1-22:12
uses-sdk defined in both files...
Merging uses-sdk with lower [androidx.sqlite:sqlite:2.4.0] AndroidManifest.xml:20:5-44
Merging library manifest /opt/gradle/.gradle/caches/9.3.1/transforms/1e76f6968f718ab422d93074401100d6/transformed/jetified-core-1.54.0/AndroidManifest.xml
Merging manifest with lower [com.google.ar:core:1.54.0] AndroidManifest.xml:8:1-45:12
uses-sdk defined in both files...
Merging uses-sdk with lower [com.google.ar:core:1.54.0] AndroidManifest.xml:16:5-18:41
Adopted [queries: null]
application defined in both files...
Merging application with lower [com.google.ar:core:1.54.0] AndroidManifest.xml:29:5-43:19
Adopted [meta-data: null]
Adopted [activity: null]
Merging library manifest /opt/gradle/.gradle/caches/9.3.1/transforms/006398b212a0631aa555465e266db94f/transformed/core-runtime-2.2.0/AndroidManifest.xml
Merging manifest with lower [androidx.arch.core:core-runtime:2.2.0] AndroidManifest.xml:17:1-22:12
uses-sdk defined in both files...
Merging uses-sdk with lower [androidx.arch.core:core-runtime:2.2.0] AndroidManifest.xml:20:5-44
Merging library manifest /opt/gradle/.gradle/caches/9.3.1/transforms/2efe609ce59bbe6f5449c016f678c7ea/transformed/jetified-featurecombinationquery-1.5.0/AndroidManifest.xml
Merging manifest with lower [androidx.camera.featurecombinationquery:featurecombinationquery:1.5.0] AndroidManifest.xml:2:1-7:12
uses-sdk defined in both files...
Merging uses-sdk with lower [androidx.camera.featurecombinationquery:featurecombinationquery:1.5.0] AndroidManifest.xml:5:5-44
Merging library manifest /opt/gradle/.gradle/caches/9.3.1/transforms/b31266a98f5e144e6026cb437eb1527a/transformed/interpolator-1.0.0/AndroidManifest.xml
Merging manifest with lower [androidx.interpolator:interpolator:1.0.0] AndroidManifest.xml:17:1-22:12
uses-sdk defined in both files...
Merging uses-sdk with lower [androidx.interpolator:interpolator:1.0.0] AndroidManifest.xml:20:5-44
Merging library manifest /opt/gradle/.gradle/caches/9.3.1/transforms/c95e560ed9f9438d32138274637eae0d/transformed/versionedparcelable-1.1.1/AndroidManifest.xml
Merging manifest with lower [androidx.versionedparcelable:versionedparcelable:1.1.1] AndroidManifest.xml:17:1-27:12
uses-sdk defined in both files...
Merging uses-sdk with lower [androidx.versionedparcelable:versionedparcelable:1.1.1] AndroidManifest.xml:20:5-22:41
application defined in both files...
Merging application with lower [androidx.versionedparcelable:versionedparcelable:1.1.1] AndroidManifest.xml:24:5-25:19
Merging library manifest /opt/gradle/.gradle/caches/9.3.1/transforms/f7331faef428a5694bc41da7b6e9624b/transformed/exifinterface-1.3.7/AndroidManifest.xml
Merging manifest with lower [androidx.exifinterface:exifinterface:1.3.7] AndroidManifest.xml:17:1-24:12
uses-sdk defined in both files...
Merging uses-sdk with lower [androidx.exifinterface:exifinterface:1.3.7] AndroidManifest.xml:20:5-22:41
Merging library manifest /opt/gradle/.gradle/caches/9.3.1/transforms/21bb4d5027e4b8955ea9fea45ac9ffac/transformed/cursoradapter-1.0.0/AndroidManifest.xml
Merging manifest with lower [androidx.cursoradapter:cursoradapter:1.0.0] AndroidManifest.xml:17:1-22:12
uses-sdk defined in both files...
Merging uses-sdk with lower [androidx.cursoradapter:cursoradapter:1.0.0] AndroidManifest.xml:20:5-44
Merging result: SUCCESS
1<?xml version="1.0" encoding="utf-8"?>
2<manifest xmlns:android="http://schemas.android.com/apk/res/android"
3    package="com.aistudio.measureapp.uxcmqp"
4    android:versionCode="2"
5    android:versionName="1.1.0" >
6
7    <uses-sdk
8        android:minSdkVersion="29"
9        android:targetSdkVersion="37" />
10
11    <uses-permission android:name="android.permission.CAMERA" />
11-->/app/applet/app/src/main/AndroidManifest.xml:5:5-65
11-->/app/applet/app/src/main/AndroidManifest.xml:5:22-62
12    <uses-permission android:name="android.permission.INTERNET" />
12-->/app/applet/app/src/main/AndroidManifest.xml:6:5-67
12-->/app/applet/app/src/main/AndroidManifest.xml:6:22-64
13    <uses-permission android:name="android.permission.VIBRATE" />
13-->/app/applet/app/src/main/AndroidManifest.xml:7:5-66
13-->/app/applet/app/src/main/AndroidManifest.xml:7:22-63
14
15    <uses-feature
15-->/app/applet/app/src/main/AndroidManifest.xml:8:5-85
16        android:name="android.hardware.camera"
16-->/app/applet/app/src/main/AndroidManifest.xml:8:19-57
17        android:required="false" />
17-->/app/applet/app/src/main/AndroidManifest.xml:8:58-82
18
19    <permission
19-->[androidx.core:core:1.15.0] /opt/gradle/.gradle/caches/9.3.1/transforms/52cabaf485cf5ba2d4b5215228bd2d11/transformed/core-1.15.0/AndroidManifest.xml:22:5-24:47
20        android:name="com.aistudio.measureapp.uxcmqp.DYNAMIC_RECEIVER_NOT_EXPORTED_PERMISSION"
20-->[androidx.core:core:1.15.0] /opt/gradle/.gradle/caches/9.3.1/transforms/52cabaf485cf5ba2d4b5215228bd2d11/transformed/core-1.15.0/AndroidManifest.xml:23:9-81
21        android:protectionLevel="signature" />
21-->[androidx.core:core:1.15.0] /opt/gradle/.gradle/caches/9.3.1/transforms/52cabaf485cf5ba2d4b5215228bd2d11/transformed/core-1.15.0/AndroidManifest.xml:24:9-44
22
23    <uses-permission android:name="com.aistudio.measureapp.uxcmqp.DYNAMIC_RECEIVER_NOT_EXPORTED_PERMISSION" />
23-->[androidx.core:core:1.15.0] /opt/gradle/.gradle/caches/9.3.1/transforms/52cabaf485cf5ba2d4b5215228bd2d11/transformed/core-1.15.0/AndroidManifest.xml:26:5-97
23-->[androidx.core:core:1.15.0] /opt/gradle/.gradle/caches/9.3.1/transforms/52cabaf485cf5ba2d4b5215228bd2d11/transformed/core-1.15.0/AndroidManifest.xml:26:22-94
24
25    <queries>
25-->[com.google.ar:core:1.54.0] /opt/gradle/.gradle/caches/9.3.1/transforms/1e76f6968f718ab422d93074401100d6/transformed/jetified-core-1.54.0/AndroidManifest.xml:20:5-27:15
26        <package android:name="com.google.ar.core" />
26-->[com.google.ar:core:1.54.0] /opt/gradle/.gradle/caches/9.3.1/transforms/1e76f6968f718ab422d93074401100d6/transformed/jetified-core-1.54.0/AndroidManifest.xml:21:9-54
26-->[com.google.ar:core:1.54.0] /opt/gradle/.gradle/caches/9.3.1/transforms/1e76f6968f718ab422d93074401100d6/transformed/jetified-core-1.54.0/AndroidManifest.xml:21:18-51
27        <package android:name="com.android.vending" />
27-->[com.google.ar:core:1.54.0] /opt/gradle/.gradle/caches/9.3.1/transforms/1e76f6968f718ab422d93074401100d6/transformed/jetified-core-1.54.0/AndroidManifest.xml:22:9-55
27-->[com.google.ar:core:1.54.0] /opt/gradle/.gradle/caches/9.3.1/transforms/1e76f6968f718ab422d93074401100d6/transformed/jetified-core-1.54.0/AndroidManifest.xml:22:18-52
28
29        <intent>
29-->[com.google.ar:core:1.54.0] /opt/gradle/.gradle/caches/9.3.1/transforms/1e76f6968f718ab422d93074401100d6/transformed/jetified-core-1.54.0/AndroidManifest.xml:24:9-26:18
30            <action android:name="com.google.android.play.core.install.BIND_INSTALL_SERVICE" />
30-->[com.google.ar:core:1.54.0] /opt/gradle/.gradle/caches/9.3.1/transforms/1e76f6968f718ab422d93074401100d6/transformed/jetified-core-1.54.0/AndroidManifest.xml:25:13-96
30-->[com.google.ar:core:1.54.0] /opt/gradle/.gradle/caches/9.3.1/transforms/1e76f6968f718ab422d93074401100d6/transformed/jetified-core-1.54.0/AndroidManifest.xml:25:21-93
31        </intent>
32    </queries>
33
34    <application
34-->/app/applet/app/src/main/AndroidManifest.xml:10:5-42:19
35        android:allowBackup="true"
35-->/app/applet/app/src/main/AndroidManifest.xml:11:9-35
36        android:appComponentFactory="androidx.core.app.CoreComponentFactory"
36-->[androidx.core:core:1.15.0] /opt/gradle/.gradle/caches/9.3.1/transforms/52cabaf485cf5ba2d4b5215228bd2d11/transformed/core-1.15.0/AndroidManifest.xml:28:18-86
37        android:dataExtractionRules="@xml/data_extraction_rules"
37-->/app/applet/app/src/main/AndroidManifest.xml:12:9-65
38        android:debuggable="true"
39        android:enableOnBackInvokedCallback="true"
39-->/app/applet/app/src/main/AndroidManifest.xml:19:9-51
40        android:extractNativeLibs="false"
41        android:fullBackupContent="@xml/backup_rules"
41-->/app/applet/app/src/main/AndroidManifest.xml:13:9-54
42        android:icon="@mipmap/ic_launcher"
42-->/app/applet/app/src/main/AndroidManifest.xml:14:9-43
43        android:label="@string/app_name"
43-->/app/applet/app/src/main/AndroidManifest.xml:15:9-41
44        android:roundIcon="@mipmap/ic_launcher_round"
44-->/app/applet/app/src/main/AndroidManifest.xml:16:9-54
45        android:supportsRtl="true"
45-->/app/applet/app/src/main/AndroidManifest.xml:17:9-35
46        android:theme="@style/Theme.MyApplication" >
46-->/app/applet/app/src/main/AndroidManifest.xml:18:9-51
47        <meta-data
47-->/app/applet/app/src/main/AndroidManifest.xml:20:9-81
48            android:name="com.google.ar.core"
48-->/app/applet/app/src/main/AndroidManifest.xml:20:20-53
49            android:value="optional" />
49-->/app/applet/app/src/main/AndroidManifest.xml:20:54-78
50
51        <activity
51-->/app/applet/app/src/main/AndroidManifest.xml:21:9-31:20
52            android:name="com.example.MainActivity"
52-->/app/applet/app/src/main/AndroidManifest.xml:22:13-41
53            android:exported="true"
53-->/app/applet/app/src/main/AndroidManifest.xml:23:13-36
54            android:label="@string/app_name"
54-->/app/applet/app/src/main/AndroidManifest.xml:24:13-45
55            android:theme="@style/Theme.MyApplication" >
55-->/app/applet/app/src/main/AndroidManifest.xml:25:13-55
56            <intent-filter>
56-->/app/applet/app/src/main/AndroidManifest.xml:26:13-30:29
57                <action android:name="android.intent.action.MAIN" />
57-->/app/applet/app/src/main/AndroidManifest.xml:27:17-69
57-->/app/applet/app/src/main/AndroidManifest.xml:27:25-66
58
59                <category android:name="android.intent.category.LAUNCHER" />
59-->/app/applet/app/src/main/AndroidManifest.xml:29:17-77
59-->/app/applet/app/src/main/AndroidManifest.xml:29:27-74
60            </intent-filter>
61        </activity>
62
63        <provider
64            android:name="androidx.core.content.FileProvider"
64-->/app/applet/app/src/main/AndroidManifest.xml:34:13-62
65            android:authorities="com.aistudio.measureapp.uxcmqp.fileprovider"
65-->/app/applet/app/src/main/AndroidManifest.xml:35:13-64
66            android:exported="false"
66-->/app/applet/app/src/main/AndroidManifest.xml:36:13-37
67            android:grantUriPermissions="true" >
67-->/app/applet/app/src/main/AndroidManifest.xml:37:13-47
68            <meta-data
68-->/app/applet/app/src/main/AndroidManifest.xml:38:13-40:54
69                android:name="android.support.FILE_PROVIDER_PATHS"
69-->/app/applet/app/src/main/AndroidManifest.xml:39:17-67
70                android:resource="@xml/file_paths" />
70-->/app/applet/app/src/main/AndroidManifest.xml:40:17-51
71        </provider>
72
73        <activity
73-->[androidx.compose.ui:ui-tooling-android:1.7.5] /opt/gradle/.gradle/caches/9.3.1/transforms/c86985a243eee53c0fea678b2319b968/transformed/jetified-ui-tooling-release/AndroidManifest.xml:23:9-25:39
74            android:name="androidx.compose.ui.tooling.PreviewActivity"
74-->[androidx.compose.ui:ui-tooling-android:1.7.5] /opt/gradle/.gradle/caches/9.3.1/transforms/c86985a243eee53c0fea678b2319b968/transformed/jetified-ui-tooling-release/AndroidManifest.xml:24:13-71
75            android:exported="true" />
75-->[androidx.compose.ui:ui-tooling-android:1.7.5] /opt/gradle/.gradle/caches/9.3.1/transforms/c86985a243eee53c0fea678b2319b968/transformed/jetified-ui-tooling-release/AndroidManifest.xml:25:13-36
76        <activity
76-->[androidx.compose.ui:ui-test-manifest:1.7.5] /opt/gradle/.gradle/caches/9.3.1/transforms/a372721a253eb64c4b51846c119bd365/transformed/jetified-ui-test-manifest-1.7.5/AndroidManifest.xml:23:9-25:39
77            android:name="androidx.activity.ComponentActivity"
77-->[androidx.compose.ui:ui-test-manifest:1.7.5] /opt/gradle/.gradle/caches/9.3.1/transforms/a372721a253eb64c4b51846c119bd365/transformed/jetified-ui-test-manifest-1.7.5/AndroidManifest.xml:24:13-63
78            android:exported="true" />
78-->[androidx.compose.ui:ui-test-manifest:1.7.5] /opt/gradle/.gradle/caches/9.3.1/transforms/a372721a253eb64c4b51846c119bd365/transformed/jetified-ui-test-manifest-1.7.5/AndroidManifest.xml:25:13-36
79
80        <service
80-->[androidx.camera:camera-camera2:1.5.0] /opt/gradle/.gradle/caches/9.3.1/transforms/1238bd2e20e883ec40897eb0b9a14137/transformed/jetified-camera-camera2-1.5.0/AndroidManifest.xml:24:9-33:19
81            android:name="androidx.camera.core.impl.MetadataHolderService"
81-->[androidx.camera:camera-camera2:1.5.0] /opt/gradle/.gradle/caches/9.3.1/transforms/1238bd2e20e883ec40897eb0b9a14137/transformed/jetified-camera-camera2-1.5.0/AndroidManifest.xml:25:13-75
82            android:enabled="false"
82-->[androidx.camera:camera-camera2:1.5.0] /opt/gradle/.gradle/caches/9.3.1/transforms/1238bd2e20e883ec40897eb0b9a14137/transformed/jetified-camera-camera2-1.5.0/AndroidManifest.xml:26:13-36
83            android:exported="false" >
83-->[androidx.camera:camera-camera2:1.5.0] /opt/gradle/.gradle/caches/9.3.1/transforms/1238bd2e20e883ec40897eb0b9a14137/transformed/jetified-camera-camera2-1.5.0/AndroidManifest.xml:27:13-37
84            <meta-data
84-->[androidx.camera:camera-camera2:1.5.0] /opt/gradle/.gradle/caches/9.3.1/transforms/1238bd2e20e883ec40897eb0b9a14137/transformed/jetified-camera-camera2-1.5.0/AndroidManifest.xml:30:13-32:89
85                android:name="androidx.camera.core.impl.MetadataHolderService.DEFAULT_CONFIG_PROVIDER"
85-->[androidx.camera:camera-camera2:1.5.0] /opt/gradle/.gradle/caches/9.3.1/transforms/1238bd2e20e883ec40897eb0b9a14137/transformed/jetified-camera-camera2-1.5.0/AndroidManifest.xml:31:17-103
86                android:value="androidx.camera.camera2.Camera2Config$DefaultProvider" />
86-->[androidx.camera:camera-camera2:1.5.0] /opt/gradle/.gradle/caches/9.3.1/transforms/1238bd2e20e883ec40897eb0b9a14137/transformed/jetified-camera-camera2-1.5.0/AndroidManifest.xml:32:17-86
87        </service>
88
89        <provider
89-->[androidx.emoji2:emoji2:1.3.0] /opt/gradle/.gradle/caches/9.3.1/transforms/2c1861fcad53ac0c87e93d65a5aaabb4/transformed/jetified-emoji2-1.3.0/AndroidManifest.xml:24:9-32:20
90            android:name="androidx.startup.InitializationProvider"
90-->[androidx.emoji2:emoji2:1.3.0] /opt/gradle/.gradle/caches/9.3.1/transforms/2c1861fcad53ac0c87e93d65a5aaabb4/transformed/jetified-emoji2-1.3.0/AndroidManifest.xml:25:13-67
91            android:authorities="com.aistudio.measureapp.uxcmqp.androidx-startup"
91-->[androidx.emoji2:emoji2:1.3.0] /opt/gradle/.gradle/caches/9.3.1/transforms/2c1861fcad53ac0c87e93d65a5aaabb4/transformed/jetified-emoji2-1.3.0/AndroidManifest.xml:26:13-68
92            android:exported="false" >
92-->[androidx.emoji2:emoji2:1.3.0] /opt/gradle/.gradle/caches/9.3.1/transforms/2c1861fcad53ac0c87e93d65a5aaabb4/transformed/jetified-emoji2-1.3.0/AndroidManifest.xml:27:13-37
93            <meta-data
93-->[androidx.emoji2:emoji2:1.3.0] /opt/gradle/.gradle/caches/9.3.1/transforms/2c1861fcad53ac0c87e93d65a5aaabb4/transformed/jetified-emoji2-1.3.0/AndroidManifest.xml:29:13-31:52
94                android:name="androidx.emoji2.text.EmojiCompatInitializer"
94-->[androidx.emoji2:emoji2:1.3.0] /opt/gradle/.gradle/caches/9.3.1/transforms/2c1861fcad53ac0c87e93d65a5aaabb4/transformed/jetified-emoji2-1.3.0/AndroidManifest.xml:30:17-75
95                android:value="androidx.startup" />
95-->[androidx.emoji2:emoji2:1.3.0] /opt/gradle/.gradle/caches/9.3.1/transforms/2c1861fcad53ac0c87e93d65a5aaabb4/transformed/jetified-emoji2-1.3.0/AndroidManifest.xml:31:17-49
96            <meta-data
96-->[androidx.lifecycle:lifecycle-process:2.8.7] /opt/gradle/.gradle/caches/9.3.1/transforms/63a9dea6e789bc29b52fb39b9b23f4ed/transformed/jetified-lifecycle-process-2.8.7/AndroidManifest.xml:29:13-31:52
97                android:name="androidx.lifecycle.ProcessLifecycleInitializer"
97-->[androidx.lifecycle:lifecycle-process:2.8.7] /opt/gradle/.gradle/caches/9.3.1/transforms/63a9dea6e789bc29b52fb39b9b23f4ed/transformed/jetified-lifecycle-process-2.8.7/AndroidManifest.xml:30:17-78
98                android:value="androidx.startup" />
98-->[androidx.lifecycle:lifecycle-process:2.8.7] /opt/gradle/.gradle/caches/9.3.1/transforms/63a9dea6e789bc29b52fb39b9b23f4ed/transformed/jetified-lifecycle-process-2.8.7/AndroidManifest.xml:31:17-49
99            <meta-data
99-->[androidx.profileinstaller:profileinstaller:1.3.1] /opt/gradle/.gradle/caches/9.3.1/transforms/f285fdd043547f1c0165f0ff97db506f/transformed/jetified-profileinstaller-1.3.1/AndroidManifest.xml:29:13-31:52
100                android:name="androidx.profileinstaller.ProfileInstallerInitializer"
100-->[androidx.profileinstaller:profileinstaller:1.3.1] /opt/gradle/.gradle/caches/9.3.1/transforms/f285fdd043547f1c0165f0ff97db506f/transformed/jetified-profileinstaller-1.3.1/AndroidManifest.xml:30:17-85
101                android:value="androidx.startup" />
101-->[androidx.profileinstaller:profileinstaller:1.3.1] /opt/gradle/.gradle/caches/9.3.1/transforms/f285fdd043547f1c0165f0ff97db506f/transformed/jetified-profileinstaller-1.3.1/AndroidManifest.xml:31:17-49
102        </provider>
103
104        <service
104-->[androidx.room:room-runtime:2.6.1] /opt/gradle/.gradle/caches/9.3.1/transforms/9fdc59d719d9a2d4e660ef789f397343/transformed/room-runtime-2.6.1/AndroidManifest.xml:24:9-28:63
105            android:name="androidx.room.MultiInstanceInvalidationService"
105-->[androidx.room:room-runtime:2.6.1] /opt/gradle/.gradle/caches/9.3.1/transforms/9fdc59d719d9a2d4e660ef789f397343/transformed/room-runtime-2.6.1/AndroidManifest.xml:25:13-74
106            android:directBootAware="true"
106-->[androidx.room:room-runtime:2.6.1] /opt/gradle/.gradle/caches/9.3.1/transforms/9fdc59d719d9a2d4e660ef789f397343/transformed/room-runtime-2.6.1/AndroidManifest.xml:26:13-43
107            android:exported="false" />
107-->[androidx.room:room-runtime:2.6.1] /opt/gradle/.gradle/caches/9.3.1/transforms/9fdc59d719d9a2d4e660ef789f397343/transformed/room-runtime-2.6.1/AndroidManifest.xml:27:13-37
108
109        <receiver
109-->[androidx.profileinstaller:profileinstaller:1.3.1] /opt/gradle/.gradle/caches/9.3.1/transforms/f285fdd043547f1c0165f0ff97db506f/transformed/jetified-profileinstaller-1.3.1/AndroidManifest.xml:34:9-52:20
110            android:name="androidx.profileinstaller.ProfileInstallReceiver"
110-->[androidx.profileinstaller:profileinstaller:1.3.1] /opt/gradle/.gradle/caches/9.3.1/transforms/f285fdd043547f1c0165f0ff97db506f/transformed/jetified-profileinstaller-1.3.1/AndroidManifest.xml:35:13-76
111            android:directBootAware="false"
111-->[androidx.profileinstaller:profileinstaller:1.3.1] /opt/gradle/.gradle/caches/9.3.1/transforms/f285fdd043547f1c0165f0ff97db506f/transformed/jetified-profileinstaller-1.3.1/AndroidManifest.xml:36:13-44
112            android:enabled="true"
112-->[androidx.profileinstaller:profileinstaller:1.3.1] /opt/gradle/.gradle/caches/9.3.1/transforms/f285fdd043547f1c0165f0ff97db506f/transformed/jetified-profileinstaller-1.3.1/AndroidManifest.xml:37:13-35
113            android:exported="true"
113-->[androidx.profileinstaller:profileinstaller:1.3.1] /opt/gradle/.gradle/caches/9.3.1/transforms/f285fdd043547f1c0165f0ff97db506f/transformed/jetified-profileinstaller-1.3.1/AndroidManifest.xml:38:13-36
114            android:permission="android.permission.DUMP" >
114-->[androidx.profileinstaller:profileinstaller:1.3.1] /opt/gradle/.gradle/caches/9.3.1/transforms/f285fdd043547f1c0165f0ff97db506f/transformed/jetified-profileinstaller-1.3.1/AndroidManifest.xml:39:13-57
115            <intent-filter>
115-->[androidx.profileinstaller:profileinstaller:1.3.1] /opt/gradle/.gradle/caches/9.3.1/transforms/f285fdd043547f1c0165f0ff97db506f/transformed/jetified-profileinstaller-1.3.1/AndroidManifest.xml:40:13-42:29
116                <action android:name="androidx.profileinstaller.action.INSTALL_PROFILE" />
116-->[androidx.profileinstaller:profileinstaller:1.3.1] /opt/gradle/.gradle/caches/9.3.1/transforms/f285fdd043547f1c0165f0ff97db506f/transformed/jetified-profileinstaller-1.3.1/AndroidManifest.xml:41:17-91
116-->[androidx.profileinstaller:profileinstaller:1.3.1] /opt/gradle/.gradle/caches/9.3.1/transforms/f285fdd043547f1c0165f0ff97db506f/transformed/jetified-profileinstaller-1.3.1/AndroidManifest.xml:41:25-88
117            </intent-filter>
118            <intent-filter>
118-->[androidx.profileinstaller:profileinstaller:1.3.1] /opt/gradle/.gradle/caches/9.3.1/transforms/f285fdd043547f1c0165f0ff97db506f/transformed/jetified-profileinstaller-1.3.1/AndroidManifest.xml:43:13-45:29
119                <action android:name="androidx.profileinstaller.action.SKIP_FILE" />
119-->[androidx.profileinstaller:profileinstaller:1.3.1] /opt/gradle/.gradle/caches/9.3.1/transforms/f285fdd043547f1c0165f0ff97db506f/transformed/jetified-profileinstaller-1.3.1/AndroidManifest.xml:44:17-85
119-->[androidx.profileinstaller:profileinstaller:1.3.1] /opt/gradle/.gradle/caches/9.3.1/transforms/f285fdd043547f1c0165f0ff97db506f/transformed/jetified-profileinstaller-1.3.1/AndroidManifest.xml:44:25-82
120            </intent-filter>
121            <intent-filter>
121-->[androidx.profileinstaller:profileinstaller:1.3.1] /opt/gradle/.gradle/caches/9.3.1/transforms/f285fdd043547f1c0165f0ff97db506f/transformed/jetified-profileinstaller-1.3.1/AndroidManifest.xml:46:13-48:29
122                <action android:name="androidx.profileinstaller.action.SAVE_PROFILE" />
122-->[androidx.profileinstaller:profileinstaller:1.3.1] /opt/gradle/.gradle/caches/9.3.1/transforms/f285fdd043547f1c0165f0ff97db506f/transformed/jetified-profileinstaller-1.3.1/AndroidManifest.xml:47:17-88
122-->[androidx.profileinstaller:profileinstaller:1.3.1] /opt/gradle/.gradle/caches/9.3.1/transforms/f285fdd043547f1c0165f0ff97db506f/transformed/jetified-profileinstaller-1.3.1/AndroidManifest.xml:47:25-85
123            </intent-filter>
124            <intent-filter>
124-->[androidx.profileinstaller:profileinstaller:1.3.1] /opt/gradle/.gradle/caches/9.3.1/transforms/f285fdd043547f1c0165f0ff97db506f/transformed/jetified-profileinstaller-1.3.1/AndroidManifest.xml:49:13-51:29
125                <action android:name="androidx.profileinstaller.action.BENCHMARK_OPERATION" />
125-->[androidx.profileinstaller:profileinstaller:1.3.1] /opt/gradle/.gradle/caches/9.3.1/transforms/f285fdd043547f1c0165f0ff97db506f/transformed/jetified-profileinstaller-1.3.1/AndroidManifest.xml:50:17-95
125-->[androidx.profileinstaller:profileinstaller:1.3.1] /opt/gradle/.gradle/caches/9.3.1/transforms/f285fdd043547f1c0165f0ff97db506f/transformed/jetified-profileinstaller-1.3.1/AndroidManifest.xml:50:25-92
126            </intent-filter>
127        </receiver> <!-- The minimal version code of ARCore APK required for an app using this SDK. -->
128        <meta-data
128-->[com.google.ar:core:1.54.0] /opt/gradle/.gradle/caches/9.3.1/transforms/1e76f6968f718ab422d93074401100d6/transformed/jetified-core-1.54.0/AndroidManifest.xml:32:9-34:41
129            android:name="com.google.ar.core.min_apk_version"
129-->[com.google.ar:core:1.54.0] /opt/gradle/.gradle/caches/9.3.1/transforms/1e76f6968f718ab422d93074401100d6/transformed/jetified-core-1.54.0/AndroidManifest.xml:33:13-62
130            android:value="260760000" /> <!-- This activity is critical for installing ARCore when it is not already present. -->
130-->[com.google.ar:core:1.54.0] /opt/gradle/.gradle/caches/9.3.1/transforms/1e76f6968f718ab422d93074401100d6/transformed/jetified-core-1.54.0/AndroidManifest.xml:34:13-38
131        <activity
131-->[com.google.ar:core:1.54.0] /opt/gradle/.gradle/caches/9.3.1/transforms/1e76f6968f718ab422d93074401100d6/transformed/jetified-core-1.54.0/AndroidManifest.xml:36:9-42:80
132            android:name="com.google.ar.core.InstallActivity"
132-->[com.google.ar:core:1.54.0] /opt/gradle/.gradle/caches/9.3.1/transforms/1e76f6968f718ab422d93074401100d6/transformed/jetified-core-1.54.0/AndroidManifest.xml:37:13-62
133            android:configChanges="keyboardHidden|orientation|screenSize"
133-->[com.google.ar:core:1.54.0] /opt/gradle/.gradle/caches/9.3.1/transforms/1e76f6968f718ab422d93074401100d6/transformed/jetified-core-1.54.0/AndroidManifest.xml:38:13-74
134            android:excludeFromRecents="true"
134-->[com.google.ar:core:1.54.0] /opt/gradle/.gradle/caches/9.3.1/transforms/1e76f6968f718ab422d93074401100d6/transformed/jetified-core-1.54.0/AndroidManifest.xml:39:13-46
135            android:exported="false"
135-->[com.google.ar:core:1.54.0] /opt/gradle/.gradle/caches/9.3.1/transforms/1e76f6968f718ab422d93074401100d6/transformed/jetified-core-1.54.0/AndroidManifest.xml:40:13-37
136            android:launchMode="singleTop"
136-->[com.google.ar:core:1.54.0] /opt/gradle/.gradle/caches/9.3.1/transforms/1e76f6968f718ab422d93074401100d6/transformed/jetified-core-1.54.0/AndroidManifest.xml:41:13-43
137            android:theme="@android:style/Theme.Material.Light.Dialog.Alert" />
137-->[com.google.ar:core:1.54.0] /opt/gradle/.gradle/caches/9.3.1/transforms/1e76f6968f718ab422d93074401100d6/transformed/jetified-core-1.54.0/AndroidManifest.xml:42:13-77
138    </application>
139
140</manifest>

Merged manifest saved to /app/applet/app/build/intermediates/merged_manifest/debug/processDebugMainManifest/AndroidManifest.xml
Stored cache entry for task ':app:processDebugMainManifest' with cache key 9dc86af979721cb74e545c77943abde9
Resolve mutations for :app:processDebugManifest (Thread[#68,included builds,5,main]) started.
:app:processDebugManifest (Thread[#68,included builds,5,main]) started.

> Task :app:processDebugManifest
Build cache key for task ':app:processDebugManifest' is 1961addfc342c11c6614d4d25037f223
Task ':app:processDebugManifest' is not up-to-date because:
  No history is available.
Stored cache entry for task ':app:processDebugManifest' with cache key 1961addfc342c11c6614d4d25037f223
Resolve mutations for :app:processDebugManifestForPackage (Thread[#68,included builds,5,main]) started.
:app:processDebugManifestForPackage (Thread[#68,included builds,5,main]) started.
Resolve mutations for :app:javaPreCompileDebug (Thread[#71,Execution worker Thread 3,5,main]) started.
:app:javaPreCompileDebug (Thread[#71,Execution worker Thread 3,5,main]) started.

> Task :app:processDebugManifestForPackage
Custom actions are attached to task ':app:processDebugManifestForPackage'.
Build cache key for task ':app:processDebugManifestForPackage' is 2798f404fc092df5e8741d8d7369e663
Task ':app:processDebugManifestForPackage' is not up-to-date because:
  No history is available.

Resolve mutations for :app:mergeDebugShaders (Thread[#70,Execution worker Thread 2,5,main]) started.
:app:mergeDebugShaders (Thread[#70,Execution worker Thread 2,5,main]) started.

> Task :app:javaPreCompileDebug
Downloading https://dl.google.com/dl/android/maven2/androidx/room/room-compiler/2.6.1/room-compiler-2.6.1.pom to /opt/gradle/.gradle/.tmp/gradle_download5045053024418606757bin
Invalidating in-memory cache of /app/applet/.gradle/9.3.1/checksums/md5-checksums.bin
Invalidating in-memory cache of /app/applet/.gradle/9.3.1/checksums/sha256-checksums.bin
Invalidating in-memory cache of /app/applet/.gradle/9.3.1/checksums/sha1-checksums.bin
Invalidating in-memory cache of /app/applet/.gradle/9.3.1/checksums/sha512-checksums.bin
Downloading https://dl.google.com/dl/android/maven2/androidx/room/room-compiler/2.6.1/room-compiler-2.6.1.module to /opt/gradle/.gradle/.tmp/gradle_download14950939161494930867bin
Downloading https://dl.google.com/dl/android/maven2/androidx/room/room-compiler-processing/2.6.1/room-compiler-processing-2.6.1.pom to /opt/gradle/.gradle/.tmp/gradle_download11020151409437192352bin
Downloading https://dl.google.com/dl/android/maven2/androidx/room/room-migration/2.6.1/room-migration-2.6.1.pom to /opt/gradle/.gradle/.tmp/gradle_download2848711369371638583bin
Resource missing. [HTTP GET: https://dl.google.com/dl/android/maven2/com/google/devtools/ksp/symbol-processing-api/1.9.0-1.0.13/symbol-processing-api-1.9.0-1.0.13.pom]
Downloading https://dl.google.com/dl/android/maven2/androidx/room/room-compiler-processing/2.6.1/room-compiler-processing-2.6.1.module to /opt/gradle/.gradle/.tmp/gradle_download11615562734720196628bin
Resource missing. [HTTP GET: https://dl.google.com/dl/android/maven2/com/google/auto/auto-common/0.11/auto-common-0.11.pom]
Resource missing. [HTTP GET: https://dl.google.com/dl/android/maven2/com/squareup/kotlinpoet/1.14.2/kotlinpoet-1.14.2.pom]
Downloading https://dl.google.com/dl/android/maven2/androidx/room/room-migration/2.6.1/room-migration-2.6.1.module to /opt/gradle/.gradle/.tmp/gradle_download16841464241803917155bin
Downloading https://repo.maven.apache.org/maven2/com/google/devtools/ksp/symbol-processing-api/1.9.0-1.0.13/symbol-processing-api-1.9.0-1.0.13.pom to /opt/gradle/.gradle/.tmp/gradle_download14734186661328639952bin
Downloading https://repo.maven.apache.org/maven2/com/google/auto/auto-common/0.11/auto-common-0.11.pom to /opt/gradle/.gradle/.tmp/gradle_download10750691675388639543bin
Downloading https://repo.maven.apache.org/maven2/com/squareup/kotlinpoet/1.14.2/kotlinpoet-1.14.2.pom to /opt/gradle/.gradle/.tmp/gradle_download9874941805377189476bin
Downloading https://repo.maven.apache.org/maven2/com/google/devtools/ksp/symbol-processing-api/1.9.0-1.0.13/symbol-processing-api-1.9.0-1.0.13.module to /opt/gradle/.gradle/.tmp/gradle_download10861861647232025528bin
Downloading https://repo.maven.apache.org/maven2/com/squareup/kotlinpoet/1.14.2/kotlinpoet-1.14.2.module to /opt/gradle/.gradle/.tmp/gradle_download17299931126746738653bin
Resource missing. [HTTP GET: https://dl.google.com/dl/android/maven2/com/squareup/kotlinpoet-javapoet/1.14.2/kotlinpoet-javapoet-1.14.2.pom]
Resource missing. [HTTP GET: https://dl.google.com/dl/android/maven2/org/jetbrains/kotlin/kotlin-stdlib/1.8.22/kotlin-stdlib-1.8.22.pom]
Downloading https://repo.maven.apache.org/maven2/com/squareup/kotlinpoet-javapoet/1.14.2/kotlinpoet-javapoet-1.14.2.pom to /opt/gradle/.gradle/.tmp/gradle_download2249429866155682065bin
Downloading https://repo.maven.apache.org/maven2/org/jetbrains/kotlin/kotlin-stdlib/1.8.22/kotlin-stdlib-1.8.22.pom to /opt/gradle/.gradle/.tmp/gradle_download11926045680195623304bin
Downloading https://repo.maven.apache.org/maven2/com/squareup/kotlinpoet-javapoet/1.14.2/kotlinpoet-javapoet-1.14.2.module to /opt/gradle/.gradle/.tmp/gradle_download485333351323028298bin
Downloading https://dl.google.com/dl/android/maven2/androidx/annotation/annotation/1.3.0/annotation-1.3.0.pom to /opt/gradle/.gradle/.tmp/gradle_download10907051708411895540bin
Downloading https://dl.google.com/dl/android/maven2/androidx/annotation/annotation/1.3.0/annotation-1.3.0.module to /opt/gradle/.gradle/.tmp/gradle_download10209704731540724998bin
Resource missing. [HTTP GET: https://dl.google.com/dl/android/maven2/com/google/guava/guava/31.1-jre/guava-31.1-jre.pom]
Downloading https://repo.maven.apache.org/maven2/com/google/guava/guava/31.1-jre/guava-31.1-jre.pom to /opt/gradle/.gradle/.tmp/gradle_download14803648068336759232bin
Resource missing. [HTTP GET: https://dl.google.com/dl/android/maven2/com/google/guava/guava-parent/31.1-jre/guava-parent-31.1-jre.pom]
Downloading https://repo.maven.apache.org/maven2/com/google/guava/guava-parent/31.1-jre/guava-parent-31.1-jre.pom to /opt/gradle/.gradle/.tmp/gradle_download4198186731270806526bin
Resource missing. [HTTP GET: https://dl.google.com/dl/android/maven2/com/google/code/gson/gson/2.9.0/gson-2.9.0.pom]
Downloading https://repo.maven.apache.org/maven2/com/google/code/gson/gson/2.9.0/gson-2.9.0.pom to /opt/gradle/.gradle/.tmp/gradle_download6628970183290096321bin
Resource missing. [HTTP GET: https://dl.google.com/dl/android/maven2/com/google/code/gson/gson-parent/2.9.0/gson-parent-2.9.0.pom]
Downloading https://repo.maven.apache.org/maven2/com/google/code/gson/gson-parent/2.9.0/gson-parent-2.9.0.pom to /opt/gradle/.gradle/.tmp/gradle_download8894568456082352570bin
Resource missing. [HTTP GET: https://dl.google.com/dl/android/maven2/org/jetbrains/kotlin/kotlin-stdlib/1.9.0/kotlin-stdlib-1.9.0.pom]
Downloading https://repo.maven.apache.org/maven2/org/jetbrains/kotlin/kotlin-stdlib/1.9.0/kotlin-stdlib-1.9.0.pom to /opt/gradle/.gradle/.tmp/gradle_download8050551850611123801bin
Resource missing. [HTTP GET: https://dl.google.com/dl/android/maven2/org/checkerframework/checker-qual/3.12.0/checker-qual-3.12.0.pom]
Downloading https://repo.maven.apache.org/maven2/org/checkerframework/checker-qual/3.12.0/checker-qual-3.12.0.pom to /opt/gradle/.gradle/.tmp/gradle_download17691342145476590137bin
Downloading https://repo.maven.apache.org/maven2/org/checkerframework/checker-qual/3.12.0/checker-qual-3.12.0.module to /opt/gradle/.gradle/.tmp/gradle_download16294948118785387902bin
Resource missing. [HTTP GET: https://dl.google.com/dl/android/maven2/org/jetbrains/kotlin/kotlin-stdlib-common/1.9.0/kotlin-stdlib-common-1.9.0.pom]
Downloading https://repo.maven.apache.org/maven2/org/jetbrains/kotlin/kotlin-stdlib-common/1.9.0/kotlin-stdlib-common-1.9.0.pom to /opt/gradle/.gradle/.tmp/gradle_download3314840683465568990bin
Resource missing. [HTTP GET: https://dl.google.com/dl/android/maven2/org/jetbrains/kotlin/kotlin-stdlib/1.9.21/kotlin-stdlib-1.9.21.pom]
Downloading https://repo.maven.apache.org/maven2/org/jetbrains/kotlin/kotlin-stdlib/1.9.21/kotlin-stdlib-1.9.21.pom to /opt/gradle/.gradle/.tmp/gradle_download18318831872811493275bin
Downloading https://repo.maven.apache.org/maven2/org/jetbrains/kotlin/kotlin-stdlib/1.9.21/kotlin-stdlib-1.9.21.module to /opt/gradle/.gradle/.tmp/gradle_download1463656708790464419bin
Resource missing. [HTTP GET: https://dl.google.com/dl/android/maven2/org/jetbrains/kotlin/kotlin-stdlib-common/1.8.21/kotlin-stdlib-common-1.8.21.pom]
Downloading https://repo.maven.apache.org/maven2/org/jetbrains/kotlin/kotlin-stdlib-common/1.8.21/kotlin-stdlib-common-1.8.21.pom to /opt/gradle/.gradle/.tmp/gradle_download9457621757222337400bin
Downloading https://dl.google.com/dl/android/maven2/androidx/room/room-common/2.6.1/room-common-2.6.1.jar to /opt/gradle/.gradle/.tmp/gradle_download2127448596326728601bin
Downloading https://dl.google.com/dl/android/maven2/androidx/room/room-compiler/2.6.1/room-compiler-2.6.1.jar to /opt/gradle/.gradle/.tmp/gradle_download1057957006810928452bin
Downloading https://dl.google.com/dl/android/maven2/androidx/room/room-compiler-processing/2.6.1/room-compiler-processing-2.6.1.jar to /opt/gradle/.gradle/.tmp/gradle_download15038094308517800864bin
Downloading https://repo.maven.apache.org/maven2/com/google/auto/auto-common/0.11/auto-common-0.11.jar to /opt/gradle/.gradle/.tmp/gradle_download15746476544508339548bin
Downloading https://dl.google.com/dl/android/maven2/androidx/room/room-migration/2.6.1/room-migration-2.6.1.jar to /opt/gradle/.gradle/.tmp/gradle_download13275322389823855864bin
Downloading https://repo.maven.apache.org/maven2/com/google/devtools/ksp/symbol-processing-api/1.9.0-1.0.13/symbol-processing-api-1.9.0-1.0.13.jar to /opt/gradle/.gradle/.tmp/gradle_download13894557446689390518bin
Downloading https://repo.maven.apache.org/maven2/com/squareup/kotlinpoet-javapoet/1.14.2/kotlinpoet-javapoet-1.14.2.jar to /opt/gradle/.gradle/.tmp/gradle_download10130084448959263823bin
Downloading https://repo.maven.apache.org/maven2/org/jetbrains/kotlin/kotlin-stdlib-jdk8/1.8.22/kotlin-stdlib-jdk8-1.8.22.jar to /opt/gradle/.gradle/.tmp/gradle_download12693571231093081269bin
Downloading https://repo.maven.apache.org/maven2/com/squareup/kotlinpoet/1.14.2/kotlinpoet-1.14.2.jar to /opt/gradle/.gradle/.tmp/gradle_download5946798229419253280bin
Downloading https://repo.maven.apache.org/maven2/org/jetbrains/kotlin/kotlin-stdlib-jdk7/1.8.22/kotlin-stdlib-jdk7-1.8.22.jar to /opt/gradle/.gradle/.tmp/gradle_download3251974154378887901bin
Downloading https://repo.maven.apache.org/maven2/org/jetbrains/kotlin/kotlin-stdlib/1.9.21/kotlin-stdlib-1.9.21.jar to /opt/gradle/.gradle/.tmp/gradle_download15064947941424648070bin
Downloading https://repo.maven.apache.org/maven2/com/google/guava/guava/31.1-jre/guava-31.1-jre.jar to /opt/gradle/.gradle/.tmp/gradle_download731339703347688567bin
Downloading https://repo.maven.apache.org/maven2/com/google/code/gson/gson/2.9.0/gson-2.9.0.jar to /opt/gradle/.gradle/.tmp/gradle_download12687537507932609910bin
Downloading https://dl.google.com/dl/android/maven2/androidx/annotation/annotation/1.3.0/annotation-1.3.0.jar to /opt/gradle/.gradle/.tmp/gradle_download13630196652726616698bin
Downloading https://repo.maven.apache.org/maven2/com/google/errorprone/error_prone_annotations/2.11.0/error_prone_annotations-2.11.0.jar to /opt/gradle/.gradle/.tmp/gradle_download14797408844048342804bin
Downloading https://repo.maven.apache.org/maven2/org/checkerframework/checker-qual/3.12.0/checker-qual-3.12.0.jar to /opt/gradle/.gradle/.tmp/gradle_download333952390047931822bin
Downloading https://repo.maven.apache.org/maven2/com/google/j2objc/j2objc-annotations/1.3/j2objc-annotations-1.3.jar to /opt/gradle/.gradle/.tmp/gradle_download11292272485767728347bin
Invalidating in-memory cache of /opt/gradle/.gradle/caches/9.3.1/fileHashes/kotlinDslCompileAvoidanceClasspathHashCache.bin
Invalidating in-memory cache of /opt/gradle/.gradle/caches/9.3.1/fileHashes/fileHashes.bin
Invalidating in-memory cache of /opt/gradle/.gradle/caches/9.3.1/fileHashes/resourceHashesCache.bin
Build cache key for task ':app:javaPreCompileDebug' is b2a933fb8a24e6715763908ef4d46cac
Task ':app:javaPreCompileDebug' is not up-to-date because:
  No history is available.
Invalidating in-memory cache of /opt/gradle/.gradle/caches/journal-1/file-access.bin
Stored cache entry for task ':app:javaPreCompileDebug' with cache key b2a933fb8a24e6715763908ef4d46cac

> Task :app:mergeDebugShaders
Caching disabled for task ':app:mergeDebugShaders' because:
  Simple merging task
Task ':app:mergeDebugShaders' is not up-to-date because:
  No history is available.
The input changes require a full rebuild for incremental task ':app:mergeDebugShaders'.
Resolve mutations for :app:compileDebugShaders (Thread[#70,Execution worker Thread 2,5,main]) started.
:app:compileDebugShaders (Thread[#70,Execution worker Thread 2,5,main]) started.

> Task :app:compileDebugShaders NO-SOURCE
Skipping task ':app:compileDebugShaders' as it has no source files and no previous output files.
Resolve mutations for :app:generateDebugAssets (Thread[#70,Execution worker Thread 2,5,main]) started.
:app:generateDebugAssets (Thread[#70,Execution worker Thread 2,5,main]) started.

> Task :app:generateDebugAssets UP-TO-DATE
Skipping task ':app:generateDebugAssets' as it has no actions.
Resolve mutations for :app:mergeDebugAssets (Thread[#70,Execution worker Thread 2,5,main]) started.
:app:mergeDebugAssets (Thread[#70,Execution worker Thread 2,5,main]) started.

> Task :app:mergeDebugAssets
Caching disabled for AarTransform: /opt/gradle/.gradle/caches/9.3.1/transforms/0ecb0aec9c0fd7b138b465897686b28c/transformed/navigation-runtime-2.8.9 because:
  Caching not enabled.
Caching disabled for AarTransform: /opt/gradle/.gradle/caches/9.3.1/transforms/010c67cb3e1ab3b16d25adf314da8c8e/transformed/navigation-common-2.8.9 because:
  Caching not enabled.
Caching disabled for AarTransform: /opt/gradle/.gradle/caches/9.3.1/transforms/fe3731a192d8ca92661f007c35e28479/transformed/jetified-accompanist-permissions-0.37.3 because:
  Caching not enabled.
Caching disabled for AarTransform: /opt/gradle/.gradle/caches/9.3.1/transforms/5730a3308c13524e1e52aeae78342c0f/transformed/navigation-runtime-ktx-2.8.9 because:
  Caching not enabled.
Caching disabled for AarTransform: /opt/gradle/.gradle/caches/9.3.1/transforms/ad77a35617a7e82aad30508f3fe3c15c/transformed/navigation-common-ktx-2.8.9 because:
  Caching not enabled.
Caching disabled for AarTransform: /opt/gradle/.gradle/caches/9.3.1/transforms/2b8b32e53ee239f9be6175cb7c25ce53/transformed/jetified-navigation-compose-2.8.9 because:
  Caching not enabled.
Caching disabled for AarTransform: /opt/gradle/.gradle/caches/9.3.1/transforms/95db0b52fba8b9c3dde84491527c506c/transformed/jetified-coil-compose-2.7.0 because:
  Caching not enabled.
Caching disabled for AarTransform: /opt/gradle/.gradle/caches/9.3.1/transforms/f041467065e13580412693a4e57846b2/transformed/jetified-material3-release because:
  Caching not enabled.
Caching disabled for AarTransform: /opt/gradle/.gradle/caches/9.3.1/transforms/cfc60be1cc7f19b1b84b50684e8a0e0b/transformed/jetified-coil-compose-base-2.7.0 because:
  Caching not enabled.
Caching disabled for AarTransform: /opt/gradle/.gradle/caches/9.3.1/transforms/8b9cba14ec8d3d8cbe82579a96230507/transformed/jetified-material-release because:
  Caching not enabled.
Caching disabled for AarTransform: /opt/gradle/.gradle/caches/9.3.1/transforms/7c35b0883b95e56c9d6d8116222c4c20/transformed/jetified-animation-core-release because:
  Caching not enabled.
Caching disabled for AarTransform: /opt/gradle/.gradle/caches/9.3.1/transforms/6192ec08ad811037f8f9ff1cb6d8d09a/transformed/jetified-material-ripple-release because:
  Caching not enabled.
Caching disabled for AarTransform: /opt/gradle/.gradle/caches/9.3.1/transforms/44bc905b3c71aa3fa94d118cb9c4f9aa/transformed/jetified-animation-release because:
  Caching not enabled.
Caching disabled for AarTransform: /opt/gradle/.gradle/caches/9.3.1/transforms/9a36407d09695d33c237ab79125b7368/transformed/jetified-foundation-layout-release because:
  Caching not enabled.
Caching disabled for AarTransform: /opt/gradle/.gradle/caches/9.3.1/transforms/03bf141e5fa203534be0861f59c8c20c/transformed/jetified-ui-tooling-data-release because:
  Caching not enabled.
Caching disabled for AarTransform: /opt/gradle/.gradle/caches/9.3.1/transforms/6075ccedffa94b491d41fd0379b824e8/transformed/jetified-ui-unit-release because:
  Caching not enabled.
Caching disabled for AarTransform: /opt/gradle/.gradle/caches/9.3.1/transforms/464177ec0cf82891e9b7c52969da83da/transformed/jetified-foundation-release because:
  Caching not enabled.
Caching disabled for AarTransform: /opt/gradle/.gradle/caches/9.3.1/transforms/e7626449f1cad337b87655d507a5a69d/transformed/jetified-ui-util-release because:
  Caching not enabled.
Caching disabled for AarTransform: /opt/gradle/.gradle/caches/9.3.1/transforms/068d5d7971da98df14f05e1eba4e218d/transformed/jetified-ui-geometry-release because:
  Caching not enabled.
Caching disabled for AarTransform: /opt/gradle/.gradle/caches/9.3.1/transforms/fe2056f497426a6bf09dec5cc6ee5fdc/transformed/jetified-ui-text-release because:
  Caching not enabled.
Caching disabled for AarTransform: /opt/gradle/.gradle/caches/9.3.1/transforms/b8ba0e84758186a9432b41489d15f017/transformed/jetified-ui-tooling-preview-release because:
  Caching not enabled.
Caching disabled for AarTransform: /opt/gradle/.gradle/caches/9.3.1/transforms/c86985a243eee53c0fea678b2319b968/transformed/jetified-ui-tooling-release because:
  Caching not enabled.
Caching disabled for AarTransform: /opt/gradle/.gradle/caches/9.3.1/transforms/0fb8b0179712442ac6a74744b28ade5b/transformed/jetified-ui-graphics-release because:
  Caching not enabled.
Caching disabled for AarTransform: /opt/gradle/.gradle/caches/9.3.1/transforms/a372721a253eb64c4b51846c119bd365/transformed/jetified-ui-test-manifest-1.7.5 because:
  Caching not enabled.
Caching disabled for AarTransform: /opt/gradle/.gradle/caches/9.3.1/transforms/00fd3567bbe5687d450cd956ae262f97/transformed/jetified-camera-video-1.5.0 because:
  Caching not enabled.
Caching disabled for AarTransform: /opt/gradle/.gradle/caches/9.3.1/transforms/442529d2192db296c2ff502bb985a0cd/transformed/jetified-camera-view-1.5.0 because:
  Caching not enabled.
Caching disabled for AarTransform: /opt/gradle/.gradle/caches/9.3.1/transforms/8092a9da76987ede1eb8c1ea38bfa0b7/transformed/jetified-camera-lifecycle-1.5.0 because:
  Caching not enabled.
Caching disabled for AarTransform: /opt/gradle/.gradle/caches/9.3.1/transforms/1238bd2e20e883ec40897eb0b9a14137/transformed/jetified-camera-camera2-1.5.0 because:
  Caching not enabled.
Caching disabled for AarTransform: /opt/gradle/.gradle/caches/9.3.1/transforms/32d6ce8b33eff46b1a57c76c2f08e791/transformed/jetified-camera-core-1.5.0 because:
  Caching not enabled.
Caching disabled for AarTransform: /opt/gradle/.gradle/caches/9.3.1/transforms/f3357de5b44fcac6438431004b384aa9/transformed/jetified-coil-2.7.0 because:
  Caching not enabled.
Caching disabled for AarTransform: /opt/gradle/.gradle/caches/9.3.1/transforms/1663eed400c699ee882bad45e0f823a6/transformed/jetified-coil-base-2.7.0 because:
  Caching not enabled.
Caching disabled for AarTransform: /opt/gradle/.gradle/caches/9.3.1/transforms/16b8c37a9c9a9d0dd8af856ed34edfdd/transformed/jetified-appcompat-resources-1.6.1 because:
  Caching not enabled.
Caching disabled for AarTransform: /opt/gradle/.gradle/caches/9.3.1/transforms/17e702d452372a4a8664d435d759cf26/transformed/fragment-1.3.6 because:
  Caching not enabled.
Caching disabled for AarTransform: /opt/gradle/.gradle/caches/9.3.1/transforms/34a943bee234201db93ab980ab6b7b9f/transformed/jetified-activity-1.9.3 because:
  Caching not enabled.
Caching disabled for AarTransform: /opt/gradle/.gradle/caches/9.3.1/transforms/d4a3b0e21a9a7edc8d0407aee29cc920/transformed/jetified-savedstate-ktx-1.2.1 because:
  Caching not enabled.
Caching disabled for AarTransform: /opt/gradle/.gradle/caches/9.3.1/transforms/26ef40f88b6da64d86244d4b1d19972b/transformed/appcompat-1.6.1 because:
  Caching not enabled.
Caching disabled for AarTransform: /opt/gradle/.gradle/caches/9.3.1/transforms/76db64eda8c556f90142165870bf8436/transformed/jetified-emoji2-views-helper-1.3.0 because:
  Caching not enabled.
Caching disabled for AarTransform: /opt/gradle/.gradle/caches/9.3.1/transforms/033b36e90179c265fcf21ad8f736b8ec/transformed/jetified-savedstate-1.2.1 because:
  Caching not enabled.
Caching disabled for AarTransform: /opt/gradle/.gradle/caches/9.3.1/transforms/2c1861fcad53ac0c87e93d65a5aaabb4/transformed/jetified-emoji2-1.3.0 because:
  Caching not enabled.
Caching disabled for AarTransform: /opt/gradle/.gradle/caches/9.3.1/transforms/63a9dea6e789bc29b52fb39b9b23f4ed/transformed/jetified-lifecycle-process-2.8.7 because:
  Caching not enabled.
Caching disabled for AarTransform: /opt/gradle/.gradle/caches/9.3.1/transforms/17058dafbabc35775e1a82d27611f057/transformed/jetified-lifecycle-runtime-release because:
  Caching not enabled.
Caching disabled for AarTransform: /opt/gradle/.gradle/caches/9.3.1/transforms/48f3eb464481aa9371ed5c7ebbbd7944/transformed/loader-1.0.0 because:
  Caching not enabled.
Caching disabled for AarTransform: /opt/gradle/.gradle/caches/9.3.1/transforms/405a54bc4999c7a134f21a62e811783b/transformed/lifecycle-viewmodel-2.8.7 because:
  Caching not enabled.
Caching disabled for AarTransform: /opt/gradle/.gradle/caches/9.3.1/transforms/5835de669e47091a8cac982dfefa6ad8/transformed/jetified-lifecycle-viewmodel-release because:
  Caching not enabled.
Caching disabled for AarTransform: /opt/gradle/.gradle/caches/9.3.1/transforms/2ebaa671d1ea0f522af84bd3afccfc73/transformed/jetified-lifecycle-livedata-core-ktx-2.8.7 because:
  Caching not enabled.
Caching disabled for AarTransform: /opt/gradle/.gradle/caches/9.3.1/transforms/d4cec5d9c07f1c2d5911b7686204fb69/transformed/jetified-lifecycle-viewmodel-savedstate-2.8.7 because:
  Caching not enabled.
Caching disabled for AarTransform: /opt/gradle/.gradle/caches/9.3.1/transforms/ed987f7c6948d35c4b4de1eda1a32bcc/transformed/jetified-lifecycle-viewmodel-ktx-2.8.7 because:
  Caching not enabled.
Caching disabled for AarTransform: /opt/gradle/.gradle/caches/9.3.1/transforms/f3f64694eb97fc7806d1dae751ecd49a/transformed/lifecycle-livedata-2.8.7 because:
  Caching not enabled.
Caching disabled for AarTransform: /opt/gradle/.gradle/caches/9.3.1/transforms/8352356b2bd7c5a8de8f3d69ee1071fd/transformed/lifecycle-livedata-core-2.8.7 because:
  Caching not enabled.
Caching disabled for AarTransform: /opt/gradle/.gradle/caches/9.3.1/transforms/db8327f7fae1a35326be02d83ab9170d/transformed/jetified-lifecycle-runtime-ktx-release because:
  Caching not enabled.
Caching disabled for AarTransform: /opt/gradle/.gradle/caches/9.3.1/transforms/bd4c3a9cc947d731fa56e29e2ffa529b/transformed/jetified-lifecycle-viewmodel-compose-release because:
  Caching not enabled.
Caching disabled for AarTransform: /opt/gradle/.gradle/caches/9.3.1/transforms/8910bbaa682f821a7e8e03fb6cf3a1b9/transformed/jetified-material-icons-extended-release because:
  Caching not enabled.
Caching disabled for AarTransform: /opt/gradle/.gradle/caches/9.3.1/transforms/f281c32b9da29614d4c27d798f0de374/transformed/jetified-material-icons-core-release because:
  Caching not enabled.
Caching disabled for AarTransform: /opt/gradle/.gradle/caches/9.3.1/transforms/05f35f2f83f4ba8a8ca9b75424ca13a0/transformed/jetified-lifecycle-runtime-compose-release because:
  Caching not enabled.
Caching disabled for AarTransform: /opt/gradle/.gradle/caches/9.3.1/transforms/4373b88a0d25f1f68250ad8c5c9ef7e8/transformed/jetified-accompanist-drawablepainter-0.32.0 because:
  Caching not enabled.
Caching disabled for AarTransform: /opt/gradle/.gradle/caches/9.3.1/transforms/2211b4f177e1bff8f18b160ba94380fa/transformed/jetified-activity-ktx-1.9.3 because:
  Caching not enabled.
Caching disabled for AarTransform: /opt/gradle/.gradle/caches/9.3.1/transforms/518a9889cdd4dd8691d56bba0da2c414/transformed/jetified-activity-compose-1.9.3 because:
  Caching not enabled.
Caching disabled for AarTransform: /opt/gradle/.gradle/caches/9.3.1/transforms/b952504133b6fe786f3bf2bd86e0c9f9/transformed/jetified-ui-release because:
  Caching not enabled.
Caching disabled for AarTransform: /opt/gradle/.gradle/caches/9.3.1/transforms/d43ec47d910b3c29e5e5355e36c74a72/transformed/jetified-autofill-1.0.0 because:
  Caching not enabled.
Caching disabled for AarTransform: /opt/gradle/.gradle/caches/9.3.1/transforms/56a6659f97e42fb34492019cf2b3f3ee/transformed/jetified-graphics-path-1.0.1 because:
  Caching not enabled.
Caching disabled for AarTransform: /opt/gradle/.gradle/caches/9.3.1/transforms/e93cd45ab5fa9207705a3cb41fd4da8f/transformed/vectordrawable-animated-1.1.0 because:
  Caching not enabled.
Caching disabled for AarTransform: /opt/gradle/.gradle/caches/9.3.1/transforms/26cb2d33956bf535a7b4f171b1170600/transformed/vectordrawable-1.1.0 because:
  Caching not enabled.
Caching disabled for AarTransform: /opt/gradle/.gradle/caches/9.3.1/transforms/98d6d208e25cf7683865ea2ca49be0e8/transformed/drawerlayout-1.0.0 because:
  Caching not enabled.
Caching disabled for AarTransform: /opt/gradle/.gradle/caches/9.3.1/transforms/91bebab74b085d32c5b0711c35a2a674/transformed/viewpager-1.0.0 because:
  Caching not enabled.
Caching disabled for AarTransform: /opt/gradle/.gradle/caches/9.3.1/transforms/b5f4b92e12db68c40444e9b48e307cf9/transformed/customview-1.0.0 because:
  Caching not enabled.
Caching disabled for AarTransform: /opt/gradle/.gradle/caches/9.3.1/transforms/52cabaf485cf5ba2d4b5215228bd2d11/transformed/core-1.15.0 because:
  Caching not enabled.
Caching disabled for AarTransform: /opt/gradle/.gradle/caches/9.3.1/transforms/d200231b15d0f0688257742c871442f9/transformed/jetified-core-ktx-1.15.0 because:
  Caching not enabled.
Caching disabled for AarTransform: /opt/gradle/.gradle/caches/9.3.1/transforms/dfed1755fd6ad3eea4445e2b03d38078/transformed/jetified-customview-poolingcontainer-1.0.0 because:
  Caching not enabled.
Caching disabled for AarTransform: /opt/gradle/.gradle/caches/9.3.1/transforms/83d492409b949d7119e9384291e45887/transformed/jetified-room-ktx-2.6.1 because:
  Caching not enabled.
Caching disabled for AarTransform: /opt/gradle/.gradle/caches/9.3.1/transforms/9fdc59d719d9a2d4e660ef789f397343/transformed/room-runtime-2.6.1 because:
  Caching not enabled.
Caching disabled for AarTransform: /opt/gradle/.gradle/caches/9.3.1/transforms/3a3dd191192b73fd304cfb8972f12e2e/transformed/jetified-annotation-experimental-1.4.1 because:
  Caching not enabled.
Caching disabled for AarTransform: /opt/gradle/.gradle/caches/9.3.1/transforms/ca03fbf286bbd1fd03675223f2fe0c8d/transformed/jetified-runtime-release because:
  Caching not enabled.
Caching disabled for AarTransform: /opt/gradle/.gradle/caches/9.3.1/transforms/0eda25b2384add63cc6b29614be5ae7d/transformed/jetified-runtime-saveable-release because:
  Caching not enabled.
Caching disabled for AarTransform: /opt/gradle/.gradle/caches/9.3.1/transforms/f285fdd043547f1c0165f0ff97db506f/transformed/jetified-profileinstaller-1.3.1 because:
  Caching not enabled.
Caching disabled for AarTransform: /opt/gradle/.gradle/caches/9.3.1/transforms/3c6b895bdf638e31dc64b0c5616820d8/transformed/jetified-startup-runtime-1.1.1 because:
  Caching not enabled.
Caching disabled for AarTransform: /opt/gradle/.gradle/caches/9.3.1/transforms/964fc14bf240fb2df9021da839d2a6de/transformed/jetified-tracing-1.2.0 because:
  Caching not enabled.
Caching disabled for AarTransform: /opt/gradle/.gradle/caches/9.3.1/transforms/0d4e7f244096daa620f6517cd129b036/transformed/jetified-tracing-ktx-1.2.0 because:
  Caching not enabled.
Caching disabled for AarTransform: /opt/gradle/.gradle/caches/9.3.1/transforms/d5f9399e5a27834fe665e885358f8e44/transformed/sqlite-framework-2.4.0 because:
  Caching not enabled.
Caching disabled for AarTransform: /opt/gradle/.gradle/caches/9.3.1/transforms/aa1ed74c605310787c0c15c93cdef74d/transformed/sqlite-2.4.0 because:
  Caching not enabled.
Caching disabled for AarTransform: /opt/gradle/.gradle/caches/9.3.1/transforms/2efe609ce59bbe6f5449c016f678c7ea/transformed/jetified-featurecombinationquery-1.5.0 because:
  Caching not enabled.
Caching disabled for AarTransform: /opt/gradle/.gradle/caches/9.3.1/transforms/006398b212a0631aa555465e266db94f/transformed/core-runtime-2.2.0 because:
  Caching not enabled.
Caching disabled for AarTransform: /opt/gradle/.gradle/caches/9.3.1/transforms/1e76f6968f718ab422d93074401100d6/transformed/jetified-core-1.54.0 because:
  Caching not enabled.
Caching disabled for AarTransform: /opt/gradle/.gradle/caches/9.3.1/transforms/b31266a98f5e144e6026cb437eb1527a/transformed/interpolator-1.0.0 because:
  Caching not enabled.
Caching disabled for AarTransform: /opt/gradle/.gradle/caches/9.3.1/transforms/c95e560ed9f9438d32138274637eae0d/transformed/versionedparcelable-1.1.1 because:
  Caching not enabled.
Caching disabled for AarTransform: /opt/gradle/.gradle/caches/9.3.1/transforms/f7331faef428a5694bc41da7b6e9624b/transformed/exifinterface-1.3.7 because:
  Caching not enabled.
Caching disabled for AarTransform: /opt/gradle/.gradle/caches/9.3.1/transforms/21bb4d5027e4b8955ea9fea45ac9ffac/transformed/cursoradapter-1.0.0 because:
  Caching not enabled.
Caching disabled for task ':app:mergeDebugAssets' because:
  Simple merging task
Task ':app:mergeDebugAssets' is not up-to-date because:
  No history is available.
The input changes require a full rebuild for incremental task ':app:mergeDebugAssets'.
Resolve mutations for :app:compressDebugAssets (Thread[#70,Execution worker Thread 2,5,main]) started.
:app:compressDebugAssets (Thread[#70,Execution worker Thread 2,5,main]) started.

> Task :app:compressDebugAssets
Build cache key for task ':app:compressDebugAssets' is df2206b1510bfd0e43e16094a0303d0d
Task ':app:compressDebugAssets' is not up-to-date because:
  No history is available.
The input changes require a full rebuild for incremental task ':app:compressDebugAssets'.
Stored cache entry for task ':app:compressDebugAssets' with cache key df2206b1510bfd0e43e16094a0303d0d
Resolve mutations for :app:desugarDebugFileDependencies (Thread[#70,Execution worker Thread 2,5,main]) started.
:app:desugarDebugFileDependencies (Thread[#70,Execution worker Thread 2,5,main]) started.

> Task :app:desugarDebugFileDependencies
Build cache key for task ':app:desugarDebugFileDependencies' is 4b45a98c29eeb6f20b87d8e0811218ac
Task ':app:desugarDebugFileDependencies' is not up-to-date because:
  No history is available.
Stored cache entry for task ':app:desugarDebugFileDependencies' with cache key 4b45a98c29eeb6f20b87d8e0811218ac
Resolve mutations for :app:checkDebugDuplicateClasses (Thread[#70,Execution worker Thread 2,5,main]) started.
:app:checkDebugDuplicateClasses (Thread[#70,Execution worker Thread 2,5,main]) started.

> Task :app:checkDebugDuplicateClasses
Caching disabled for AarToClassTransform: /opt/gradle/.gradle/caches/9.3.1/transforms/df7723b21deb00db2ff7c0c05939498f/transformed/jetified-accompanist-permissions-0.37.3.aar because:
  Caching not enabled.
Caching disabled for AarToClassTransform: /opt/gradle/.gradle/caches/modules-2/files-2.1/androidx.navigation/navigation-runtime/2.8.9/c1391a7ed4cd556598951b503bbda5b8883a5f52/navigation-runtime-2.8.9.aar because:
  Caching not enabled.
Caching disabled for AarToClassTransform: /opt/gradle/.gradle/caches/modules-2/files-2.1/androidx.navigation/navigation-common/2.8.9/20c83c11c4834e658c066d9514bbf30e506b7ad0/navigation-common-2.8.9.aar because:
  Caching not enabled.
Caching disabled for AarToClassTransform: /opt/gradle/.gradle/caches/modules-2/files-2.1/androidx.navigation/navigation-common-ktx/2.8.9/1816a2e022552a6af4c749fd18e6b6c1187a509f/navigation-common-ktx-2.8.9.aar because:
  Caching not enabled.
Build cache key for EnumerateClassesTransform: /opt/gradle/.gradle/caches/9.3.1/transforms/b73e6017896b7de3d91ac7462767023c/transformed/navigation-common-ktx-2.8.9-runtime.jar is 3ee13e66cb20ad5d1eb61daaa9a33c37
Build cache key for EnumerateClassesTransform: /opt/gradle/.gradle/caches/9.3.1/transforms/0b91d4baa5f1cf00993399aa8c00eea1/transformed/jetified-accompanist-permissions-0.37.3-runtime.jar is 5b60fa5b5f6e8ec425feca9f94daef2c
Build cache key for EnumerateClassesTransform: /opt/gradle/.gradle/caches/9.3.1/transforms/1cec5988e62c3c86d02b435747cc5f91/transformed/navigation-runtime-2.8.9-runtime.jar is 545c001604057af3739dc526803acbc4
Stored cache entry for EnumerateClassesTransform: /opt/gradle/.gradle/caches/9.3.1/transforms/0b91d4baa5f1cf00993399aa8c00eea1/transformed/jetified-accompanist-permissions-0.37.3-runtime.jar with cache key 5b60fa5b5f6e8ec425feca9f94daef2c
Stored cache entry for EnumerateClassesTransform: /opt/gradle/.gradle/caches/9.3.1/transforms/b73e6017896b7de3d91ac7462767023c/transformed/navigation-common-ktx-2.8.9-runtime.jar with cache key 3ee13e66cb20ad5d1eb61daaa9a33c37
Caching disabled for AarToClassTransform: /opt/gradle/.gradle/caches/modules-2/files-2.1/androidx.navigation/navigation-runtime-ktx/2.8.9/cce8f60981a468efe3c1ae62c9fec794348ad7bf/navigation-runtime-ktx-2.8.9.aar because:
  Caching not enabled.
Stored cache entry for EnumerateClassesTransform: /opt/gradle/.gradle/caches/9.3.1/transforms/1cec5988e62c3c86d02b435747cc5f91/transformed/navigation-runtime-2.8.9-runtime.jar with cache key 545c001604057af3739dc526803acbc4
Caching disabled for AarToClassTransform: /opt/gradle/.gradle/caches/9.3.1/transforms/fe9942523d5dff81e39a46a884bd3e13/transformed/jetified-navigation-compose-2.8.9.aar because:
  Caching not enabled.
Caching disabled for AarToClassTransform: /opt/gradle/.gradle/caches/9.3.1/transforms/e1697215f9900d1827a2eb326e517da2/transformed/jetified-material3-release.aar because:
  Caching not enabled.
Build cache key for EnumerateClassesTransform: /opt/gradle/.gradle/caches/9.3.1/transforms/f1c862d117548288cafcc17cb8dddb96/transformed/navigation-runtime-ktx-2.8.9-runtime.jar is dc4e0a461950bd76af6cbd908423c205
Build cache key for EnumerateClassesTransform: /opt/gradle/.gradle/caches/9.3.1/transforms/c9255d0cbd4af03cf91516c1df0218a4/transformed/navigation-common-2.8.9-runtime.jar is 5b36ca8781ed27d20d7b983616c39b88
Stored cache entry for EnumerateClassesTransform: /opt/gradle/.gradle/caches/9.3.1/transforms/f1c862d117548288cafcc17cb8dddb96/transformed/navigation-runtime-ktx-2.8.9-runtime.jar with cache key dc4e0a461950bd76af6cbd908423c205
Caching disabled for AarToClassTransform: /opt/gradle/.gradle/caches/9.3.1/transforms/50affa0a9803198eb3023a7e2cb69890/transformed/jetified-coil-compose-2.7.0.aar because:
  Caching not enabled.
Stored cache entry for EnumerateClassesTransform: /opt/gradle/.gradle/caches/9.3.1/transforms/c9255d0cbd4af03cf91516c1df0218a4/transformed/navigation-common-2.8.9-runtime.jar with cache key 5b36ca8781ed27d20d7b983616c39b88
Caching disabled for AarToClassTransform: /opt/gradle/.gradle/caches/9.3.1/transforms/6ba77595137cf7b348d20747145be921/transformed/jetified-coil-compose-base-2.7.0.aar because:
  Caching not enabled.
Build cache key for EnumerateClassesTransform: /opt/gradle/.gradle/caches/9.3.1/transforms/81b88cda1af39bf7e1f86262e650d709/transformed/jetified-coil-compose-2.7.0-runtime.jar is 6b1d19a3666b350d0a93e00a0d6af165
Build cache key for EnumerateClassesTransform: /opt/gradle/.gradle/caches/9.3.1/transforms/afd6f99557c690c13502010c58c0c3d2/transformed/jetified-navigation-compose-2.8.9-runtime.jar is 55940d61ba8fb3aa153ad80b3145ba1a
Stored cache entry for EnumerateClassesTransform: /opt/gradle/.gradle/caches/9.3.1/transforms/afd6f99557c690c13502010c58c0c3d2/transformed/jetified-navigation-compose-2.8.9-runtime.jar with cache key 55940d61ba8fb3aa153ad80b3145ba1a
Stored cache entry for EnumerateClassesTransform: /opt/gradle/.gradle/caches/9.3.1/transforms/81b88cda1af39bf7e1f86262e650d709/transformed/jetified-coil-compose-2.7.0-runtime.jar with cache key 6b1d19a3666b350d0a93e00a0d6af165
Caching disabled for AarToClassTransform: /opt/gradle/.gradle/caches/9.3.1/transforms/247305a50c2475ebadbdcd158cf8c7f4/transformed/jetified-material-release.aar because:
  Caching not enabled.
Caching disabled for AarToClassTransform: /opt/gradle/.gradle/caches/9.3.1/transforms/92d6c2f80c231ede6df122866c08ac05/transformed/jetified-animation-core-release.aar because:
  Caching not enabled.
Build cache key for EnumerateClassesTransform: /opt/gradle/.gradle/caches/9.3.1/transforms/26d41a5b74f02488bd6941cf111a255d/transformed/jetified-coil-compose-base-2.7.0-runtime.jar is 34f27dec22b07ed44807f378789e88e9
Stored cache entry for EnumerateClassesTransform: /opt/gradle/.gradle/caches/9.3.1/transforms/26d41a5b74f02488bd6941cf111a255d/transformed/jetified-coil-compose-base-2.7.0-runtime.jar with cache key 34f27dec22b07ed44807f378789e88e9
Caching disabled for AarToClassTransform: /opt/gradle/.gradle/caches/9.3.1/transforms/928bc661c152af196b8eae580281359a/transformed/jetified-material-ripple-release.aar because:
  Caching not enabled.
Build cache key for EnumerateClassesTransform: /opt/gradle/.gradle/caches/9.3.1/transforms/33714b65bf3ddf76c70c67aa8d510ed0/transformed/jetified-material-ripple-release-runtime.jar is bbef39d0a2af9c9840a23c1b1847245c
Stored cache entry for EnumerateClassesTransform: /opt/gradle/.gradle/caches/9.3.1/transforms/33714b65bf3ddf76c70c67aa8d510ed0/transformed/jetified-material-ripple-release-runtime.jar with cache key bbef39d0a2af9c9840a23c1b1847245c
Caching disabled for AarToClassTransform: /opt/gradle/.gradle/caches/9.3.1/transforms/831b488d98aa389be15e84177a7915f5/transformed/jetified-animation-release.aar because:
  Caching not enabled.
Build cache key for EnumerateClassesTransform: /opt/gradle/.gradle/caches/9.3.1/transforms/b13a6f70c08dd14b41e7a2c7ed2edd37/transformed/jetified-animation-core-release-runtime.jar is e6c40e73fcd1692070f6e45b474c9b06
Stored cache entry for EnumerateClassesTransform: /opt/gradle/.gradle/caches/9.3.1/transforms/b13a6f70c08dd14b41e7a2c7ed2edd37/transformed/jetified-animation-core-release-runtime.jar with cache key e6c40e73fcd1692070f6e45b474c9b06
Caching disabled for AarToClassTransform: /opt/gradle/.gradle/caches/9.3.1/transforms/85c3b1a1b4618d52a0e52a0c9ce3c323/transformed/jetified-foundation-layout-release.aar because:
  Caching not enabled.
Build cache key for EnumerateClassesTransform: /opt/gradle/.gradle/caches/9.3.1/transforms/f6b6b52a5fcaeb8bd7e9d903a9e4adc1/transformed/jetified-animation-release-runtime.jar is 98e790c425a8fc27abefd374c4c1e8e7
Stored cache entry for EnumerateClassesTransform: /opt/gradle/.gradle/caches/9.3.1/transforms/f6b6b52a5fcaeb8bd7e9d903a9e4adc1/transformed/jetified-animation-release-runtime.jar with cache key 98e790c425a8fc27abefd374c4c1e8e7
Caching disabled for AarToClassTransform: /opt/gradle/.gradle/caches/9.3.1/transforms/52d268f44803c9eca4f6951c2986c57e/transformed/jetified-foundation-release.aar because:
  Caching not enabled.
Build cache key for EnumerateClassesTransform: /opt/gradle/.gradle/caches/9.3.1/transforms/18cfaa29b48272ec1c3c26ffae29d53b/transformed/jetified-foundation-layout-release-runtime.jar is 7e0b136161cec4aaebc36808c0f356c9
Stored cache entry for EnumerateClassesTransform: /opt/gradle/.gradle/caches/9.3.1/transforms/18cfaa29b48272ec1c3c26ffae29d53b/transformed/jetified-foundation-layout-release-runtime.jar with cache key 7e0b136161cec4aaebc36808c0f356c9
Caching disabled for AarToClassTransform: /opt/gradle/.gradle/caches/9.3.1/transforms/d8bfc8e85a9eae4d95f636d427c68f19/transformed/jetified-ui-tooling-data-release.aar because:
  Caching not enabled.
Build cache key for EnumerateClassesTransform: /opt/gradle/.gradle/caches/9.3.1/transforms/c2038f0d89c84579b18daafc0929beed/transformed/jetified-ui-tooling-data-release-runtime.jar is 5b12e537a84ee6de9347f33f4a3ab7d9
Stored cache entry for EnumerateClassesTransform: /opt/gradle/.gradle/caches/9.3.1/transforms/c2038f0d89c84579b18daafc0929beed/transformed/jetified-ui-tooling-data-release-runtime.jar with cache key 5b12e537a84ee6de9347f33f4a3ab7d9
Caching disabled for AarToClassTransform: /opt/gradle/.gradle/caches/9.3.1/transforms/b45bd808fbcecc7a217a6a576a11562a/transformed/jetified-ui-unit-release.aar because:
  Caching not enabled.
Build cache key for EnumerateClassesTransform: /opt/gradle/.gradle/caches/9.3.1/transforms/bb33d8dddd748a28f8e87a854bb14bd7/transformed/jetified-ui-unit-release-runtime.jar is 6030208c3c0e2ab2b9328ffe2d6cf40f
Stored cache entry for EnumerateClassesTransform: /opt/gradle/.gradle/caches/9.3.1/transforms/bb33d8dddd748a28f8e87a854bb14bd7/transformed/jetified-ui-unit-release-runtime.jar with cache key 6030208c3c0e2ab2b9328ffe2d6cf40f
Caching disabled for AarToClassTransform: /opt/gradle/.gradle/caches/9.3.1/transforms/e72b38fca1b7f1e385ab2c09df098453/transformed/jetified-ui-geometry-release.aar because:
  Caching not enabled.
Build cache key for EnumerateClassesTransform: /opt/gradle/.gradle/caches/9.3.1/transforms/8f9304f1b2f9fd6159dbc05b9b1f12c6/transformed/jetified-ui-geometry-release-runtime.jar is 4686ffd3be7cd19a3b6f334b19c0ba66
Stored cache entry for EnumerateClassesTransform: /opt/gradle/.gradle/caches/9.3.1/transforms/8f9304f1b2f9fd6159dbc05b9b1f12c6/transformed/jetified-ui-geometry-release-runtime.jar with cache key 4686ffd3be7cd19a3b6f334b19c0ba66
Caching disabled for AarToClassTransform: /opt/gradle/.gradle/caches/9.3.1/transforms/e8b767c8b3d667f7d81cf105a95ad775/transformed/jetified-ui-util-release.aar because:
  Caching not enabled.
Build cache key for EnumerateClassesTransform: /opt/gradle/.gradle/caches/9.3.1/transforms/2927b8056ce1481008f627546b205db0/transformed/jetified-material-release-runtime.jar is 4c35a818a4b51c46ebe03c5ec44ce062
Build cache key for EnumerateClassesTransform: /opt/gradle/.gradle/caches/9.3.1/transforms/c7784938d32224b451a0410b2826d317/transformed/jetified-ui-util-release-runtime.jar is e2867561733552268a1b73d67175f9c7
Stored cache entry for EnumerateClassesTransform: /opt/gradle/.gradle/caches/9.3.1/transforms/c7784938d32224b451a0410b2826d317/transformed/jetified-ui-util-release-runtime.jar with cache key e2867561733552268a1b73d67175f9c7
Caching disabled for AarToClassTransform: /opt/gradle/.gradle/caches/9.3.1/transforms/e619f5bba14182d90e1cbc3e6da1e79f/transformed/jetified-ui-text-release.aar because:
  Caching not enabled.
Stored cache entry for EnumerateClassesTransform: /opt/gradle/.gradle/caches/9.3.1/transforms/2927b8056ce1481008f627546b205db0/transformed/jetified-material-release-runtime.jar with cache key 4c35a818a4b51c46ebe03c5ec44ce062
Caching disabled for AarToClassTransform: /opt/gradle/.gradle/caches/9.3.1/transforms/a76a29659d0340541779357c5406a1a8/transformed/jetified-ui-tooling-preview-release.aar because:
  Caching not enabled.
Build cache key for EnumerateClassesTransform: /opt/gradle/.gradle/caches/9.3.1/transforms/07294aed319dfa60b98996ee93d4e488/transformed/jetified-ui-tooling-preview-release-runtime.jar is 97b01fc154838ff3d05975e3a0c48489
Stored cache entry for EnumerateClassesTransform: /opt/gradle/.gradle/caches/9.3.1/transforms/07294aed319dfa60b98996ee93d4e488/transformed/jetified-ui-tooling-preview-release-runtime.jar with cache key 97b01fc154838ff3d05975e3a0c48489
Caching disabled for AarToClassTransform: /opt/gradle/.gradle/caches/9.3.1/transforms/583d24c7673fde07520988fe9389569d/transformed/jetified-ui-tooling-release.aar because:
  Caching not enabled.
Build cache key for EnumerateClassesTransform: /opt/gradle/.gradle/caches/9.3.1/transforms/347dcbbec56add1e945d08eff6fb6349/transformed/jetified-ui-tooling-release-runtime.jar is b4591b45db63ff4ce120400720fdb190
Stored cache entry for EnumerateClassesTransform: /opt/gradle/.gradle/caches/9.3.1/transforms/347dcbbec56add1e945d08eff6fb6349/transformed/jetified-ui-tooling-release-runtime.jar with cache key b4591b45db63ff4ce120400720fdb190
Caching disabled for AarToClassTransform: /opt/gradle/.gradle/caches/9.3.1/transforms/9d7972b6786580734e6cee7f4c2463b8/transformed/jetified-ui-graphics-release.aar because:
  Caching not enabled.
Build cache key for EnumerateClassesTransform: /opt/gradle/.gradle/caches/9.3.1/transforms/79fc78a49ec027a2fe03df111abece39/transformed/jetified-ui-text-release-runtime.jar is 7f3bad8c0ca96585597ff3399bc37d77
Build cache key for EnumerateClassesTransform: /opt/gradle/.gradle/caches/9.3.1/transforms/aedef37d03d0b7e9785fe055e0f79d84/transformed/jetified-material3-release-runtime.jar is 33222a37fe072fd5ab218f94c9226e92
Stored cache entry for EnumerateClassesTransform: /opt/gradle/.gradle/caches/9.3.1/transforms/79fc78a49ec027a2fe03df111abece39/transformed/jetified-ui-text-release-runtime.jar with cache key 7f3bad8c0ca96585597ff3399bc37d77
Caching disabled for AarToClassTransform: /opt/gradle/.gradle/caches/9.3.1/transforms/6e836b1b8a11f4b6c3c7260d166f29bb/transformed/jetified-ui-test-manifest-1.7.5.aar because:
  Caching not enabled.
Build cache key for EnumerateClassesTransform: /opt/gradle/.gradle/caches/9.3.1/transforms/fbc84a8e14f9b9a199638a0e2f4ded68/transformed/jetified-ui-graphics-release-runtime.jar is fa73e62d4cf9da46c15c32feb9248dc0
Build cache key for EnumerateClassesTransform: /opt/gradle/.gradle/caches/9.3.1/transforms/bf1daea8020037a4550b265ba1e4b723/transformed/jetified-ui-test-manifest-1.7.5-runtime.jar is cd2fc3d49d0cf24e9c4e7745736764d0
Stored cache entry for EnumerateClassesTransform: /opt/gradle/.gradle/caches/9.3.1/transforms/aedef37d03d0b7e9785fe055e0f79d84/transformed/jetified-material3-release-runtime.jar with cache key 33222a37fe072fd5ab218f94c9226e92
Stored cache entry for EnumerateClassesTransform: /opt/gradle/.gradle/caches/9.3.1/transforms/fbc84a8e14f9b9a199638a0e2f4ded68/transformed/jetified-ui-graphics-release-runtime.jar with cache key fa73e62d4cf9da46c15c32feb9248dc0
Stored cache entry for EnumerateClassesTransform: /opt/gradle/.gradle/caches/9.3.1/transforms/bf1daea8020037a4550b265ba1e4b723/transformed/jetified-ui-test-manifest-1.7.5-runtime.jar with cache key cd2fc3d49d0cf24e9c4e7745736764d0
Caching disabled for AarToClassTransform: /opt/gradle/.gradle/caches/9.3.1/transforms/a75272c3f48eaac934c53e391e05fc2f/transformed/jetified-camera-video-1.5.0.aar because:
  Caching not enabled.
Caching disabled for AarToClassTransform: /opt/gradle/.gradle/caches/9.3.1/transforms/07cfa8dc33ed9ffe92db33310bce182d/transformed/jetified-camera-view-1.5.0.aar because:
  Caching not enabled.
Caching disabled for AarToClassTransform: /opt/gradle/.gradle/caches/9.3.1/transforms/f92b7321ec6701f91209fc9f58163cdc/transformed/jetified-camera-lifecycle-1.5.0.aar because:
  Caching not enabled.
Build cache key for EnumerateClassesTransform: /opt/gradle/.gradle/caches/9.3.1/transforms/b7ff1bac5eb580aea15c01a388cc3b59/transformed/jetified-camera-lifecycle-1.5.0-runtime.jar is d1d0d7d2ff6f821fcbedcff521d55ed8
Build cache key for EnumerateClassesTransform: /opt/gradle/.gradle/caches/9.3.1/transforms/be5f499bd19b09ad8d96a08c47d210dd/transformed/jetified-camera-view-1.5.0-runtime.jar is f59e711a4a4acf07399a389915cc53a8
Stored cache entry for EnumerateClassesTransform: /opt/gradle/.gradle/caches/9.3.1/transforms/b7ff1bac5eb580aea15c01a388cc3b59/transformed/jetified-camera-lifecycle-1.5.0-runtime.jar with cache key d1d0d7d2ff6f821fcbedcff521d55ed8
Stored cache entry for EnumerateClassesTransform: /opt/gradle/.gradle/caches/9.3.1/transforms/be5f499bd19b09ad8d96a08c47d210dd/transformed/jetified-camera-view-1.5.0-runtime.jar with cache key f59e711a4a4acf07399a389915cc53a8
Caching disabled for AarToClassTransform: /opt/gradle/.gradle/caches/9.3.1/transforms/d317289988e03618e542a03974b47d1a/transformed/jetified-camera-camera2-1.5.0.aar because:
  Caching not enabled.
Caching disabled for AarToClassTransform: /opt/gradle/.gradle/caches/9.3.1/transforms/830eb4a554d94a4820446dda4a3bdba2/transformed/jetified-camera-core-1.5.0.aar because:
  Caching not enabled.
Build cache key for EnumerateClassesTransform: /opt/gradle/.gradle/caches/9.3.1/transforms/e28c2d39a06e3ee57e21dfd0f9ddb0b6/transformed/jetified-camera-video-1.5.0-runtime.jar is 8335b3a6d56b61507a15f7008a385030
Stored cache entry for EnumerateClassesTransform: /opt/gradle/.gradle/caches/9.3.1/transforms/e28c2d39a06e3ee57e21dfd0f9ddb0b6/transformed/jetified-camera-video-1.5.0-runtime.jar with cache key 8335b3a6d56b61507a15f7008a385030
Caching disabled for AarToClassTransform: /opt/gradle/.gradle/caches/9.3.1/transforms/cdcc34d281690b3427dadce44a198d44/transformed/jetified-coil-2.7.0.aar because:
  Caching not enabled.
Build cache key for EnumerateClassesTransform: /opt/gradle/.gradle/caches/9.3.1/transforms/151da3a714b4e809ba078db0e775f4cc/transformed/jetified-coil-2.7.0-runtime.jar is 39442820dcdd20c08dac74e7522e7c7e
Stored cache entry for EnumerateClassesTransform: /opt/gradle/.gradle/caches/9.3.1/transforms/151da3a714b4e809ba078db0e775f4cc/transformed/jetified-coil-2.7.0-runtime.jar with cache key 39442820dcdd20c08dac74e7522e7c7e
Caching disabled for AarToClassTransform: /opt/gradle/.gradle/caches/9.3.1/transforms/0ac347e102de2c3b38a460f7b4b8855f/transformed/jetified-coil-base-2.7.0.aar because:
  Caching not enabled.
Build cache key for EnumerateClassesTransform: /opt/gradle/.gradle/caches/9.3.1/transforms/eef02504bb803fb7fe18b075ffa1514e/transformed/jetified-foundation-release-runtime.jar is 1a32dd2324fbd58a82570069d4690a1b
Stored cache entry for EnumerateClassesTransform: /opt/gradle/.gradle/caches/9.3.1/transforms/eef02504bb803fb7fe18b075ffa1514e/transformed/jetified-foundation-release-runtime.jar with cache key 1a32dd2324fbd58a82570069d4690a1b
Build cache key for EnumerateClassesTransform: /opt/gradle/.gradle/caches/9.3.1/transforms/194489587a9563e9bc1f573b22e0f956/transformed/jetified-camera-camera2-1.5.0-runtime.jar is c40d9525fa2e57f9e1750fd2424f8435
Caching disabled for AarToClassTransform: /opt/gradle/.gradle/caches/9.3.1/transforms/4e755ca69e34c61061f4b291955109ed/transformed/jetified-appcompat-resources-1.6.1.aar because:
  Caching not enabled.
Stored cache entry for EnumerateClassesTransform: /opt/gradle/.gradle/caches/9.3.1/transforms/194489587a9563e9bc1f573b22e0f956/transformed/jetified-camera-camera2-1.5.0-runtime.jar with cache key c40d9525fa2e57f9e1750fd2424f8435
Caching disabled for AarToClassTransform: /opt/gradle/.gradle/caches/modules-2/files-2.1/androidx.appcompat/appcompat/1.6.1/6c7577004b7ebbee5ed87d512b578dd20e3c8c31/appcompat-1.6.1.aar because:
  Caching not enabled.
Build cache key for EnumerateClassesTransform: /opt/gradle/.gradle/caches/9.3.1/transforms/8e406fbacd7547b31588ad57d7448dd3/transformed/jetified-appcompat-resources-1.6.1-runtime.jar is dd0c0b7801ceaf06b04268a3f6766eb6
Build cache key for EnumerateClassesTransform: /opt/gradle/.gradle/caches/9.3.1/transforms/01236adbd5bb83018ab240ea6753b6a2/transformed/jetified-camera-core-1.5.0-runtime.jar is 791c9f8e396d294aa26061199ae89737
Build cache key for EnumerateClassesTransform: /opt/gradle/.gradle/caches/9.3.1/transforms/c823c11f64fadb5b3efdd54514e03b3d/transformed/jetified-coil-base-2.7.0-runtime.jar is d039fecef8339df903da179d429b8e8a
Stored cache entry for EnumerateClassesTransform: /opt/gradle/.gradle/caches/9.3.1/transforms/8e406fbacd7547b31588ad57d7448dd3/transformed/jetified-appcompat-resources-1.6.1-runtime.jar with cache key dd0c0b7801ceaf06b04268a3f6766eb6
Stored cache entry for EnumerateClassesTransform: /opt/gradle/.gradle/caches/9.3.1/transforms/c823c11f64fadb5b3efdd54514e03b3d/transformed/jetified-coil-base-2.7.0-runtime.jar with cache key d039fecef8339df903da179d429b8e8a
Caching disabled for AarToClassTransform: /opt/gradle/.gradle/caches/modules-2/files-2.1/androidx.fragment/fragment/1.3.6/6391fc504e7c0f24051ac8b9da3f0ba4d1241dff/fragment-1.3.6.aar because:
  Caching not enabled.
Caching disabled for AarToClassTransform: /opt/gradle/.gradle/caches/9.3.1/transforms/d4d2e53514575e3d98247d4431958873/transformed/jetified-activity-1.9.3.aar because:
  Caching not enabled.
Stored cache entry for EnumerateClassesTransform: /opt/gradle/.gradle/caches/9.3.1/transforms/01236adbd5bb83018ab240ea6753b6a2/transformed/jetified-camera-core-1.5.0-runtime.jar with cache key 791c9f8e396d294aa26061199ae89737
Caching disabled for AarToClassTransform: /opt/gradle/.gradle/caches/9.3.1/transforms/0e93bfd7dd968efb4d9f16bd9fe454fb/transformed/jetified-savedstate-ktx-1.2.1.aar because:
  Caching not enabled.
Build cache key for EnumerateClassesTransform: /opt/gradle/.gradle/caches/9.3.1/transforms/bf89adefbde66adc0e84d7c7b415fefd/transformed/jetified-savedstate-ktx-1.2.1-runtime.jar is 26e40291c3e7db6f96660e11013c03bd
Stored cache entry for EnumerateClassesTransform: /opt/gradle/.gradle/caches/9.3.1/transforms/bf89adefbde66adc0e84d7c7b415fefd/transformed/jetified-savedstate-ktx-1.2.1-runtime.jar with cache key 26e40291c3e7db6f96660e11013c03bd
Caching disabled for AarToClassTransform: /opt/gradle/.gradle/caches/9.3.1/transforms/c71af46587e3d192997c2c224b61a7ec/transformed/jetified-savedstate-1.2.1.aar because:
  Caching not enabled.
Build cache key for EnumerateClassesTransform: /opt/gradle/.gradle/caches/9.3.1/transforms/e15b37d7594a3ddd3376c7e6fef479b9/transformed/jetified-savedstate-1.2.1-runtime.jar is f3d76eca1b0cdad8d1dd998fefa6e5cf
Stored cache entry for EnumerateClassesTransform: /opt/gradle/.gradle/caches/9.3.1/transforms/e15b37d7594a3ddd3376c7e6fef479b9/transformed/jetified-savedstate-1.2.1-runtime.jar with cache key f3d76eca1b0cdad8d1dd998fefa6e5cf
Caching disabled for AarToClassTransform: /opt/gradle/.gradle/caches/9.3.1/transforms/3fa9648a5672ade05085eefd6457ee4f/transformed/jetified-emoji2-views-helper-1.3.0.aar because:
  Caching not enabled.
Build cache key for EnumerateClassesTransform: /opt/gradle/.gradle/caches/9.3.1/transforms/13c2755639fa74aba164e1ce126765d3/transformed/jetified-emoji2-views-helper-1.3.0-runtime.jar is 12eb58f97dfa5b2f03b41465b94d0ac2
Build cache key for EnumerateClassesTransform: /opt/gradle/.gradle/caches/9.3.1/transforms/af926f8a5c406370684941a0684b15ad/transformed/jetified-activity-1.9.3-runtime.jar is e58fb3bd69c279941908dde60a24b309
Build cache key for EnumerateClassesTransform: /opt/gradle/.gradle/caches/9.3.1/transforms/21bc3d0604213564d95d24ee098d750d/transformed/fragment-1.3.6-runtime.jar is 726469e82ab2492dcf57075f3edcd115
Stored cache entry for EnumerateClassesTransform: /opt/gradle/.gradle/caches/9.3.1/transforms/13c2755639fa74aba164e1ce126765d3/transformed/jetified-emoji2-views-helper-1.3.0-runtime.jar with cache key 12eb58f97dfa5b2f03b41465b94d0ac2
Stored cache entry for EnumerateClassesTransform: /opt/gradle/.gradle/caches/9.3.1/transforms/21bc3d0604213564d95d24ee098d750d/transformed/fragment-1.3.6-runtime.jar with cache key 726469e82ab2492dcf57075f3edcd115
Caching disabled for AarToClassTransform: /opt/gradle/.gradle/caches/9.3.1/transforms/c4a87f3c9f1d94bca0b7a44c0b1af9aa/transformed/jetified-emoji2-1.3.0.aar because:
  Caching not enabled.
Stored cache entry for EnumerateClassesTransform: /opt/gradle/.gradle/caches/9.3.1/transforms/af926f8a5c406370684941a0684b15ad/transformed/jetified-activity-1.9.3-runtime.jar with cache key e58fb3bd69c279941908dde60a24b309
Caching disabled for AarToClassTransform: /opt/gradle/.gradle/caches/9.3.1/transforms/3346031b85f8a2f8aa3d41ee159f84b9/transformed/jetified-lifecycle-process-2.8.7.aar because:
  Caching not enabled.
Caching disabled for AarToClassTransform: /opt/gradle/.gradle/caches/9.3.1/transforms/3513d7e0dd7a97df46652a2f86328511/transformed/jetified-lifecycle-runtime-release.aar because:
  Caching not enabled.
Build cache key for EnumerateClassesTransform: /opt/gradle/.gradle/caches/9.3.1/transforms/9e8318e5d6a785d70940b80ee355b4e5/transformed/jetified-lifecycle-process-2.8.7-runtime.jar is 55c6d33d9b6324f19e448d4a9f31c9fe
Build cache key for EnumerateClassesTransform: /opt/gradle/.gradle/caches/9.3.1/transforms/96b45c764919027f43954e25b48b22b7/transformed/jetified-lifecycle-runtime-release-runtime.jar is 74e6239bb051d12824ca762cc3e8cb5e
Stored cache entry for EnumerateClassesTransform: /opt/gradle/.gradle/caches/9.3.1/transforms/9e8318e5d6a785d70940b80ee355b4e5/transformed/jetified-lifecycle-process-2.8.7-runtime.jar with cache key 55c6d33d9b6324f19e448d4a9f31c9fe
Caching disabled for AarToClassTransform: /opt/gradle/.gradle/caches/modules-2/files-2.1/androidx.loader/loader/1.0.0/8af8b6cec0da85c207d03e15840e0722cbc71e70/loader-1.0.0.aar because:
  Caching not enabled.
Build cache key for EnumerateClassesTransform: /opt/gradle/.gradle/caches/9.3.1/transforms/72b3e3822065f57755b867c6a42e3792/transformed/jetified-emoji2-1.3.0-runtime.jar is 0bea1ad3414dc9b8963ba25e98d21b48
Stored cache entry for EnumerateClassesTransform: /opt/gradle/.gradle/caches/9.3.1/transforms/96b45c764919027f43954e25b48b22b7/transformed/jetified-lifecycle-runtime-release-runtime.jar with cache key 74e6239bb051d12824ca762cc3e8cb5e
Stored cache entry for EnumerateClassesTransform: /opt/gradle/.gradle/caches/9.3.1/transforms/72b3e3822065f57755b867c6a42e3792/transformed/jetified-emoji2-1.3.0-runtime.jar with cache key 0bea1ad3414dc9b8963ba25e98d21b48
Build cache key for EnumerateClassesTransform: /opt/gradle/.gradle/caches/9.3.1/transforms/429f48e9248e603fc80ca097f08d6f92/transformed/appcompat-1.6.1-runtime.jar is a3e5c899e4235a01efbd2e4e7d045640
Caching disabled for AarToClassTransform: /opt/gradle/.gradle/caches/modules-2/files-2.1/androidx.lifecycle/lifecycle-viewmodel/2.8.7/b24817e8c78b402c8d44acf07aeacd71f000ead2/lifecycle-viewmodel-2.8.7.aar because:
  Caching not enabled.
Build cache key for EnumerateClassesTransform: /opt/gradle/.gradle/caches/9.3.1/transforms/8dcb822fd153f2a1ccb901c06626f38d/transformed/loader-1.0.0-runtime.jar is 71c1522238d6ffddb55775428d761c13
Caching disabled for AarToClassTransform: /opt/gradle/.gradle/caches/9.3.1/transforms/2bea6d05306d0c6841364a6ef4003f67/transformed/jetified-lifecycle-viewmodel-release.aar because:
  Caching not enabled.
Stored cache entry for EnumerateClassesTransform: /opt/gradle/.gradle/caches/9.3.1/transforms/8dcb822fd153f2a1ccb901c06626f38d/transformed/loader-1.0.0-runtime.jar with cache key 71c1522238d6ffddb55775428d761c13
Build cache key for EnumerateClassesTransform: /opt/gradle/.gradle/caches/9.3.1/transforms/ff7463f3019e0ae1f6ea44832ff70e3e/transformed/lifecycle-viewmodel-2.8.7-runtime.jar is 26611701c2a0129f982d6851f6767d3e
Caching disabled for AarToClassTransform: /opt/gradle/.gradle/caches/9.3.1/transforms/21265c825e2f96b511bb3b093d166903/transformed/jetified-lifecycle-livedata-core-ktx-2.8.7.aar because:
  Caching not enabled.
Stored cache entry for EnumerateClassesTransform: /opt/gradle/.gradle/caches/9.3.1/transforms/429f48e9248e603fc80ca097f08d6f92/transformed/appcompat-1.6.1-runtime.jar with cache key a3e5c899e4235a01efbd2e4e7d045640
Build cache key for EnumerateClassesTransform: /opt/gradle/.gradle/caches/9.3.1/transforms/25c94882e1b290860e5fb28b1e4a9847/transformed/jetified-lifecycle-viewmodel-release-runtime.jar is b949561f3f54512a647ab29979431606
Build cache key for EnumerateClassesTransform: /opt/gradle/.gradle/caches/9.3.1/transforms/ca664b69679370e03d584bf5e8325bc5/transformed/jetified-lifecycle-livedata-core-ktx-2.8.7-runtime.jar is 12f87d23027be9d30e39cdd778affea3
Stored cache entry for EnumerateClassesTransform: /opt/gradle/.gradle/caches/9.3.1/transforms/ff7463f3019e0ae1f6ea44832ff70e3e/transformed/lifecycle-viewmodel-2.8.7-runtime.jar with cache key 26611701c2a0129f982d6851f6767d3e
Build cache key for JetifyTransform: /opt/gradle/.gradle/caches/modules-2/files-2.1/androidx.lifecycle/lifecycle-common-jvm/2.8.7/7174a594afb73a9ad9ac9074ce78b94af3cc52a7/lifecycle-common-jvm-2.8.7.jar is 9114dc200ac31fec2bf3a36230e4009f
Stored cache entry for EnumerateClassesTransform: /opt/gradle/.gradle/caches/9.3.1/transforms/25c94882e1b290860e5fb28b1e4a9847/transformed/jetified-lifecycle-viewmodel-release-runtime.jar with cache key b949561f3f54512a647ab29979431606
Caching disabled for AarToClassTransform: /opt/gradle/.gradle/caches/9.3.1/transforms/bff505fca4a9ec91e07ec19d6fe62fa6/transformed/jetified-lifecycle-viewmodel-savedstate-2.8.7.aar because:
  Caching not enabled.
Stored cache entry for EnumerateClassesTransform: /opt/gradle/.gradle/caches/9.3.1/transforms/ca664b69679370e03d584bf5e8325bc5/transformed/jetified-lifecycle-livedata-core-ktx-2.8.7-runtime.jar with cache key 12f87d23027be9d30e39cdd778affea3
Build cache key for JetifyTransform: /opt/gradle/.gradle/caches/modules-2/files-2.1/androidx.lifecycle/lifecycle-common-java8/2.8.7/2ad14aed781c4a73ed4dbb421966d408a0a06686/lifecycle-common-java8-2.8.7.jar is 8429a5bc2059a485969dcc9696bc6bfd
Caching disabled for AarToClassTransform: /opt/gradle/.gradle/caches/9.3.1/transforms/3362fce88cbb917501a7220868cd9047/transformed/jetified-lifecycle-viewmodel-ktx-2.8.7.aar because:
  Caching not enabled.
Build cache key for EnumerateClassesTransform: /opt/gradle/.gradle/caches/9.3.1/transforms/6ee78d4ce6304ca2b92a07227efc369b/transformed/jetified-lifecycle-viewmodel-ktx-2.8.7-runtime.jar is d8e700eed1f35511c4de394b45b4890f
Stored cache entry for EnumerateClassesTransform: /opt/gradle/.gradle/caches/9.3.1/transforms/6ee78d4ce6304ca2b92a07227efc369b/transformed/jetified-lifecycle-viewmodel-ktx-2.8.7-runtime.jar with cache key d8e700eed1f35511c4de394b45b4890f
Caching disabled for AarToClassTransform: /opt/gradle/.gradle/caches/modules-2/files-2.1/androidx.lifecycle/lifecycle-livedata-core/2.8.7/62e7efadd1ee10a038f39caa0a0242e19ae150dd/lifecycle-livedata-core-2.8.7.aar because:
  Caching not enabled.
Build cache key for EnumerateClassesTransform: /opt/gradle/.gradle/caches/9.3.1/transforms/636763af79e935a6a94a54e333cd3fc0/transformed/jetified-lifecycle-viewmodel-savedstate-2.8.7-runtime.jar is ffcc4ea56de7bbea8cb48caf8aacb409
Stored cache entry for EnumerateClassesTransform: /opt/gradle/.gradle/caches/9.3.1/transforms/636763af79e935a6a94a54e333cd3fc0/transformed/jetified-lifecycle-viewmodel-savedstate-2.8.7-runtime.jar with cache key ffcc4ea56de7bbea8cb48caf8aacb409
Caching disabled for AarToClassTransform: /opt/gradle/.gradle/caches/modules-2/files-2.1/androidx.lifecycle/lifecycle-livedata/2.8.7/363b8ac5575168fa0a7e31fdc61429b088183f5/lifecycle-livedata-2.8.7.aar because:
  Caching not enabled.
Build cache key for EnumerateClassesTransform: /opt/gradle/.gradle/caches/9.3.1/transforms/8210295ab6d10fcca5028da5ca8f55d5/transformed/lifecycle-livedata-core-2.8.7-runtime.jar is ee0fc9912ce355558debcb1bfc40dd3f
Stored cache entry for EnumerateClassesTransform: /opt/gradle/.gradle/caches/9.3.1/transforms/8210295ab6d10fcca5028da5ca8f55d5/transformed/lifecycle-livedata-core-2.8.7-runtime.jar with cache key ee0fc9912ce355558debcb1bfc40dd3f
Build cache key for EnumerateClassesTransform: /opt/gradle/.gradle/caches/9.3.1/transforms/23a55853188ed856a229deb19476aee4/transformed/lifecycle-livedata-2.8.7-runtime.jar is 812914889db086070d91a5e68c45a053
Stored cache entry for JetifyTransform: /opt/gradle/.gradle/caches/modules-2/files-2.1/androidx.lifecycle/lifecycle-common-java8/2.8.7/2ad14aed781c4a73ed4dbb421966d408a0a06686/lifecycle-common-java8-2.8.7.jar with cache key 8429a5bc2059a485969dcc9696bc6bfd
Caching disabled for IdentityTransform: /opt/gradle/.gradle/caches/modules-2/files-2.1/androidx.lifecycle/lifecycle-common-java8/2.8.7/2ad14aed781c4a73ed4dbb421966d408a0a06686/lifecycle-common-java8-2.8.7.jar because:
  Caching not enabled.
Stored cache entry for EnumerateClassesTransform: /opt/gradle/.gradle/caches/9.3.1/transforms/23a55853188ed856a229deb19476aee4/transformed/lifecycle-livedata-2.8.7-runtime.jar with cache key 812914889db086070d91a5e68c45a053
Caching disabled for AarToClassTransform: /opt/gradle/.gradle/caches/9.3.1/transforms/75e8ab2ccf062df0f0db071d1f3c2313/transformed/jetified-lifecycle-runtime-compose-release.aar because:
  Caching not enabled.
Caching disabled for AarToClassTransform: /opt/gradle/.gradle/caches/9.3.1/transforms/75a156a0181767604f6b93e7f1004fb3/transformed/jetified-lifecycle-runtime-ktx-release.aar because:
  Caching not enabled.
Build cache key for EnumerateClassesTransform: /opt/gradle/.gradle/caches/modules-2/files-2.1/androidx.lifecycle/lifecycle-common-java8/2.8.7/2ad14aed781c4a73ed4dbb421966d408a0a06686/lifecycle-common-java8-2.8.7.jar is fdc11b605afcb4b2abf9b60f2bbe36f1
Stored cache entry for EnumerateClassesTransform: /opt/gradle/.gradle/caches/modules-2/files-2.1/androidx.lifecycle/lifecycle-common-java8/2.8.7/2ad14aed781c4a73ed4dbb421966d408a0a06686/lifecycle-common-java8-2.8.7.jar with cache key fdc11b605afcb4b2abf9b60f2bbe36f1
Caching disabled for AarToClassTransform: /opt/gradle/.gradle/caches/9.3.1/transforms/32fe58d0c00eff80fe9388c131805097/transformed/jetified-lifecycle-viewmodel-compose-release.aar because:
  Caching not enabled.
Build cache key for EnumerateClassesTransform: /opt/gradle/.gradle/caches/9.3.1/transforms/c2aec8d9574bd3d244a80680ef34c831/transformed/jetified-lifecycle-runtime-ktx-release-runtime.jar is 443fdf6a9ddbf388e7aa9f3fefacb248
Build cache key for EnumerateClassesTransform: /opt/gradle/.gradle/caches/9.3.1/transforms/d51a9363a22abb67722f3270eca67e2d/transformed/jetified-lifecycle-runtime-compose-release-runtime.jar is 8928d1a2b383370265dd4fe8aa13d736
Stored cache entry for EnumerateClassesTransform: /opt/gradle/.gradle/caches/9.3.1/transforms/c2aec8d9574bd3d244a80680ef34c831/transformed/jetified-lifecycle-runtime-ktx-release-runtime.jar with cache key 443fdf6a9ddbf388e7aa9f3fefacb248
Build cache key for EnumerateClassesTransform: /opt/gradle/.gradle/caches/9.3.1/transforms/1ce64046ae8088f17bf213854aa6f298/transformed/jetified-lifecycle-viewmodel-compose-release-runtime.jar is c9e17c84ed8a977fff8fd86e01db4cb7
Caching disabled for AarToClassTransform: /opt/gradle/.gradle/caches/9.3.1/transforms/d71a915097503d576c6384b30e2ebf02/transformed/jetified-material-icons-extended-release.aar because:
  Caching not enabled.
Stored cache entry for EnumerateClassesTransform: /opt/gradle/.gradle/caches/9.3.1/transforms/d51a9363a22abb67722f3270eca67e2d/transformed/jetified-lifecycle-runtime-compose-release-runtime.jar with cache key 8928d1a2b383370265dd4fe8aa13d736
Caching disabled for AarToClassTransform: /opt/gradle/.gradle/caches/9.3.1/transforms/ba6ecba021f9b5f618156230106ab2c8/transformed/jetified-material-icons-core-release.aar because:
  Caching not enabled.
Stored cache entry for EnumerateClassesTransform: /opt/gradle/.gradle/caches/9.3.1/transforms/1ce64046ae8088f17bf213854aa6f298/transformed/jetified-lifecycle-viewmodel-compose-release-runtime.jar with cache key c9e17c84ed8a977fff8fd86e01db4cb7
Caching disabled for AarToClassTransform: /opt/gradle/.gradle/caches/9.3.1/transforms/e5713b993ee03ea9d7947f6ba2659698/transformed/jetified-accompanist-drawablepainter-0.32.0.aar because:
  Caching not enabled.
Build cache key for EnumerateClassesTransform: /opt/gradle/.gradle/caches/9.3.1/transforms/ce5b56876ce0e4e5664dd8c6724db040/transformed/jetified-accompanist-drawablepainter-0.32.0-runtime.jar is 8fe83db7a52515dc6c6cc086945e9335
Stored cache entry for EnumerateClassesTransform: /opt/gradle/.gradle/caches/9.3.1/transforms/ce5b56876ce0e4e5664dd8c6724db040/transformed/jetified-accompanist-drawablepainter-0.32.0-runtime.jar with cache key 8fe83db7a52515dc6c6cc086945e9335
Caching disabled for AarToClassTransform: /opt/gradle/.gradle/caches/9.3.1/transforms/7880cb0c62ec822c0d5b66a023e81be8/transformed/jetified-ui-release.aar because:
  Caching not enabled.
Stored cache entry for JetifyTransform: /opt/gradle/.gradle/caches/modules-2/files-2.1/androidx.lifecycle/lifecycle-common-jvm/2.8.7/7174a594afb73a9ad9ac9074ce78b94af3cc52a7/lifecycle-common-jvm-2.8.7.jar with cache key 9114dc200ac31fec2bf3a36230e4009f
Caching disabled for IdentityTransform: /opt/gradle/.gradle/caches/9.3.1/transforms/52cacb53cf50d2edd6508aea94ef4445/transformed/jetified-lifecycle-common-jvm-2.8.7.jar because:
  Caching not enabled.
Build cache key for EnumerateClassesTransform: /opt/gradle/.gradle/caches/9.3.1/transforms/f2db382119c4e39b6e4c8b9de4d21a63/transformed/jetified-material-icons-core-release-runtime.jar is eaef7ba56244a101014146338ae39b1a
Build cache key for EnumerateClassesTransform: /opt/gradle/.gradle/caches/9.3.1/transforms/52cacb53cf50d2edd6508aea94ef4445/transformed/jetified-lifecycle-common-jvm-2.8.7.jar is e7eeed3c704ad18fdaea114d3ea3bb5e
Stored cache entry for EnumerateClassesTransform: /opt/gradle/.gradle/caches/9.3.1/transforms/f2db382119c4e39b6e4c8b9de4d21a63/transformed/jetified-material-icons-core-release-runtime.jar with cache key eaef7ba56244a101014146338ae39b1a
Caching disabled for AarToClassTransform: /opt/gradle/.gradle/caches/9.3.1/transforms/eeb6bdd45ca5185dd9206599a4c73426/transformed/jetified-activity-ktx-1.9.3.aar because:
  Caching not enabled.
Stored cache entry for EnumerateClassesTransform: /opt/gradle/.gradle/caches/9.3.1/transforms/52cacb53cf50d2edd6508aea94ef4445/transformed/jetified-lifecycle-common-jvm-2.8.7.jar with cache key e7eeed3c704ad18fdaea114d3ea3bb5e
Caching disabled for AarToClassTransform: /opt/gradle/.gradle/caches/9.3.1/transforms/7997785bd5953fc2cc55f971ea7d1845/transformed/jetified-activity-compose-1.9.3.aar because:
  Caching not enabled.
Build cache key for EnumerateClassesTransform: /opt/gradle/.gradle/caches/9.3.1/transforms/ff97c32417e2629a2efb29b5a305bbb4/transformed/jetified-activity-ktx-1.9.3-runtime.jar is 3e4887502578f266df5e867613966777
Stored cache entry for EnumerateClassesTransform: /opt/gradle/.gradle/caches/9.3.1/transforms/ff97c32417e2629a2efb29b5a305bbb4/transformed/jetified-activity-ktx-1.9.3-runtime.jar with cache key 3e4887502578f266df5e867613966777
Caching disabled for AarToClassTransform: /opt/gradle/.gradle/caches/9.3.1/transforms/ca9c65e0e3edb28e34122cd4b6912406/transformed/jetified-autofill-1.0.0.aar because:
  Caching not enabled.
Build cache key for EnumerateClassesTransform: /opt/gradle/.gradle/caches/9.3.1/transforms/8dc77e0ea8ad4273e6131e10c9071fa0/transformed/jetified-autofill-1.0.0-runtime.jar is b767227c1ef2c5c5294a2e5e8c07a77e
Build cache key for EnumerateClassesTransform: /opt/gradle/.gradle/caches/9.3.1/transforms/9e508b40f8e6c72afd58529a93052d73/transformed/jetified-activity-compose-1.9.3-runtime.jar is c3731f7d936216af275e57ae3ba64a98
Stored cache entry for EnumerateClassesTransform: /opt/gradle/.gradle/caches/9.3.1/transforms/8dc77e0ea8ad4273e6131e10c9071fa0/transformed/jetified-autofill-1.0.0-runtime.jar with cache key b767227c1ef2c5c5294a2e5e8c07a77e
Stored cache entry for EnumerateClassesTransform: /opt/gradle/.gradle/caches/9.3.1/transforms/9e508b40f8e6c72afd58529a93052d73/transformed/jetified-activity-compose-1.9.3-runtime.jar with cache key c3731f7d936216af275e57ae3ba64a98
Caching disabled for AarToClassTransform: /opt/gradle/.gradle/caches/9.3.1/transforms/e497151e9b1d5985df380cbc3b0505c9/transformed/jetified-graphics-path-1.0.1.aar because:
  Caching not enabled.
Caching disabled for AarToClassTransform: /opt/gradle/.gradle/caches/modules-2/files-2.1/androidx.vectordrawable/vectordrawable-animated/1.1.0/fcda1161354501471c30a4e077af6b5c4d4eddc6/vectordrawable-animated-1.1.0.aar because:
  Caching not enabled.
Build cache key for EnumerateClassesTransform: /opt/gradle/.gradle/caches/9.3.1/transforms/89d3f932b536eb563d4a8b959a02e906/transformed/jetified-graphics-path-1.0.1-runtime.jar is 0a32951afb636ef49d10af9eabb6cc47
Build cache key for EnumerateClassesTransform: /opt/gradle/.gradle/caches/9.3.1/transforms/e3cea999178a8a12001d5d917c93a811/transformed/vectordrawable-animated-1.1.0-runtime.jar is bfe688559562768b2de03feccbfac6d0
Stored cache entry for EnumerateClassesTransform: /opt/gradle/.gradle/caches/9.3.1/transforms/89d3f932b536eb563d4a8b959a02e906/transformed/jetified-graphics-path-1.0.1-runtime.jar with cache key 0a32951afb636ef49d10af9eabb6cc47
Stored cache entry for EnumerateClassesTransform: /opt/gradle/.gradle/caches/9.3.1/transforms/e3cea999178a8a12001d5d917c93a811/transformed/vectordrawable-animated-1.1.0-runtime.jar with cache key bfe688559562768b2de03feccbfac6d0
Caching disabled for AarToClassTransform: /opt/gradle/.gradle/caches/modules-2/files-2.1/androidx.vectordrawable/vectordrawable/1.1.0/eac7a364fff534035a2a6cb17770a1288315f69f/vectordrawable-1.1.0.aar because:
  Caching not enabled.
Build cache key for EnumerateClassesTransform: /opt/gradle/.gradle/caches/9.3.1/transforms/647587f9c91a28f01a2a1aa00a2d01d9/transformed/vectordrawable-1.1.0-runtime.jar is 15314cffc9c9de7424ec4719cee3cc07
Stored cache entry for EnumerateClassesTransform: /opt/gradle/.gradle/caches/9.3.1/transforms/647587f9c91a28f01a2a1aa00a2d01d9/transformed/vectordrawable-1.1.0-runtime.jar with cache key 15314cffc9c9de7424ec4719cee3cc07
Caching disabled for AarToClassTransform: /opt/gradle/.gradle/caches/modules-2/files-2.1/androidx.drawerlayout/drawerlayout/1.0.0/dd02c7e207136e1272b33815cc61e57676ed13a2/drawerlayout-1.0.0.aar because:
  Caching not enabled.
Build cache key for EnumerateClassesTransform: /opt/gradle/.gradle/caches/9.3.1/transforms/708fde9a97a0ffa0eef77f279ba592d4/transformed/drawerlayout-1.0.0-runtime.jar is 020c31ff94964465b7ad374ff99d3489
Caching disabled for AarToClassTransform: /opt/gradle/.gradle/caches/modules-2/files-2.1/androidx.viewpager/viewpager/1.0.0/1f90e13820f96c2fb868f9674079a551678d68b2/viewpager-1.0.0.aar because:
  Caching not enabled.
Stored cache entry for EnumerateClassesTransform: /opt/gradle/.gradle/caches/9.3.1/transforms/708fde9a97a0ffa0eef77f279ba592d4/transformed/drawerlayout-1.0.0-runtime.jar with cache key 020c31ff94964465b7ad374ff99d3489
Caching disabled for AarToClassTransform: /opt/gradle/.gradle/caches/modules-2/files-2.1/androidx.customview/customview/1.0.0/30f5ff6075d112f8076e733b24410e68159735b6/customview-1.0.0.aar because:
  Caching not enabled.
Build cache key for EnumerateClassesTransform: /opt/gradle/.gradle/caches/9.3.1/transforms/d7b2bdc2dedaf1dd9ab0f92c5c71d85a/transformed/customview-1.0.0-runtime.jar is e18abdf3a6b9d50afc710fd94985e398
Build cache key for EnumerateClassesTransform: /opt/gradle/.gradle/caches/9.3.1/transforms/1e527ecab19bc3402c4204cea19e57c1/transformed/viewpager-1.0.0-runtime.jar is ac362e80d94c8145e7a0e3163decd193
Stored cache entry for EnumerateClassesTransform: /opt/gradle/.gradle/caches/9.3.1/transforms/d7b2bdc2dedaf1dd9ab0f92c5c71d85a/transformed/customview-1.0.0-runtime.jar with cache key e18abdf3a6b9d50afc710fd94985e398
Caching disabled for AarToClassTransform: /opt/gradle/.gradle/caches/modules-2/files-2.1/androidx.core/core/1.15.0/e8d4c7eeed12403fdd2d5ef29a00ebe946d530d6/core-1.15.0.aar because:
  Caching not enabled.
Stored cache entry for EnumerateClassesTransform: /opt/gradle/.gradle/caches/9.3.1/transforms/1e527ecab19bc3402c4204cea19e57c1/transformed/viewpager-1.0.0-runtime.jar with cache key ac362e80d94c8145e7a0e3163decd193
Build cache key for EnumerateClassesTransform: /opt/gradle/.gradle/caches/9.3.1/transforms/f04c82a349bfe1634bc35fe7bed17780/transformed/jetified-ui-release-runtime.jar is b3d5b90648d6502e60a6621ae382a8d2
Stored cache entry for EnumerateClassesTransform: /opt/gradle/.gradle/caches/9.3.1/transforms/f04c82a349bfe1634bc35fe7bed17780/transformed/jetified-ui-release-runtime.jar with cache key b3d5b90648d6502e60a6621ae382a8d2
Build cache key for EnumerateClassesTransform: /opt/gradle/.gradle/caches/9.3.1/transforms/8d41220c17574dc2aa9927fdff4d0061/transformed/core-1.15.0-runtime.jar is 88b2f0c525573acf0f507c37f2c61e67
Stored cache entry for EnumerateClassesTransform: /opt/gradle/.gradle/caches/9.3.1/transforms/8d41220c17574dc2aa9927fdff4d0061/transformed/core-1.15.0-runtime.jar with cache key 88b2f0c525573acf0f507c37f2c61e67
Caching disabled for AarToClassTransform: /opt/gradle/.gradle/caches/9.3.1/transforms/73fb1c98c01a55106e70b9224027f4a8/transformed/jetified-core-ktx-1.15.0.aar because:
  Caching not enabled.
Caching disabled for AarToClassTransform: /opt/gradle/.gradle/caches/9.3.1/transforms/0e17b714d2397e42b808d47dadf090e5/transformed/jetified-customview-poolingcontainer-1.0.0.aar because:
  Caching not enabled.
Build cache key for JetifyTransform: /opt/gradle/.gradle/caches/modules-2/files-2.1/androidx.room/room-common/2.6.1/ff1b9580850a9b7eef56554e356628d225785265/room-common-2.6.1.jar is 6cd51c0ece9aaac39fea6e4c5b658974
Stored cache entry for JetifyTransform: /opt/gradle/.gradle/caches/modules-2/files-2.1/androidx.room/room-common/2.6.1/ff1b9580850a9b7eef56554e356628d225785265/room-common-2.6.1.jar with cache key 6cd51c0ece9aaac39fea6e4c5b658974
Build cache key for EnumerateClassesTransform: /opt/gradle/.gradle/caches/9.3.1/transforms/29f061af0b82eb3553fabbbe03c93d9b/transformed/jetified-customview-poolingcontainer-1.0.0-runtime.jar is d3310d815a4543a87fbd8a7fb7a066d9
Caching disabled for IdentityTransform: /opt/gradle/.gradle/caches/modules-2/files-2.1/androidx.room/room-common/2.6.1/ff1b9580850a9b7eef56554e356628d225785265/room-common-2.6.1.jar because:
  Caching not enabled.
Stored cache entry for EnumerateClassesTransform: /opt/gradle/.gradle/caches/9.3.1/transforms/29f061af0b82eb3553fabbbe03c93d9b/transformed/jetified-customview-poolingcontainer-1.0.0-runtime.jar with cache key d3310d815a4543a87fbd8a7fb7a066d9
Caching disabled for AarToClassTransform: /opt/gradle/.gradle/caches/modules-2/files-2.1/androidx.room/room-runtime/2.6.1/3ebcd7683411c298dd8aeee635f452c96eaf319/room-runtime-2.6.1.aar because:
  Caching not enabled.
Build cache key for EnumerateClassesTransform: /opt/gradle/.gradle/caches/modules-2/files-2.1/androidx.room/room-common/2.6.1/ff1b9580850a9b7eef56554e356628d225785265/room-common-2.6.1.jar is ddbfb2592544a14699164359fd289035
Stored cache entry for EnumerateClassesTransform: /opt/gradle/.gradle/caches/modules-2/files-2.1/androidx.room/room-common/2.6.1/ff1b9580850a9b7eef56554e356628d225785265/room-common-2.6.1.jar with cache key ddbfb2592544a14699164359fd289035
Caching disabled for AarToClassTransform: /opt/gradle/.gradle/caches/9.3.1/transforms/b40e76c7eaea2985edc4371e9d7d0376/transformed/jetified-room-ktx-2.6.1.aar because:
  Caching not enabled.
Build cache key for EnumerateClassesTransform: /opt/gradle/.gradle/caches/9.3.1/transforms/c08e2cca21d4558b0752fb8b1af5619e/transformed/jetified-core-ktx-1.15.0-runtime.jar is 6b733a7198d257344eafa9c2c49983c9
Build cache key for EnumerateClassesTransform: /opt/gradle/.gradle/caches/9.3.1/transforms/4260546b2448105ed2a1ad3c63284040/transformed/jetified-room-ktx-2.6.1-runtime.jar is e992b2d121654dba6a9e0287d3d50e37
Stored cache entry for EnumerateClassesTransform: /opt/gradle/.gradle/caches/9.3.1/transforms/c08e2cca21d4558b0752fb8b1af5619e/transformed/jetified-core-ktx-1.15.0-runtime.jar with cache key 6b733a7198d257344eafa9c2c49983c9
Stored cache entry for EnumerateClassesTransform: /opt/gradle/.gradle/caches/9.3.1/transforms/4260546b2448105ed2a1ad3c63284040/transformed/jetified-room-ktx-2.6.1-runtime.jar with cache key e992b2d121654dba6a9e0287d3d50e37
Caching disabled for AarToClassTransform: /opt/gradle/.gradle/caches/9.3.1/transforms/528ad92679037addb24c6bc7d398f370/transformed/jetified-runtime-saveable-release.aar because:
  Caching not enabled.
Build cache key for EnumerateClassesTransform: /opt/gradle/.gradle/caches/9.3.1/transforms/6f2ae05a8f909cb7545c891fe58d293b/transformed/jetified-runtime-saveable-release-runtime.jar is 26f5f3af719894c588a6e41fc45c5c21
Build cache key for EnumerateClassesTransform: /opt/gradle/.gradle/caches/9.3.1/transforms/35318b03587967cbee7adeb651f0a672/transformed/room-runtime-2.6.1-runtime.jar is c15d37e3ac3e8dd7f368040eadebfa80
Stored cache entry for EnumerateClassesTransform: /opt/gradle/.gradle/caches/9.3.1/transforms/6f2ae05a8f909cb7545c891fe58d293b/transformed/jetified-runtime-saveable-release-runtime.jar with cache key 26f5f3af719894c588a6e41fc45c5c21
Stored cache entry for EnumerateClassesTransform: /opt/gradle/.gradle/caches/9.3.1/transforms/35318b03587967cbee7adeb651f0a672/transformed/room-runtime-2.6.1-runtime.jar with cache key c15d37e3ac3e8dd7f368040eadebfa80
Caching disabled for AarToClassTransform: /opt/gradle/.gradle/caches/9.3.1/transforms/cee2d76508098cd0c9bbeb0e9869dc43/transformed/jetified-runtime-release.aar because:
  Caching not enabled.
Build cache key for JetifyTransform: /opt/gradle/.gradle/caches/modules-2/files-2.1/org.jetbrains.kotlinx/kotlinx-coroutines-core-jvm/1.10.2/4a9f78ef49483748e2c129f3d124b8fa249dafbf/kotlinx-coroutines-core-jvm-1.10.2.jar is 3c6e5d08a7ac4ba414d636ff069074b7
Downloading https://dl.google.com/dl/android/maven2/androidx/concurrent/concurrent-futures-ktx/1.1.0/concurrent-futures-ktx-1.1.0.jar to /opt/gradle/.gradle/.tmp/gradle_download11763458375466013360bin
Build cache key for JetifyTransform: /opt/gradle/.gradle/caches/modules-2/files-2.1/androidx.concurrent/concurrent-futures-ktx/1.1.0/b4c245baf36d1a9e7defaf3be84f7a2ad4e1c797/concurrent-futures-ktx-1.1.0.jar is 9af3c1ab03401df3a980fbbd86d590e4
Stored cache entry for JetifyTransform: /opt/gradle/.gradle/caches/modules-2/files-2.1/androidx.concurrent/concurrent-futures-ktx/1.1.0/b4c245baf36d1a9e7defaf3be84f7a2ad4e1c797/concurrent-futures-ktx-1.1.0.jar with cache key 9af3c1ab03401df3a980fbbd86d590e4
Caching disabled for IdentityTransform: /opt/gradle/.gradle/caches/9.3.1/transforms/4a2cb8a17842a80fe9591b0bd9ab9fb2/transformed/jetified-concurrent-futures-ktx-1.1.0.jar because:
  Caching not enabled.
Build cache key for EnumerateClassesTransform: /opt/gradle/.gradle/caches/9.3.1/transforms/4a2cb8a17842a80fe9591b0bd9ab9fb2/transformed/jetified-concurrent-futures-ktx-1.1.0.jar is 343ff82cb6260e56c35fde45ea78c6e7
Stored cache entry for EnumerateClassesTransform: /opt/gradle/.gradle/caches/9.3.1/transforms/4a2cb8a17842a80fe9591b0bd9ab9fb2/transformed/jetified-concurrent-futures-ktx-1.1.0.jar with cache key 343ff82cb6260e56c35fde45ea78c6e7
Build cache key for JetifyTransform: /opt/gradle/.gradle/caches/modules-2/files-2.1/org.jetbrains.kotlinx/kotlinx-coroutines-android/1.10.2/c8705d275d81f19e8afaf3ff9b5bf7a4b6b6c19b/kotlinx-coroutines-android-1.10.2.jar is 15cd743b040dc034f3918d0c05b6d65f
Build cache key for EnumerateClassesTransform: /opt/gradle/.gradle/caches/9.3.1/transforms/92431487b20789d42cf83fc4bd23f2b3/transformed/jetified-runtime-release-runtime.jar is a42933269fa89de10209e1bb200a1c86
Stored cache entry for EnumerateClassesTransform: /opt/gradle/.gradle/caches/9.3.1/transforms/92431487b20789d42cf83fc4bd23f2b3/transformed/jetified-runtime-release-runtime.jar with cache key a42933269fa89de10209e1bb200a1c86
Stored cache entry for JetifyTransform: /opt/gradle/.gradle/caches/modules-2/files-2.1/org.jetbrains.kotlinx/kotlinx-coroutines-android/1.10.2/c8705d275d81f19e8afaf3ff9b5bf7a4b6b6c19b/kotlinx-coroutines-android-1.10.2.jar with cache key 15cd743b040dc034f3918d0c05b6d65f
Caching disabled for IdentityTransform: /opt/gradle/.gradle/caches/9.3.1/transforms/0938ccbb01fc05ee55746e1d3a8483f5/transformed/jetified-kotlinx-coroutines-android-1.10.2.jar because:
  Caching not enabled.
Build cache key for EnumerateClassesTransform: /opt/gradle/.gradle/caches/9.3.1/transforms/0938ccbb01fc05ee55746e1d3a8483f5/transformed/jetified-kotlinx-coroutines-android-1.10.2.jar is e059472c528160f7e98694d678ba916b
Stored cache entry for EnumerateClassesTransform: /opt/gradle/.gradle/caches/9.3.1/transforms/0938ccbb01fc05ee55746e1d3a8483f5/transformed/jetified-kotlinx-coroutines-android-1.10.2.jar with cache key e059472c528160f7e98694d678ba916b
Caching disabled for AarToClassTransform: /opt/gradle/.gradle/caches/9.3.1/transforms/8d4bc4f58852f8154c4f6c620f1e806c/transformed/jetified-annotation-experimental-1.4.1.aar because:
  Caching not enabled.
Build cache key for EnumerateClassesTransform: /opt/gradle/.gradle/caches/9.3.1/transforms/adfa64de33cfb59792175c89fe50fd15/transformed/jetified-annotation-experimental-1.4.1-runtime.jar is 09cd772b896b978238e076d2a3eb0851
Stored cache entry for EnumerateClassesTransform: /opt/gradle/.gradle/caches/9.3.1/transforms/adfa64de33cfb59792175c89fe50fd15/transformed/jetified-annotation-experimental-1.4.1-runtime.jar with cache key 09cd772b896b978238e076d2a3eb0851
Caching disabled for AarToClassTransform: /opt/gradle/.gradle/caches/9.3.1/transforms/6238d393a7ca38b730c49cb612f717e6/transformed/jetified-profileinstaller-1.3.1.aar because:
  Caching not enabled.
Build cache key for EnumerateClassesTransform: /opt/gradle/.gradle/caches/9.3.1/transforms/25f83326a69057f44006e210c0178972/transformed/jetified-profileinstaller-1.3.1-runtime.jar is 260ed812950e08b8560de84d4b0ff32b
Stored cache entry for EnumerateClassesTransform: /opt/gradle/.gradle/caches/9.3.1/transforms/25f83326a69057f44006e210c0178972/transformed/jetified-profileinstaller-1.3.1-runtime.jar with cache key 260ed812950e08b8560de84d4b0ff32b
Caching disabled for AarToClassTransform: /opt/gradle/.gradle/caches/9.3.1/transforms/72ebd9d1be60db0bb46bec3fd7146d80/transformed/jetified-startup-runtime-1.1.1.aar because:
  Caching not enabled.
Build cache key for EnumerateClassesTransform: /opt/gradle/.gradle/caches/9.3.1/transforms/d36c6749b38140343da125b28bcba677/transformed/jetified-startup-runtime-1.1.1-runtime.jar is dfe945a8300ea96a9950deb252ca48e2
Downloading https://repo.maven.apache.org/maven2/com/squareup/retrofit2/converter-kotlinx-serialization/2.12.0/converter-kotlinx-serialization-2.12.0.jar to /opt/gradle/.gradle/.tmp/gradle_download10275971524750854417bin
Stored cache entry for EnumerateClassesTransform: /opt/gradle/.gradle/caches/9.3.1/transforms/d36c6749b38140343da125b28bcba677/transformed/jetified-startup-runtime-1.1.1-runtime.jar with cache key dfe945a8300ea96a9950deb252ca48e2
Build cache key for JetifyTransform: /opt/gradle/.gradle/caches/modules-2/files-2.1/com.squareup.retrofit2/converter-kotlinx-serialization/2.12.0/7fd6525ff340ab68a2db09bbb30c75728ca87dc9/converter-kotlinx-serialization-2.12.0.jar is 0bfec0ead41f21b6b38a7136b447c7a7
Caching disabled for AarToClassTransform: /opt/gradle/.gradle/caches/9.3.1/transforms/ca9ed572081c99614bb7524b96f9196f/transformed/jetified-tracing-1.2.0.aar because:
  Caching not enabled.
Build cache key for EnumerateClassesTransform: /opt/gradle/.gradle/caches/9.3.1/transforms/19769eae399a9f307454c42703eb6f85/transformed/jetified-tracing-1.2.0-runtime.jar is d20bfe40a0595215436889ebc30b147c
Stored cache entry for EnumerateClassesTransform: /opt/gradle/.gradle/caches/9.3.1/transforms/19769eae399a9f307454c42703eb6f85/transformed/jetified-tracing-1.2.0-runtime.jar with cache key d20bfe40a0595215436889ebc30b147c
Caching disabled for AarToClassTransform: /opt/gradle/.gradle/caches/9.3.1/transforms/2a96d035799c4e390f41cd3e5e9641e1/transformed/jetified-tracing-ktx-1.2.0.aar because:
  Caching not enabled.
Build cache key for EnumerateClassesTransform: /opt/gradle/.gradle/caches/9.3.1/transforms/766d6d096a26811e5c8ec50dbbcbe8cb/transformed/jetified-tracing-ktx-1.2.0-runtime.jar is 396dfb68aa6daf21563239bf9ef8858e
Stored cache entry for EnumerateClassesTransform: /opt/gradle/.gradle/caches/9.3.1/transforms/766d6d096a26811e5c8ec50dbbcbe8cb/transformed/jetified-tracing-ktx-1.2.0-runtime.jar with cache key 396dfb68aa6daf21563239bf9ef8858e
Caching disabled for AarToClassTransform: /opt/gradle/.gradle/caches/modules-2/files-2.1/androidx.sqlite/sqlite-framework/2.4.0/532d56a4f312d78767534ff1cc2f8084baec6c26/sqlite-framework-2.4.0.aar because:
  Caching not enabled.
Stored cache entry for JetifyTransform: /opt/gradle/.gradle/caches/modules-2/files-2.1/com.squareup.retrofit2/converter-kotlinx-serialization/2.12.0/7fd6525ff340ab68a2db09bbb30c75728ca87dc9/converter-kotlinx-serialization-2.12.0.jar with cache key 0bfec0ead41f21b6b38a7136b447c7a7
Build cache key for EnumerateClassesTransform: /opt/gradle/.gradle/caches/9.3.1/transforms/26f046c814a175139740c62f19c62aa0/transformed/sqlite-framework-2.4.0-runtime.jar is 858f5db577f9e601c65d13b5a23e08c4
Caching disabled for IdentityTransform: /opt/gradle/.gradle/caches/9.3.1/transforms/a8ffdfc98bf020321592088b7f8137c9/transformed/jetified-converter-kotlinx-serialization-2.12.0.jar because:
  Caching not enabled.
Stored cache entry for EnumerateClassesTransform: /opt/gradle/.gradle/caches/9.3.1/transforms/26f046c814a175139740c62f19c62aa0/transformed/sqlite-framework-2.4.0-runtime.jar with cache key 858f5db577f9e601c65d13b5a23e08c4
Caching disabled for AarToClassTransform: /opt/gradle/.gradle/caches/modules-2/files-2.1/androidx.sqlite/sqlite/2.4.0/cc553e5621c8ad4e233059a724100afa9e2fd1f4/sqlite-2.4.0.aar because:
  Caching not enabled.
Build cache key for EnumerateClassesTransform: /opt/gradle/.gradle/caches/9.3.1/transforms/a8ffdfc98bf020321592088b7f8137c9/transformed/jetified-converter-kotlinx-serialization-2.12.0.jar is b2b2799dcd36a64970c81341fa95e072
Stored cache entry for EnumerateClassesTransform: /opt/gradle/.gradle/caches/9.3.1/transforms/a8ffdfc98bf020321592088b7f8137c9/transformed/jetified-converter-kotlinx-serialization-2.12.0.jar with cache key b2b2799dcd36a64970c81341fa95e072
Build cache key for EnumerateClassesTransform: /opt/gradle/.gradle/caches/9.3.1/transforms/388c9a9638326c7a6c586ea998e1d840/transformed/sqlite-2.4.0-runtime.jar is 4f5af8fb27beb5aec87b359cceb95f49
Build cache key for JetifyTransform: /opt/gradle/.gradle/caches/modules-2/files-2.1/com.squareup.moshi/moshi-kotlin/1.15.2/7b1097b592daa615344f3d52d5a4147d4eb29583/moshi-kotlin-1.15.2.jar is f4bdd7403d0a5a9d9b61a29f26954ca3
Stored cache entry for EnumerateClassesTransform: /opt/gradle/.gradle/caches/9.3.1/transforms/388c9a9638326c7a6c586ea998e1d840/transformed/sqlite-2.4.0-runtime.jar with cache key 4f5af8fb27beb5aec87b359cceb95f49
Build cache key for JetifyTransform: /opt/gradle/.gradle/caches/modules-2/files-2.1/org.jetbrains.kotlin/kotlin-reflect/1.8.21/662838019bc1141f8a311180d93b9e13765c7f55/kotlin-reflect-1.8.21.jar is 8a3c4cb87cc81e6a892ec706c3f351b9
Stored cache entry for JetifyTransform: /opt/gradle/.gradle/caches/modules-2/files-2.1/com.squareup.moshi/moshi-kotlin/1.15.2/7b1097b592daa615344f3d52d5a4147d4eb29583/moshi-kotlin-1.15.2.jar with cache key f4bdd7403d0a5a9d9b61a29f26954ca3
Caching disabled for IdentityTransform: /opt/gradle/.gradle/caches/9.3.1/transforms/b45542389b9af44b178dfd2a4a2bf83d/transformed/jetified-moshi-kotlin-1.15.2.jar because:
  Caching not enabled.
Build cache key for EnumerateClassesTransform: /opt/gradle/.gradle/caches/9.3.1/transforms/b45542389b9af44b178dfd2a4a2bf83d/transformed/jetified-moshi-kotlin-1.15.2.jar is e06e8d7308b271159432bc89daaead83
Stored cache entry for EnumerateClassesTransform: /opt/gradle/.gradle/caches/9.3.1/transforms/b45542389b9af44b178dfd2a4a2bf83d/transformed/jetified-moshi-kotlin-1.15.2.jar with cache key e06e8d7308b271159432bc89daaead83
Caching disabled for AarToClassTransform: /opt/gradle/.gradle/caches/9.3.1/transforms/28ffa2789f1e8730f97cc781c5381133/transformed/jetified-core-1.54.0.aar because:
  Caching not enabled.
Build cache key for EnumerateClassesTransform: /opt/gradle/.gradle/caches/9.3.1/transforms/3e8c2e43fa054d2adb3fc2dae18afa8b/transformed/jetified-core-1.54.0-runtime.jar is 86fe58e6a77f21b5d1bf9b420759f7d9
Stored cache entry for EnumerateClassesTransform: /opt/gradle/.gradle/caches/9.3.1/transforms/3e8c2e43fa054d2adb3fc2dae18afa8b/transformed/jetified-core-1.54.0-runtime.jar with cache key 86fe58e6a77f21b5d1bf9b420759f7d9
Caching disabled for AarToClassTransform: /opt/gradle/.gradle/caches/modules-2/files-2.1/androidx.arch.core/core-runtime/2.2.0/39705982680d78556b679ef9d5400d4f17509b0b/core-runtime-2.2.0.aar because:
  Caching not enabled.
Build cache key for EnumerateClassesTransform: /opt/gradle/.gradle/caches/9.3.1/transforms/d33e001b871ed0bdf4064a83e35ff131/transformed/core-runtime-2.2.0-runtime.jar is d282d942eef96f9342d3ea9dd37c7216
Stored cache entry for EnumerateClassesTransform: /opt/gradle/.gradle/caches/9.3.1/transforms/d33e001b871ed0bdf4064a83e35ff131/transformed/core-runtime-2.2.0-runtime.jar with cache key d282d942eef96f9342d3ea9dd37c7216
Build cache key for JetifyTransform: /opt/gradle/.gradle/caches/modules-2/files-2.1/androidx.arch.core/core-common/2.2.0/5e1b8b81dfd5f52c56a8d53b18ca759c19a301f3/core-common-2.2.0.jar is d791f3694f0f3591151b3a22a0ae351d
Stored cache entry for JetifyTransform: /opt/gradle/.gradle/caches/modules-2/files-2.1/androidx.arch.core/core-common/2.2.0/5e1b8b81dfd5f52c56a8d53b18ca759c19a301f3/core-common-2.2.0.jar with cache key d791f3694f0f3591151b3a22a0ae351d
Caching disabled for IdentityTransform: /opt/gradle/.gradle/caches/modules-2/files-2.1/androidx.arch.core/core-common/2.2.0/5e1b8b81dfd5f52c56a8d53b18ca759c19a301f3/core-common-2.2.0.jar because:
  Caching not enabled.
Build cache key for EnumerateClassesTransform: /opt/gradle/.gradle/caches/modules-2/files-2.1/androidx.arch.core/core-common/2.2.0/5e1b8b81dfd5f52c56a8d53b18ca759c19a301f3/core-common-2.2.0.jar is ed9bdff612ded1ade3783ab74ed43cd5
Stored cache entry for EnumerateClassesTransform: /opt/gradle/.gradle/caches/modules-2/files-2.1/androidx.arch.core/core-common/2.2.0/5e1b8b81dfd5f52c56a8d53b18ca759c19a301f3/core-common-2.2.0.jar with cache key ed9bdff612ded1ade3783ab74ed43cd5
Caching disabled for AarToClassTransform: /opt/gradle/.gradle/caches/9.3.1/transforms/d49cc48d22c2bd05e5f6940270435016/transformed/jetified-featurecombinationquery-1.5.0.aar because:
  Caching not enabled.
Build cache key for EnumerateClassesTransform: /opt/gradle/.gradle/caches/9.3.1/transforms/41afb657fc6a03ba7a2d4e244624406d/transformed/jetified-featurecombinationquery-1.5.0-runtime.jar is 00c7578ad99977958db864ba519c8537
Stored cache entry for EnumerateClassesTransform: /opt/gradle/.gradle/caches/9.3.1/transforms/41afb657fc6a03ba7a2d4e244624406d/transformed/jetified-featurecombinationquery-1.5.0-runtime.jar with cache key 00c7578ad99977958db864ba519c8537
Downloading https://dl.google.com/dl/android/maven2/androidx/concurrent/concurrent-futures/1.1.0/concurrent-futures-1.1.0.jar to /opt/gradle/.gradle/.tmp/gradle_download13476731330018999273bin
Build cache key for JetifyTransform: /opt/gradle/.gradle/caches/modules-2/files-2.1/androidx.concurrent/concurrent-futures/1.1.0/50b7fb98350d5f42a4e49704b03278542293ba48/concurrent-futures-1.1.0.jar is 83764f037d787d8eec94306311dbb4cb
Stored cache entry for JetifyTransform: /opt/gradle/.gradle/caches/modules-2/files-2.1/androidx.concurrent/concurrent-futures/1.1.0/50b7fb98350d5f42a4e49704b03278542293ba48/concurrent-futures-1.1.0.jar with cache key 83764f037d787d8eec94306311dbb4cb
Caching disabled for IdentityTransform: /opt/gradle/.gradle/caches/9.3.1/transforms/f2b65d18296e90ebd0e74d9bab3ec999/transformed/jetified-concurrent-futures-1.1.0.jar because:
  Caching not enabled.
Build cache key for EnumerateClassesTransform: /opt/gradle/.gradle/caches/9.3.1/transforms/f2b65d18296e90ebd0e74d9bab3ec999/transformed/jetified-concurrent-futures-1.1.0.jar is 18447825c8f850f97df49faddae03600
Stored cache entry for EnumerateClassesTransform: /opt/gradle/.gradle/caches/9.3.1/transforms/f2b65d18296e90ebd0e74d9bab3ec999/transformed/jetified-concurrent-futures-1.1.0.jar with cache key 18447825c8f850f97df49faddae03600
Caching disabled for AarToClassTransform: /opt/gradle/.gradle/caches/modules-2/files-2.1/androidx.interpolator/interpolator/1.0.0/8a01fa254a23b9388571eb6334b03707c7d122d7/interpolator-1.0.0.aar because:
  Caching not enabled.
Build cache key for EnumerateClassesTransform: /opt/gradle/.gradle/caches/9.3.1/transforms/b30d25f352b5ece0481f5b195a70bb05/transformed/interpolator-1.0.0-runtime.jar is 7c2c0f3e09eecfa6dff538b195f3c48d
Stored cache entry for EnumerateClassesTransform: /opt/gradle/.gradle/caches/9.3.1/transforms/b30d25f352b5ece0481f5b195a70bb05/transformed/interpolator-1.0.0-runtime.jar with cache key 7c2c0f3e09eecfa6dff538b195f3c48d
Caching disabled for AarToClassTransform: /opt/gradle/.gradle/caches/modules-2/files-2.1/androidx.versionedparcelable/versionedparcelable/1.1.1/18e18071e7715679e0593c570217edeb5ca48b9e/versionedparcelable-1.1.1.aar because:
  Caching not enabled.
Build cache key for EnumerateClassesTransform: /opt/gradle/.gradle/caches/9.3.1/transforms/f1ec07c882fa94bacc18154ed7337976/transformed/versionedparcelable-1.1.1-runtime.jar is 347e17d2b1894e1fcffe813637dc2858
Stored cache entry for EnumerateClassesTransform: /opt/gradle/.gradle/caches/9.3.1/transforms/f1ec07c882fa94bacc18154ed7337976/transformed/versionedparcelable-1.1.1-runtime.jar with cache key 347e17d2b1894e1fcffe813637dc2858
Caching disabled for AarToClassTransform: /opt/gradle/.gradle/caches/modules-2/files-2.1/androidx.exifinterface/exifinterface/1.3.7/294ecda0567595907e142b6c364375521ba2b876/exifinterface-1.3.7.aar because:
  Caching not enabled.
Build cache key for EnumerateClassesTransform: /opt/gradle/.gradle/caches/9.3.1/transforms/e4ce8754b01c742b2d1aa3b2405431ed/transformed/exifinterface-1.3.7-runtime.jar is c664c38a9229ac0326926a9f418db9c0
Stored cache entry for EnumerateClassesTransform: /opt/gradle/.gradle/caches/9.3.1/transforms/e4ce8754b01c742b2d1aa3b2405431ed/transformed/exifinterface-1.3.7-runtime.jar with cache key c664c38a9229ac0326926a9f418db9c0
Build cache key for JetifyTransform: /opt/gradle/.gradle/caches/modules-2/files-2.1/androidx.collection/collection-ktx/1.4.4/2ad14aed781c4a73ed4dbb421966d408a0a06686/collection-ktx-1.4.4.jar is af18fd090374d52efed3e3acef53ee2b
Stored cache entry for JetifyTransform: /opt/gradle/.gradle/caches/modules-2/files-2.1/androidx.collection/collection-ktx/1.4.4/2ad14aed781c4a73ed4dbb421966d408a0a06686/collection-ktx-1.4.4.jar with cache key af18fd090374d52efed3e3acef53ee2b
Caching disabled for IdentityTransform: /opt/gradle/.gradle/caches/9.3.1/transforms/a62c31c06329388296398c30d8e810fe/transformed/jetified-collection-ktx-1.4.4.jar because:
  Caching not enabled.
Build cache key for EnumerateClassesTransform: /opt/gradle/.gradle/caches/9.3.1/transforms/a62c31c06329388296398c30d8e810fe/transformed/jetified-collection-ktx-1.4.4.jar is 852532fa97fe784fb666a25a0fb559ed
Stored cache entry for EnumerateClassesTransform: /opt/gradle/.gradle/caches/9.3.1/transforms/a62c31c06329388296398c30d8e810fe/transformed/jetified-collection-ktx-1.4.4.jar with cache key 852532fa97fe784fb666a25a0fb559ed
Build cache key for JetifyTransform: /opt/gradle/.gradle/caches/modules-2/files-2.1/androidx.collection/collection-jvm/1.4.4/da13a7e557c430276b8cb490420effebc1398c0d/collection-jvm-1.4.4.jar is dcf7c766378805096f82e853e60f4cf4
Invalidating in-memory cache of /opt/gradle/.gradle/caches/9.3.1/fileHashes/kotlinDslCompileAvoidanceClasspathHashCache.bin
Invalidating in-memory cache of /opt/gradle/.gradle/caches/9.3.1/fileHashes/fileHashes.bin
Invalidating in-memory cache of /opt/gradle/.gradle/caches/9.3.1/fileHashes/resourceHashesCache.bin
Stored cache entry for JetifyTransform: /opt/gradle/.gradle/caches/modules-2/files-2.1/androidx.collection/collection-jvm/1.4.4/da13a7e557c430276b8cb490420effebc1398c0d/collection-jvm-1.4.4.jar with cache key dcf7c766378805096f82e853e60f4cf4
Caching disabled for IdentityTransform: /opt/gradle/.gradle/caches/9.3.1/transforms/03b8b17e499ff427e7d76f721a6113f2/transformed/jetified-collection-jvm-1.4.4.jar because:
  Caching not enabled.
Build cache key for EnumerateClassesTransform: /opt/gradle/.gradle/caches/9.3.1/transforms/03b8b17e499ff427e7d76f721a6113f2/transformed/jetified-collection-jvm-1.4.4.jar is 27c25d6852b36ac9272879d8b4578720
Stored cache entry for EnumerateClassesTransform: /opt/gradle/.gradle/caches/9.3.1/transforms/03b8b17e499ff427e7d76f721a6113f2/transformed/jetified-collection-jvm-1.4.4.jar with cache key 27c25d6852b36ac9272879d8b4578720
Caching disabled for AarToClassTransform: /opt/gradle/.gradle/caches/modules-2/files-2.1/androidx.cursoradapter/cursoradapter/1.0.0/74014983a86b83cbce534dec4e7aa9312f5f5d82/cursoradapter-1.0.0.aar because:
  Caching not enabled.
Build cache key for EnumerateClassesTransform: /opt/gradle/.gradle/caches/9.3.1/transforms/c641c9edc60879b2118bec2fbad6973c/transformed/cursoradapter-1.0.0-runtime.jar is 353183bc5c676a388685ca0bfcfdc88a
Stored cache entry for EnumerateClassesTransform: /opt/gradle/.gradle/caches/9.3.1/transforms/c641c9edc60879b2118bec2fbad6973c/transformed/cursoradapter-1.0.0-runtime.jar with cache key 353183bc5c676a388685ca0bfcfdc88a
Build cache key for JetifyTransform: /opt/gradle/.gradle/caches/modules-2/files-2.1/androidx.resourceinspection/resourceinspection-annotation/1.0.1/8c21f8ff5d96d5d52c948707f7e4d6ca6773feef/resourceinspection-annotation-1.0.1.jar is 21a81134d477d7dcd32c211f861fb21f
Stored cache entry for JetifyTransform: /opt/gradle/.gradle/caches/modules-2/files-2.1/org.jetbrains.kotlinx/kotlinx-coroutines-core-jvm/1.10.2/4a9f78ef49483748e2c129f3d124b8fa249dafbf/kotlinx-coroutines-core-jvm-1.10.2.jar with cache key 3c6e5d08a7ac4ba414d636ff069074b7
Caching disabled for IdentityTransform: /opt/gradle/.gradle/caches/9.3.1/transforms/d5fb549a03208ac0638c7267a8ca9252/transformed/jetified-kotlinx-coroutines-core-jvm-1.10.2.jar because:
  Caching not enabled.
Build cache key for EnumerateClassesTransform: /opt/gradle/.gradle/caches/9.3.1/transforms/d5fb549a03208ac0638c7267a8ca9252/transformed/jetified-kotlinx-coroutines-core-jvm-1.10.2.jar is cff9f9159aeb8b54c570d0fdf1ccb388
Stored cache entry for JetifyTransform: /opt/gradle/.gradle/caches/modules-2/files-2.1/androidx.resourceinspection/resourceinspection-annotation/1.0.1/8c21f8ff5d96d5d52c948707f7e4d6ca6773feef/resourceinspection-annotation-1.0.1.jar with cache key 21a81134d477d7dcd32c211f861fb21f
Caching disabled for IdentityTransform: /opt/gradle/.gradle/caches/9.3.1/transforms/a207e4f6df0d0de8c6a8b5a1c5714dda/transformed/jetified-resourceinspection-annotation-1.0.1.jar because:
  Caching not enabled.
Build cache key for EnumerateClassesTransform: /opt/gradle/.gradle/caches/9.3.1/transforms/a207e4f6df0d0de8c6a8b5a1c5714dda/transformed/jetified-resourceinspection-annotation-1.0.1.jar is df460ca71afe15e86c5d882331465e58
Stored cache entry for EnumerateClassesTransform: /opt/gradle/.gradle/caches/9.3.1/transforms/d5fb549a03208ac0638c7267a8ca9252/transformed/jetified-kotlinx-coroutines-core-jvm-1.10.2.jar with cache key cff9f9159aeb8b54c570d0fdf1ccb388
Stored cache entry for EnumerateClassesTransform: /opt/gradle/.gradle/caches/9.3.1/transforms/a207e4f6df0d0de8c6a8b5a1c5714dda/transformed/jetified-resourceinspection-annotation-1.0.1.jar with cache key df460ca71afe15e86c5d882331465e58
Downloading https://repo.maven.apache.org/maven2/org/jetbrains/kotlinx/kotlinx-serialization-json-jvm/1.8.1/kotlinx-serialization-json-jvm-1.8.1.jar to /opt/gradle/.gradle/.tmp/gradle_download17481018070449012879bin
Downloading https://dl.google.com/dl/android/maven2/androidx/annotation/annotation-jvm/1.8.1/annotation-jvm-1.8.1.jar to /opt/gradle/.gradle/.tmp/gradle_download9007304807143641743bin
Build cache key for JetifyTransform: /opt/gradle/.gradle/caches/modules-2/files-2.1/androidx.annotation/annotation-jvm/1.8.1/b8a16fe526014b7941c1debaccaf9c5153692dbb/annotation-jvm-1.8.1.jar is 03f7843826bb3cbd5f73e3bb6e634d3b
Build cache key for JetifyTransform: /opt/gradle/.gradle/caches/modules-2/files-2.1/org.jetbrains.kotlinx/kotlinx-serialization-json-jvm/1.8.1/4de3bace4b175753df5484d2acd74c14bfeb5be9/kotlinx-serialization-json-jvm-1.8.1.jar is 9680f849b5b59dc33a6dc78704fd9848
Stored cache entry for JetifyTransform: /opt/gradle/.gradle/caches/modules-2/files-2.1/androidx.annotation/annotation-jvm/1.8.1/b8a16fe526014b7941c1debaccaf9c5153692dbb/annotation-jvm-1.8.1.jar with cache key 03f7843826bb3cbd5f73e3bb6e634d3b
Caching disabled for IdentityTransform: /opt/gradle/.gradle/caches/9.3.1/transforms/56780cdcb1afb82a319d98604741c9b2/transformed/jetified-annotation-jvm-1.8.1.jar because:
  Caching not enabled.
Build cache key for EnumerateClassesTransform: /opt/gradle/.gradle/caches/9.3.1/transforms/56780cdcb1afb82a319d98604741c9b2/transformed/jetified-annotation-jvm-1.8.1.jar is 2a5ae12e8e50b121828e8ca0277aaf93
Stored cache entry for EnumerateClassesTransform: /opt/gradle/.gradle/caches/9.3.1/transforms/56780cdcb1afb82a319d98604741c9b2/transformed/jetified-annotation-jvm-1.8.1.jar with cache key 2a5ae12e8e50b121828e8ca0277aaf93
Downloading https://repo.maven.apache.org/maven2/org/jetbrains/kotlinx/kotlinx-serialization-core-jvm/1.8.1/kotlinx-serialization-core-jvm-1.8.1.jar to /opt/gradle/.gradle/.tmp/gradle_download15951346062803576343bin
Build cache key for JetifyTransform: /opt/gradle/.gradle/caches/modules-2/files-2.1/org.jetbrains.kotlinx/kotlinx-serialization-core-jvm/1.8.1/510cb839cce9a3e708052d480a6fbf4a7274dfcd/kotlinx-serialization-core-jvm-1.8.1.jar is 97b15ca1fb3d2a1a3ea9939f73d94a83
Stored cache entry for JetifyTransform: /opt/gradle/.gradle/caches/modules-2/files-2.1/org.jetbrains.kotlinx/kotlinx-serialization-json-jvm/1.8.1/4de3bace4b175753df5484d2acd74c14bfeb5be9/kotlinx-serialization-json-jvm-1.8.1.jar with cache key 9680f849b5b59dc33a6dc78704fd9848
Caching disabled for IdentityTransform: /opt/gradle/.gradle/caches/9.3.1/transforms/65a2483f4e00f17998843bbc3f060fb1/transformed/jetified-kotlinx-serialization-json-jvm-1.8.1.jar because:
  Caching not enabled.
Build cache key for EnumerateClassesTransform: /opt/gradle/.gradle/caches/9.3.1/transforms/65a2483f4e00f17998843bbc3f060fb1/transformed/jetified-kotlinx-serialization-json-jvm-1.8.1.jar is b14211b1675887f02139903b9e4b6ea6
Stored cache entry for EnumerateClassesTransform: /opt/gradle/.gradle/caches/9.3.1/transforms/65a2483f4e00f17998843bbc3f060fb1/transformed/jetified-kotlinx-serialization-json-jvm-1.8.1.jar with cache key b14211b1675887f02139903b9e4b6ea6
Build cache key for JetifyTransform: /opt/gradle/.gradle/caches/modules-2/files-2.1/com.squareup.okhttp3/logging-interceptor/4.10.0/ae7524eec42d4ab0c3a7cb93da010cf9bcc5007c/logging-interceptor-4.10.0.jar is bfc9ed3eeed5bf79051bc44e63c8f4cf
Stored cache entry for JetifyTransform: /opt/gradle/.gradle/caches/modules-2/files-2.1/com.squareup.okhttp3/logging-interceptor/4.10.0/ae7524eec42d4ab0c3a7cb93da010cf9bcc5007c/logging-interceptor-4.10.0.jar with cache key bfc9ed3eeed5bf79051bc44e63c8f4cf
Caching disabled for IdentityTransform: /opt/gradle/.gradle/caches/9.3.1/transforms/4f00f8ebd9738e8af32ab58b4be84ea4/transformed/jetified-logging-interceptor-4.10.0.jar because:
  Caching not enabled.
Build cache key for EnumerateClassesTransform: /opt/gradle/.gradle/caches/9.3.1/transforms/4f00f8ebd9738e8af32ab58b4be84ea4/transformed/jetified-logging-interceptor-4.10.0.jar is d60b1b63f6fc40ab7645c4b744ab9ea9
Stored cache entry for EnumerateClassesTransform: /opt/gradle/.gradle/caches/9.3.1/transforms/4f00f8ebd9738e8af32ab58b4be84ea4/transformed/jetified-logging-interceptor-4.10.0.jar with cache key d60b1b63f6fc40ab7645c4b744ab9ea9
Build cache key for JetifyTransform: /opt/gradle/.gradle/caches/modules-2/files-2.1/com.squareup.retrofit2/converter-moshi/2.12.0/bf4559b4cdc2002bbe6a025e36cb4252552101f7/converter-moshi-2.12.0.jar is a5eb37f088fdb4bd13aa7122107e1405
Stored cache entry for JetifyTransform: /opt/gradle/.gradle/caches/modules-2/files-2.1/com.squareup.retrofit2/converter-moshi/2.12.0/bf4559b4cdc2002bbe6a025e36cb4252552101f7/converter-moshi-2.12.0.jar with cache key a5eb37f088fdb4bd13aa7122107e1405
Caching disabled for IdentityTransform: /opt/gradle/.gradle/caches/9.3.1/transforms/ad07c6d6008790cbe337ab61599ec52f/transformed/jetified-converter-moshi-2.12.0.jar because:
  Caching not enabled.
Build cache key for EnumerateClassesTransform: /opt/gradle/.gradle/caches/9.3.1/transforms/ad07c6d6008790cbe337ab61599ec52f/transformed/jetified-converter-moshi-2.12.0.jar is 76a1db4e9e8d35f4be30b4e7cac2bf8e
Stored cache entry for EnumerateClassesTransform: /opt/gradle/.gradle/caches/9.3.1/transforms/ad07c6d6008790cbe337ab61599ec52f/transformed/jetified-converter-moshi-2.12.0.jar with cache key 76a1db4e9e8d35f4be30b4e7cac2bf8e
Build cache key for JetifyTransform: /opt/gradle/.gradle/caches/modules-2/files-2.1/com.squareup.moshi/moshi/1.15.2/8e9a6b11929c7c162a4ded3bb064cbd514af639a/moshi-1.15.2.jar is da0ae66d6b59dc57d41aa8d58586273d
Stored cache entry for JetifyTransform: /opt/gradle/.gradle/caches/modules-2/files-2.1/org.jetbrains.kotlinx/kotlinx-serialization-core-jvm/1.8.1/510cb839cce9a3e708052d480a6fbf4a7274dfcd/kotlinx-serialization-core-jvm-1.8.1.jar with cache key 97b15ca1fb3d2a1a3ea9939f73d94a83
Caching disabled for IdentityTransform: /opt/gradle/.gradle/caches/9.3.1/transforms/98b8d9ec5eef32eed4f9adc58516725d/transformed/jetified-kotlinx-serialization-core-jvm-1.8.1.jar because:
  Caching not enabled.
Build cache key for EnumerateClassesTransform: /opt/gradle/.gradle/caches/9.3.1/transforms/98b8d9ec5eef32eed4f9adc58516725d/transformed/jetified-kotlinx-serialization-core-jvm-1.8.1.jar is da299d3efe5ec1491cb9c7402f070d6d
Stored cache entry for EnumerateClassesTransform: /opt/gradle/.gradle/caches/9.3.1/transforms/98b8d9ec5eef32eed4f9adc58516725d/transformed/jetified-kotlinx-serialization-core-jvm-1.8.1.jar with cache key da299d3efe5ec1491cb9c7402f070d6d
Build cache key for JetifyTransform: /opt/gradle/.gradle/caches/modules-2/files-2.1/com.squareup.retrofit2/retrofit/2.12.0/6b90753ddd52e2c30f778af266253e5390b7ae24/retrofit-2.12.0.jar is 6d02c280f5f937aa4302eeb34c1a6f91
Stored cache entry for JetifyTransform: /opt/gradle/.gradle/caches/modules-2/files-2.1/com.squareup.moshi/moshi/1.15.2/8e9a6b11929c7c162a4ded3bb064cbd514af639a/moshi-1.15.2.jar with cache key da0ae66d6b59dc57d41aa8d58586273d
Caching disabled for IdentityTransform: /opt/gradle/.gradle/caches/9.3.1/transforms/1149598f2a0dc1a5015173f60866cba2/transformed/jetified-moshi-1.15.2.jar because:
  Caching not enabled.
Build cache key for EnumerateClassesTransform: /opt/gradle/.gradle/caches/9.3.1/transforms/1149598f2a0dc1a5015173f60866cba2/transformed/jetified-moshi-1.15.2.jar is 2ad16d328e0b35a4653e4099c1ea0071
Stored cache entry for EnumerateClassesTransform: /opt/gradle/.gradle/caches/9.3.1/transforms/1149598f2a0dc1a5015173f60866cba2/transformed/jetified-moshi-1.15.2.jar with cache key 2ad16d328e0b35a4653e4099c1ea0071
Stored cache entry for JetifyTransform: /opt/gradle/.gradle/caches/modules-2/files-2.1/com.squareup.retrofit2/retrofit/2.12.0/6b90753ddd52e2c30f778af266253e5390b7ae24/retrofit-2.12.0.jar with cache key 6d02c280f5f937aa4302eeb34c1a6f91
Caching disabled for IdentityTransform: /opt/gradle/.gradle/caches/9.3.1/transforms/af1f323a224cf9c5f2023819a28eecc5/transformed/jetified-retrofit-2.12.0.jar because:
  Caching not enabled.
Build cache key for EnumerateClassesTransform: /opt/gradle/.gradle/caches/9.3.1/transforms/af1f323a224cf9c5f2023819a28eecc5/transformed/jetified-retrofit-2.12.0.jar is 4ab68e0629a2b8a6f55c8eb713319f79
Build cache key for JetifyTransform: /opt/gradle/.gradle/caches/modules-2/files-2.1/com.squareup.okhttp3/okhttp/4.12.0/2f4525d4a200e97e1b87449c2cd9bd2e25b7e8cd/okhttp-4.12.0.jar is 6508df78c8c3026fb8f8dd89d1bdd7c9
Stored cache entry for EnumerateClassesTransform: /opt/gradle/.gradle/caches/9.3.1/transforms/af1f323a224cf9c5f2023819a28eecc5/transformed/jetified-retrofit-2.12.0.jar with cache key 4ab68e0629a2b8a6f55c8eb713319f79
Build cache key for JetifyTransform: /opt/gradle/.gradle/caches/modules-2/files-2.1/org.jetbrains.kotlin/kotlin-stdlib-jdk8/1.9.0/e000bd084353d84c9e888f6fb341dc1f5b79d948/kotlin-stdlib-jdk8-1.9.0.jar is 1e06959c416249826c062a471f7c1aad
Stored cache entry for JetifyTransform: /opt/gradle/.gradle/caches/modules-2/files-2.1/org.jetbrains.kotlin/kotlin-stdlib-jdk8/1.9.0/e000bd084353d84c9e888f6fb341dc1f5b79d948/kotlin-stdlib-jdk8-1.9.0.jar with cache key 1e06959c416249826c062a471f7c1aad
Caching disabled for IdentityTransform: /opt/gradle/.gradle/caches/9.3.1/transforms/eeff9d62ec393a62156cf5c5682efcac/transformed/jetified-kotlin-stdlib-jdk8-1.9.0.jar because:
  Caching not enabled.
Build cache key for EnumerateClassesTransform: /opt/gradle/.gradle/caches/9.3.1/transforms/eeff9d62ec393a62156cf5c5682efcac/transformed/jetified-kotlin-stdlib-jdk8-1.9.0.jar is 5ae3fd5efa5ce4249c319dc1bf820014
Stored cache entry for EnumerateClassesTransform: /opt/gradle/.gradle/caches/9.3.1/transforms/eeff9d62ec393a62156cf5c5682efcac/transformed/jetified-kotlin-stdlib-jdk8-1.9.0.jar with cache key 5ae3fd5efa5ce4249c319dc1bf820014
Build cache key for JetifyTransform: /opt/gradle/.gradle/caches/modules-2/files-2.1/com.squareup.okio/okio-jvm/3.9.0/eaa4f7858a1e80908b1a2e861e662edd7c6cbbb5/okio-jvm-3.9.0.jar is b50ce94b4ad24320b43b9b05ea2afec9
Invalidating in-memory cache of /opt/gradle/.gradle/caches/9.3.1/fileHashes/kotlinDslCompileAvoidanceClasspathHashCache.bin
Invalidating in-memory cache of /opt/gradle/.gradle/caches/9.3.1/fileHashes/fileHashes.bin
Invalidating in-memory cache of /opt/gradle/.gradle/caches/9.3.1/fileHashes/resourceHashesCache.bin
Invalidating in-memory cache of /opt/gradle/.gradle/caches/journal-1/file-access.bin
Build cache key for EnumerateClassesTransform: /opt/gradle/.gradle/caches/9.3.1/transforms/f829a1b28fc8f9b8468e8734a47341e5/transformed/jetified-material-icons-extended-release-runtime.jar is 2a039271958a4931cdf80d28008bd966
Stored cache entry for JetifyTransform: /opt/gradle/.gradle/caches/modules-2/files-2.1/com.squareup.okio/okio-jvm/3.9.0/eaa4f7858a1e80908b1a2e861e662edd7c6cbbb5/okio-jvm-3.9.0.jar with cache key b50ce94b4ad24320b43b9b05ea2afec9
Caching disabled for IdentityTransform: /opt/gradle/.gradle/caches/9.3.1/transforms/a189c1ae188d8f56f53b3d584ced8072/transformed/jetified-okio-jvm-3.9.0.jar because:
  Caching not enabled.
Build cache key for EnumerateClassesTransform: /opt/gradle/.gradle/caches/9.3.1/transforms/a189c1ae188d8f56f53b3d584ced8072/transformed/jetified-okio-jvm-3.9.0.jar is aa7e164b4001a433568214ac43801900
Stored cache entry for EnumerateClassesTransform: /opt/gradle/.gradle/caches/9.3.1/transforms/a189c1ae188d8f56f53b3d584ced8072/transformed/jetified-okio-jvm-3.9.0.jar with cache key aa7e164b4001a433568214ac43801900
Stored cache entry for EnumerateClassesTransform: /opt/gradle/.gradle/caches/9.3.1/transforms/f829a1b28fc8f9b8468e8734a47341e5/transformed/jetified-material-icons-extended-release-runtime.jar with cache key 2a039271958a4931cdf80d28008bd966
Build cache key for JetifyTransform: /opt/gradle/.gradle/caches/modules-2/files-2.1/org.jetbrains.kotlin/kotlin-stdlib-jdk7/1.9.0/f320478990d05e0cfaadd74f9619fd6027adbf37/kotlin-stdlib-jdk7-1.9.0.jar is 11b12dfac9e85ef3a9561079312ad378
Stored cache entry for JetifyTransform: /opt/gradle/.gradle/caches/modules-2/files-2.1/org.jetbrains.kotlin/kotlin-stdlib-jdk7/1.9.0/f320478990d05e0cfaadd74f9619fd6027adbf37/kotlin-stdlib-jdk7-1.9.0.jar with cache key 11b12dfac9e85ef3a9561079312ad378
Caching disabled for IdentityTransform: /opt/gradle/.gradle/caches/9.3.1/transforms/ac69b4bcd64c2f0fb2b451a821f7619f/transformed/jetified-kotlin-stdlib-jdk7-1.9.0.jar because:
  Caching not enabled.
Build cache key for EnumerateClassesTransform: /opt/gradle/.gradle/caches/9.3.1/transforms/ac69b4bcd64c2f0fb2b451a821f7619f/transformed/jetified-kotlin-stdlib-jdk7-1.9.0.jar is eb6981308b57f3a5aeea4c9518ad0478
Stored cache entry for EnumerateClassesTransform: /opt/gradle/.gradle/caches/9.3.1/transforms/ac69b4bcd64c2f0fb2b451a821f7619f/transformed/jetified-kotlin-stdlib-jdk7-1.9.0.jar with cache key eb6981308b57f3a5aeea4c9518ad0478
Downloading https://repo.maven.apache.org/maven2/org/jetbrains/kotlin/kotlin-stdlib/2.1.21/kotlin-stdlib-2.1.21.jar to /opt/gradle/.gradle/.tmp/gradle_download17402078437735370951bin
Stored cache entry for JetifyTransform: /opt/gradle/.gradle/caches/modules-2/files-2.1/com.squareup.okhttp3/okhttp/4.12.0/2f4525d4a200e97e1b87449c2cd9bd2e25b7e8cd/okhttp-4.12.0.jar with cache key 6508df78c8c3026fb8f8dd89d1bdd7c9
Build cache key for JetifyTransform: /opt/gradle/.gradle/caches/modules-2/files-2.1/org.jetbrains/annotations/23.0.0/8cc20c07506ec18e0834947b84a864bfc094484e/annotations-23.0.0.jar is f34735426be9c888411dbe0ba12fe010
Caching disabled for IdentityTransform: /opt/gradle/.gradle/caches/9.3.1/transforms/4d4fdea49af79e517d384004abdfe207/transformed/jetified-okhttp-4.12.0.jar because:
  Caching not enabled.
Build cache key for EnumerateClassesTransform: /opt/gradle/.gradle/caches/9.3.1/transforms/4d4fdea49af79e517d384004abdfe207/transformed/jetified-okhttp-4.12.0.jar is b2d48bac1b0e5396319feaa3bc06d6d0
Stored cache entry for EnumerateClassesTransform: /opt/gradle/.gradle/caches/9.3.1/transforms/4d4fdea49af79e517d384004abdfe207/transformed/jetified-okhttp-4.12.0.jar with cache key b2d48bac1b0e5396319feaa3bc06d6d0
Build cache key for JetifyTransform: /opt/gradle/.gradle/caches/modules-2/files-2.1/com.google.auto.value/auto-value-annotations/1.6.3/b88c1bb7f149f6d2cc03898359283e57b08f39cc/auto-value-annotations-1.6.3.jar is 4f757706be85fe2e3347b0cfcfec3084
Stored cache entry for JetifyTransform: /opt/gradle/.gradle/caches/modules-2/files-2.1/org.jetbrains/annotations/23.0.0/8cc20c07506ec18e0834947b84a864bfc094484e/annotations-23.0.0.jar with cache key f34735426be9c888411dbe0ba12fe010
Caching disabled for IdentityTransform: /opt/gradle/.gradle/caches/9.3.1/transforms/a678a3974dd8e8e53727ad6009b86370/transformed/jetified-annotations-23.0.0.jar because:
  Caching not enabled.
Build cache key for EnumerateClassesTransform: /opt/gradle/.gradle/caches/9.3.1/transforms/a678a3974dd8e8e53727ad6009b86370/transformed/jetified-annotations-23.0.0.jar is 4cca50e1c116676038046bb1737475e0
Stored cache entry for EnumerateClassesTransform: /opt/gradle/.gradle/caches/9.3.1/transforms/a678a3974dd8e8e53727ad6009b86370/transformed/jetified-annotations-23.0.0.jar with cache key 4cca50e1c116676038046bb1737475e0
Build cache key for JetifyTransform: /opt/gradle/.gradle/caches/modules-2/files-2.1/com.google.guava/listenablefuture/1.0/c949a840a6acbc5268d088e47b04177bf90b3cad/listenablefuture-1.0.jar is b3e5be8b9fe45b0c46e68b2979ad4b47
Build cache key for JetifyTransform: /opt/gradle/.gradle/caches/modules-2/files-2.1/org.jetbrains.kotlin/kotlin-stdlib/2.1.21/97a0975aa19d925e109537af60eb46902920015c/kotlin-stdlib-2.1.21.jar is 3267866d0ed7127cb0329fe1db3ed649
Stored cache entry for JetifyTransform: /opt/gradle/.gradle/caches/modules-2/files-2.1/com.google.auto.value/auto-value-annotations/1.6.3/b88c1bb7f149f6d2cc03898359283e57b08f39cc/auto-value-annotations-1.6.3.jar with cache key 4f757706be85fe2e3347b0cfcfec3084
Stored cache entry for JetifyTransform: /opt/gradle/.gradle/caches/modules-2/files-2.1/com.google.guava/listenablefuture/1.0/c949a840a6acbc5268d088e47b04177bf90b3cad/listenablefuture-1.0.jar with cache key b3e5be8b9fe45b0c46e68b2979ad4b47
Caching disabled for IdentityTransform: /opt/gradle/.gradle/caches/9.3.1/transforms/46fb82f2075c2e8c5da4459b4946f441/transformed/jetified-listenablefuture-1.0.jar because:
  Caching not enabled.
Caching disabled for IdentityTransform: /opt/gradle/.gradle/caches/9.3.1/transforms/608cf9fc494643dff7c66f9bfa02f6e7/transformed/jetified-auto-value-annotations-1.6.3.jar because:
  Caching not enabled.
Build cache key for EnumerateClassesTransform: /opt/gradle/.gradle/caches/9.3.1/transforms/46fb82f2075c2e8c5da4459b4946f441/transformed/jetified-listenablefuture-1.0.jar is b280ae246dea500848ee5add49f3a5f8
Build cache key for EnumerateClassesTransform: /opt/gradle/.gradle/caches/9.3.1/transforms/608cf9fc494643dff7c66f9bfa02f6e7/transformed/jetified-auto-value-annotations-1.6.3.jar is c13167aa1f8dba23dc40bef662e62c89
Stored cache entry for EnumerateClassesTransform: /opt/gradle/.gradle/caches/9.3.1/transforms/46fb82f2075c2e8c5da4459b4946f441/transformed/jetified-listenablefuture-1.0.jar with cache key b280ae246dea500848ee5add49f3a5f8
Stored cache entry for EnumerateClassesTransform: /opt/gradle/.gradle/caches/9.3.1/transforms/608cf9fc494643dff7c66f9bfa02f6e7/transformed/jetified-auto-value-annotations-1.6.3.jar with cache key c13167aa1f8dba23dc40bef662e62c89
Build cache key for JetifyTransform: /opt/gradle/.gradle/caches/modules-2/files-2.1/org.jspecify/jspecify/1.0.0/7425a601c1c7ec76645a78d22b8c6a627edee507/jspecify-1.0.0.jar is a49f41067992b9f0ba73b90376934160
Stored cache entry for JetifyTransform: /opt/gradle/.gradle/caches/modules-2/files-2.1/org.jspecify/jspecify/1.0.0/7425a601c1c7ec76645a78d22b8c6a627edee507/jspecify-1.0.0.jar with cache key a49f41067992b9f0ba73b90376934160
Caching disabled for IdentityTransform: /opt/gradle/.gradle/caches/9.3.1/transforms/26bc53fdc3c8e0152946a3be99e7e7d9/transformed/jetified-jspecify-1.0.0.jar because:
  Caching not enabled.
Build cache key for EnumerateClassesTransform: /opt/gradle/.gradle/caches/9.3.1/transforms/26bc53fdc3c8e0152946a3be99e7e7d9/transformed/jetified-jspecify-1.0.0.jar is 44f7b45e2e20cdf39a25f43224e0903b
Stored cache entry for EnumerateClassesTransform: /opt/gradle/.gradle/caches/9.3.1/transforms/26bc53fdc3c8e0152946a3be99e7e7d9/transformed/jetified-jspecify-1.0.0.jar with cache key 44f7b45e2e20cdf39a25f43224e0903b
Invalidating in-memory cache of /opt/gradle/.gradle/caches/9.3.1/fileHashes/kotlinDslCompileAvoidanceClasspathHashCache.bin
Invalidating in-memory cache of /opt/gradle/.gradle/caches/9.3.1/fileHashes/fileHashes.bin
Invalidating in-memory cache of /opt/gradle/.gradle/caches/9.3.1/fileHashes/resourceHashesCache.bin
Invalidating in-memory cache of /opt/gradle/.gradle/caches/journal-1/file-access.bin
Stored cache entry for JetifyTransform: /opt/gradle/.gradle/caches/modules-2/files-2.1/org.jetbrains.kotlin/kotlin-stdlib/2.1.21/97a0975aa19d925e109537af60eb46902920015c/kotlin-stdlib-2.1.21.jar with cache key 3267866d0ed7127cb0329fe1db3ed649
Stored cache entry for JetifyTransform: /opt/gradle/.gradle/caches/modules-2/files-2.1/org.jetbrains.kotlin/kotlin-reflect/1.8.21/662838019bc1141f8a311180d93b9e13765c7f55/kotlin-reflect-1.8.21.jar with cache key 8a3c4cb87cc81e6a892ec706c3f351b9
Invalidating in-memory cache of /opt/gradle/.gradle/caches/9.3.1/fileHashes/kotlinDslCompileAvoidanceClasspathHashCache.bin
Invalidating in-memory cache of /opt/gradle/.gradle/caches/9.3.1/fileHashes/fileHashes.bin
Invalidating in-memory cache of /opt/gradle/.gradle/caches/9.3.1/fileHashes/resourceHashesCache.bin
Caching disabled for IdentityTransform: /opt/gradle/.gradle/caches/9.3.1/transforms/3d2c0bca4b525686a9d42f3334ebea2e/transformed/jetified-kotlin-reflect-1.8.21.jar because:
  Caching not enabled.
Caching disabled for IdentityTransform: /opt/gradle/.gradle/caches/9.3.1/transforms/8823d1223f4ae3a6b8b39b97e9ccaf45/transformed/jetified-kotlin-stdlib-2.1.21.jar because:
  Caching not enabled.
Build cache key for EnumerateClassesTransform: /opt/gradle/.gradle/caches/9.3.1/transforms/8823d1223f4ae3a6b8b39b97e9ccaf45/transformed/jetified-kotlin-stdlib-2.1.21.jar is c084f1e7533bcfb6e0078a13c9fb01eb
Stored cache entry for EnumerateClassesTransform: /opt/gradle/.gradle/caches/9.3.1/transforms/8823d1223f4ae3a6b8b39b97e9ccaf45/transformed/jetified-kotlin-stdlib-2.1.21.jar with cache key c084f1e7533bcfb6e0078a13c9fb01eb
Build cache key for EnumerateClassesTransform: /opt/gradle/.gradle/caches/9.3.1/transforms/3d2c0bca4b525686a9d42f3334ebea2e/transformed/jetified-kotlin-reflect-1.8.21.jar is 9e0e495885bdf8b03f372ea02c11d09a
Stored cache entry for EnumerateClassesTransform: /opt/gradle/.gradle/caches/9.3.1/transforms/3d2c0bca4b525686a9d42f3334ebea2e/transformed/jetified-kotlin-reflect-1.8.21.jar with cache key 9e0e495885bdf8b03f372ea02c11d09a
Caching disabled for task ':app:checkDebugDuplicateClasses' because:
  Caching has been disabled for the task
Task ':app:checkDebugDuplicateClasses' is not up-to-date because:
  No history is available.

Resolve mutations for :app:mergeDebugJniLibFolders (Thread[#71,Execution worker Thread 3,5,main]) started.
:app:mergeDebugJniLibFolders (Thread[#71,Execution worker Thread 3,5,main]) started.

> Task :app:mergeDebugJniLibFolders
Caching disabled for task ':app:mergeDebugJniLibFolders' because:
  Simple merging task
Task ':app:mergeDebugJniLibFolders' is not up-to-date because:
  No history is available.
The input changes require a full rebuild for incremental task ':app:mergeDebugJniLibFolders'.
Resolve mutations for :app:mergeDebugNativeLibs (Thread[#71,Execution worker Thread 3,5,main]) started.
:app:mergeDebugNativeLibs (Thread[#71,Execution worker Thread 3,5,main]) started.
Resolve mutations for :app:mergeExtDexDebug (Thread[#69,Execution worker,5,main]) started.
:app:mergeExtDexDebug (Thread[#69,Execution worker,5,main]) started.

> Task :app:mergeDebugNativeLibs
Caching disabled for AarTransform: /opt/gradle/.gradle/caches/9.3.1/transforms/fe3731a192d8ca92661f007c35e28479/transformed/jetified-accompanist-permissions-0.37.3 because:
  Caching not enabled.
Caching disabled for AarTransform: /opt/gradle/.gradle/caches/9.3.1/transforms/010c67cb3e1ab3b16d25adf314da8c8e/transformed/navigation-common-2.8.9 because:
  Caching not enabled.
Caching disabled for AarTransform: /opt/gradle/.gradle/caches/9.3.1/transforms/ad77a35617a7e82aad30508f3fe3c15c/transformed/navigation-common-ktx-2.8.9 because:
  Caching not enabled.
Caching disabled for AarTransform: /opt/gradle/.gradle/caches/9.3.1/transforms/5730a3308c13524e1e52aeae78342c0f/transformed/navigation-runtime-ktx-2.8.9 because:
  Caching not enabled.
Caching disabled for AarTransform: /opt/gradle/.gradle/caches/9.3.1/transforms/2b8b32e53ee239f9be6175cb7c25ce53/transformed/jetified-navigation-compose-2.8.9 because:
  Caching not enabled.
Caching disabled for AarTransform: /opt/gradle/.gradle/caches/9.3.1/transforms/95db0b52fba8b9c3dde84491527c506c/transformed/jetified-coil-compose-2.7.0 because:
  Caching not enabled.
Caching disabled for AarTransform: /opt/gradle/.gradle/caches/9.3.1/transforms/f041467065e13580412693a4e57846b2/transformed/jetified-material3-release because:
  Caching not enabled.
Caching disabled for AarTransform: /opt/gradle/.gradle/caches/9.3.1/transforms/cfc60be1cc7f19b1b84b50684e8a0e0b/transformed/jetified-coil-compose-base-2.7.0 because:
  Caching not enabled.
Caching disabled for AarTransform: /opt/gradle/.gradle/caches/9.3.1/transforms/8b9cba14ec8d3d8cbe82579a96230507/transformed/jetified-material-release because:
  Caching not enabled.
Caching disabled for AarTransform: /opt/gradle/.gradle/caches/9.3.1/transforms/7c35b0883b95e56c9d6d8116222c4c20/transformed/jetified-animation-core-release because:
  Caching not enabled.
Caching disabled for AarTransform: /opt/gradle/.gradle/caches/9.3.1/transforms/44bc905b3c71aa3fa94d118cb9c4f9aa/transformed/jetified-animation-release because:
  Caching not enabled.
Caching disabled for AarTransform: /opt/gradle/.gradle/caches/9.3.1/transforms/6192ec08ad811037f8f9ff1cb6d8d09a/transformed/jetified-material-ripple-release because:
  Caching not enabled.
Caching disabled for AarTransform: /opt/gradle/.gradle/caches/9.3.1/transforms/9a36407d09695d33c237ab79125b7368/transformed/jetified-foundation-layout-release because:
  Caching not enabled.
Caching disabled for AarTransform: /opt/gradle/.gradle/caches/9.3.1/transforms/6075ccedffa94b491d41fd0379b824e8/transformed/jetified-ui-unit-release because:
  Caching not enabled.
Caching disabled for AarTransform: /opt/gradle/.gradle/caches/9.3.1/transforms/03bf141e5fa203534be0861f59c8c20c/transformed/jetified-ui-tooling-data-release because:
  Caching not enabled.
Caching disabled for AarTransform: /opt/gradle/.gradle/caches/9.3.1/transforms/464177ec0cf82891e9b7c52969da83da/transformed/jetified-foundation-release because:
  Caching not enabled.
Caching disabled for AarTransform: /opt/gradle/.gradle/caches/9.3.1/transforms/068d5d7971da98df14f05e1eba4e218d/transformed/jetified-ui-geometry-release because:
  Caching not enabled.
Caching disabled for AarTransform: /opt/gradle/.gradle/caches/9.3.1/transforms/e7626449f1cad337b87655d507a5a69d/transformed/jetified-ui-util-release because:
  Caching not enabled.
Caching disabled for AarTransform: /opt/gradle/.gradle/caches/9.3.1/transforms/fe2056f497426a6bf09dec5cc6ee5fdc/transformed/jetified-ui-text-release because:
  Caching not enabled.
Caching disabled for AarTransform: /opt/gradle/.gradle/caches/9.3.1/transforms/c86985a243eee53c0fea678b2319b968/transformed/jetified-ui-tooling-release because:
  Caching not enabled.
Caching disabled for AarTransform: /opt/gradle/.gradle/caches/9.3.1/transforms/b8ba0e84758186a9432b41489d15f017/transformed/jetified-ui-tooling-preview-release because:
  Caching not enabled.
Caching disabled for AarTransform: /opt/gradle/.gradle/caches/9.3.1/transforms/0fb8b0179712442ac6a74744b28ade5b/transformed/jetified-ui-graphics-release because:
  Caching not enabled.
Caching disabled for AarTransform: /opt/gradle/.gradle/caches/9.3.1/transforms/a372721a253eb64c4b51846c119bd365/transformed/jetified-ui-test-manifest-1.7.5 because:
  Caching not enabled.
Caching disabled for AarTransform: /opt/gradle/.gradle/caches/9.3.1/transforms/00fd3567bbe5687d450cd956ae262f97/transformed/jetified-camera-video-1.5.0 because:
  Caching not enabled.
Caching disabled for AarTransform: /opt/gradle/.gradle/caches/9.3.1/transforms/442529d2192db296c2ff502bb985a0cd/transformed/jetified-camera-view-1.5.0 because:
  Caching not enabled.
Caching disabled for AarTransform: /opt/gradle/.gradle/caches/9.3.1/transforms/8092a9da76987ede1eb8c1ea38bfa0b7/transformed/jetified-camera-lifecycle-1.5.0 because:
  Caching not enabled.
Caching disabled for AarTransform: /opt/gradle/.gradle/caches/9.3.1/transforms/1238bd2e20e883ec40897eb0b9a14137/transformed/jetified-camera-camera2-1.5.0 because:
  Caching not enabled.
Caching disabled for AarTransform: /opt/gradle/.gradle/caches/9.3.1/transforms/32d6ce8b33eff46b1a57c76c2f08e791/transformed/jetified-camera-core-1.5.0 because:
  Caching not enabled.
Caching disabled for AarTransform: /opt/gradle/.gradle/caches/9.3.1/transforms/f3357de5b44fcac6438431004b384aa9/transformed/jetified-coil-2.7.0 because:
  Caching not enabled.
Caching disabled for AarTransform: /opt/gradle/.gradle/caches/9.3.1/transforms/1663eed400c699ee882bad45e0f823a6/transformed/jetified-coil-base-2.7.0 because:
  Caching not enabled.
Caching disabled for AarTransform: /opt/gradle/.gradle/caches/9.3.1/transforms/16b8c37a9c9a9d0dd8af856ed34edfdd/transformed/jetified-appcompat-resources-1.6.1 because:
  Caching not enabled.
Caching disabled for AarTransform: /opt/gradle/.gradle/caches/9.3.1/transforms/17e702d452372a4a8664d435d759cf26/transformed/fragment-1.3.6 because:
  Caching not enabled.
Caching disabled for AarTransform: /opt/gradle/.gradle/caches/9.3.1/transforms/34a943bee234201db93ab980ab6b7b9f/transformed/jetified-activity-1.9.3 because:
  Caching not enabled.
Caching disabled for AarTransform: /opt/gradle/.gradle/caches/9.3.1/transforms/26ef40f88b6da64d86244d4b1d19972b/transformed/appcompat-1.6.1 because:
  Caching not enabled.
Caching disabled for AarTransform: /opt/gradle/.gradle/caches/9.3.1/transforms/0ecb0aec9c0fd7b138b465897686b28c/transformed/navigation-runtime-2.8.9 because:
  Caching not enabled.
Caching disabled for AarTransform: /opt/gradle/.gradle/caches/9.3.1/transforms/d4a3b0e21a9a7edc8d0407aee29cc920/transformed/jetified-savedstate-ktx-1.2.1 because:
  Caching not enabled.
Caching disabled for AarTransform: /opt/gradle/.gradle/caches/9.3.1/transforms/033b36e90179c265fcf21ad8f736b8ec/transformed/jetified-savedstate-1.2.1 because:
  Caching not enabled.
Caching disabled for AarTransform: /opt/gradle/.gradle/caches/9.3.1/transforms/76db64eda8c556f90142165870bf8436/transformed/jetified-emoji2-views-helper-1.3.0 because:
  Caching not enabled.
Caching disabled for AarTransform: /opt/gradle/.gradle/caches/9.3.1/transforms/63a9dea6e789bc29b52fb39b9b23f4ed/transformed/jetified-lifecycle-process-2.8.7 because:
  Caching not enabled.
Caching disabled for AarTransform: /opt/gradle/.gradle/caches/9.3.1/transforms/2c1861fcad53ac0c87e93d65a5aaabb4/transformed/jetified-emoji2-1.3.0 because:
  Caching not enabled.
Caching disabled for AarTransform: /opt/gradle/.gradle/caches/9.3.1/transforms/17058dafbabc35775e1a82d27611f057/transformed/jetified-lifecycle-runtime-release because:
  Caching not enabled.
Caching disabled for AarTransform: /opt/gradle/.gradle/caches/9.3.1/transforms/405a54bc4999c7a134f21a62e811783b/transformed/lifecycle-viewmodel-2.8.7 because:
  Caching not enabled.
Caching disabled for AarTransform: /opt/gradle/.gradle/caches/9.3.1/transforms/48f3eb464481aa9371ed5c7ebbbd7944/transformed/loader-1.0.0 because:
  Caching not enabled.
Caching disabled for AarTransform: /opt/gradle/.gradle/caches/9.3.1/transforms/5835de669e47091a8cac982dfefa6ad8/transformed/jetified-lifecycle-viewmodel-release because:
  Caching not enabled.
Caching disabled for AarTransform: /opt/gradle/.gradle/caches/9.3.1/transforms/2ebaa671d1ea0f522af84bd3afccfc73/transformed/jetified-lifecycle-livedata-core-ktx-2.8.7 because:
  Caching not enabled.
Build cache key for ExtractJniTransform: /opt/gradle/.gradle/caches/9.3.1/transforms/52cacb53cf50d2edd6508aea94ef4445/transformed/jetified-lifecycle-common-jvm-2.8.7.jar is 264c14def8b79c084622b797709441e9
Caching disabled for AarTransform: /opt/gradle/.gradle/caches/9.3.1/transforms/d4cec5d9c07f1c2d5911b7686204fb69/transformed/jetified-lifecycle-viewmodel-savedstate-2.8.7 because:
  Caching not enabled.
Build cache key for ExtractJniTransform: /opt/gradle/.gradle/caches/modules-2/files-2.1/androidx.lifecycle/lifecycle-common-java8/2.8.7/2ad14aed781c4a73ed4dbb421966d408a0a06686/lifecycle-common-java8-2.8.7.jar is 69cafe171b73db02ca4a70d6ec7e1828
Caching disabled for AarTransform: /opt/gradle/.gradle/caches/9.3.1/transforms/ed987f7c6948d35c4b4de1eda1a32bcc/transformed/jetified-lifecycle-viewmodel-ktx-2.8.7 because:
  Caching not enabled.
Caching disabled for AarTransform: /opt/gradle/.gradle/caches/9.3.1/transforms/f3f64694eb97fc7806d1dae751ecd49a/transformed/lifecycle-livedata-2.8.7 because:
  Caching not enabled.
Caching disabled for AarTransform: /opt/gradle/.gradle/caches/9.3.1/transforms/8352356b2bd7c5a8de8f3d69ee1071fd/transformed/lifecycle-livedata-core-2.8.7 because:
  Caching not enabled.
Stored cache entry for ExtractJniTransform: /opt/gradle/.gradle/caches/modules-2/files-2.1/androidx.lifecycle/lifecycle-common-java8/2.8.7/2ad14aed781c4a73ed4dbb421966d408a0a06686/lifecycle-common-java8-2.8.7.jar with cache key 69cafe171b73db02ca4a70d6ec7e1828
Stored cache entry for ExtractJniTransform: /opt/gradle/.gradle/caches/9.3.1/transforms/52cacb53cf50d2edd6508aea94ef4445/transformed/jetified-lifecycle-common-jvm-2.8.7.jar with cache key 264c14def8b79c084622b797709441e9
Caching disabled for AarTransform: /opt/gradle/.gradle/caches/9.3.1/transforms/05f35f2f83f4ba8a8ca9b75424ca13a0/transformed/jetified-lifecycle-runtime-compose-release because:
  Caching not enabled.
Caching disabled for AarTransform: /opt/gradle/.gradle/caches/9.3.1/transforms/db8327f7fae1a35326be02d83ab9170d/transformed/jetified-lifecycle-runtime-ktx-release because:
  Caching not enabled.
Caching disabled for AarTransform: /opt/gradle/.gradle/caches/9.3.1/transforms/bd4c3a9cc947d731fa56e29e2ffa529b/transformed/jetified-lifecycle-viewmodel-compose-release because:
  Caching not enabled.
Caching disabled for AarTransform: /opt/gradle/.gradle/caches/9.3.1/transforms/8910bbaa682f821a7e8e03fb6cf3a1b9/transformed/jetified-material-icons-extended-release because:
  Caching not enabled.
Caching disabled for AarTransform: /opt/gradle/.gradle/caches/9.3.1/transforms/f281c32b9da29614d4c27d798f0de374/transformed/jetified-material-icons-core-release because:
  Caching not enabled.
Caching disabled for AarTransform: /opt/gradle/.gradle/caches/9.3.1/transforms/4373b88a0d25f1f68250ad8c5c9ef7e8/transformed/jetified-accompanist-drawablepainter-0.32.0 because:
  Caching not enabled.
Caching disabled for AarTransform: /opt/gradle/.gradle/caches/9.3.1/transforms/b952504133b6fe786f3bf2bd86e0c9f9/transformed/jetified-ui-release because:
  Caching not enabled.
Caching disabled for AarTransform: /opt/gradle/.gradle/caches/9.3.1/transforms/2211b4f177e1bff8f18b160ba94380fa/transformed/jetified-activity-ktx-1.9.3 because:
  Caching not enabled.
Caching disabled for AarTransform: /opt/gradle/.gradle/caches/9.3.1/transforms/518a9889cdd4dd8691d56bba0da2c414/transformed/jetified-activity-compose-1.9.3 because:
  Caching not enabled.
Caching disabled for AarTransform: /opt/gradle/.gradle/caches/9.3.1/transforms/d43ec47d910b3c29e5e5355e36c74a72/transformed/jetified-autofill-1.0.0 because:
  Caching not enabled.
Caching disabled for AarTransform: /opt/gradle/.gradle/caches/9.3.1/transforms/56a6659f97e42fb34492019cf2b3f3ee/transformed/jetified-graphics-path-1.0.1 because:
  Caching not enabled.
Caching disabled for AarTransform: /opt/gradle/.gradle/caches/9.3.1/transforms/26cb2d33956bf535a7b4f171b1170600/transformed/vectordrawable-1.1.0 because:
  Caching not enabled.
Caching disabled for AarTransform: /opt/gradle/.gradle/caches/9.3.1/transforms/e93cd45ab5fa9207705a3cb41fd4da8f/transformed/vectordrawable-animated-1.1.0 because:
  Caching not enabled.
Caching disabled for AarTransform: /opt/gradle/.gradle/caches/9.3.1/transforms/91bebab74b085d32c5b0711c35a2a674/transformed/viewpager-1.0.0 because:
  Caching not enabled.
Caching disabled for AarTransform: /opt/gradle/.gradle/caches/9.3.1/transforms/b5f4b92e12db68c40444e9b48e307cf9/transformed/customview-1.0.0 because:
  Caching not enabled.
Caching disabled for AarTransform: /opt/gradle/.gradle/caches/9.3.1/transforms/98d6d208e25cf7683865ea2ca49be0e8/transformed/drawerlayout-1.0.0 because:
  Caching not enabled.
Caching disabled for AarTransform: /opt/gradle/.gradle/caches/9.3.1/transforms/52cabaf485cf5ba2d4b5215228bd2d11/transformed/core-1.15.0 because:
  Caching not enabled.
Caching disabled for AarTransform: /opt/gradle/.gradle/caches/9.3.1/transforms/d200231b15d0f0688257742c871442f9/transformed/jetified-core-ktx-1.15.0 because:
  Caching not enabled.
Caching disabled for AarTransform: /opt/gradle/.gradle/caches/9.3.1/transforms/dfed1755fd6ad3eea4445e2b03d38078/transformed/jetified-customview-poolingcontainer-1.0.0 because:
  Caching not enabled.
Caching disabled for AarTransform: /opt/gradle/.gradle/caches/9.3.1/transforms/9fdc59d719d9a2d4e660ef789f397343/transformed/room-runtime-2.6.1 because:
  Caching not enabled.
Build cache key for ExtractJniTransform: /opt/gradle/.gradle/caches/modules-2/files-2.1/androidx.room/room-common/2.6.1/ff1b9580850a9b7eef56554e356628d225785265/room-common-2.6.1.jar is 6c4953771f4d5b8f96f8e1a725b49b2a
Caching disabled for AarTransform: /opt/gradle/.gradle/caches/9.3.1/transforms/83d492409b949d7119e9384291e45887/transformed/jetified-room-ktx-2.6.1 because:
  Caching not enabled.
Caching disabled for AarTransform: /opt/gradle/.gradle/caches/9.3.1/transforms/0eda25b2384add63cc6b29614be5ae7d/transformed/jetified-runtime-saveable-release because:
  Caching not enabled.
Build cache key for ExtractJniTransform: /opt/gradle/.gradle/caches/9.3.1/transforms/4a2cb8a17842a80fe9591b0bd9ab9fb2/transformed/jetified-concurrent-futures-ktx-1.1.0.jar is 223338eca8f2008b39fdc11840017ebe
Stored cache entry for ExtractJniTransform: /opt/gradle/.gradle/caches/modules-2/files-2.1/androidx.room/room-common/2.6.1/ff1b9580850a9b7eef56554e356628d225785265/room-common-2.6.1.jar with cache key 6c4953771f4d5b8f96f8e1a725b49b2a
Caching disabled for AarTransform: /opt/gradle/.gradle/caches/9.3.1/transforms/ca03fbf286bbd1fd03675223f2fe0c8d/transformed/jetified-runtime-release because:
  Caching not enabled.
Build cache key for ExtractJniTransform: /opt/gradle/.gradle/caches/9.3.1/transforms/d5fb549a03208ac0638c7267a8ca9252/transformed/jetified-kotlinx-coroutines-core-jvm-1.10.2.jar is 7d47b216abdc0e26ba8a7561b691275d
Build cache key for ExtractJniTransform: /opt/gradle/.gradle/caches/9.3.1/transforms/0938ccbb01fc05ee55746e1d3a8483f5/transformed/jetified-kotlinx-coroutines-android-1.10.2.jar is e91b72be090d312c71e8430dc6e647d8
Stored cache entry for ExtractJniTransform: /opt/gradle/.gradle/caches/9.3.1/transforms/4a2cb8a17842a80fe9591b0bd9ab9fb2/transformed/jetified-concurrent-futures-ktx-1.1.0.jar with cache key 223338eca8f2008b39fdc11840017ebe
Build cache key for ExtractJniTransform: /opt/gradle/.gradle/caches/9.3.1/transforms/a8ffdfc98bf020321592088b7f8137c9/transformed/jetified-converter-kotlinx-serialization-2.12.0.jar is bc4e484fa6333477a92f026abf493f3a
Caching disabled for AarTransform: /opt/gradle/.gradle/caches/9.3.1/transforms/3a3dd191192b73fd304cfb8972f12e2e/transformed/jetified-annotation-experimental-1.4.1 because:
  Caching not enabled.
Stored cache entry for ExtractJniTransform: /opt/gradle/.gradle/caches/9.3.1/transforms/0938ccbb01fc05ee55746e1d3a8483f5/transformed/jetified-kotlinx-coroutines-android-1.10.2.jar with cache key e91b72be090d312c71e8430dc6e647d8
Stored cache entry for ExtractJniTransform: /opt/gradle/.gradle/caches/9.3.1/transforms/a8ffdfc98bf020321592088b7f8137c9/transformed/jetified-converter-kotlinx-serialization-2.12.0.jar with cache key bc4e484fa6333477a92f026abf493f3a
Stored cache entry for ExtractJniTransform: /opt/gradle/.gradle/caches/9.3.1/transforms/d5fb549a03208ac0638c7267a8ca9252/transformed/jetified-kotlinx-coroutines-core-jvm-1.10.2.jar with cache key 7d47b216abdc0e26ba8a7561b691275d
Caching disabled for AarTransform: /opt/gradle/.gradle/caches/9.3.1/transforms/f285fdd043547f1c0165f0ff97db506f/transformed/jetified-profileinstaller-1.3.1 because:
  Caching not enabled.
Caching disabled for AarTransform: /opt/gradle/.gradle/caches/9.3.1/transforms/3c6b895bdf638e31dc64b0c5616820d8/transformed/jetified-startup-runtime-1.1.1 because:
  Caching not enabled.
Caching disabled for AarTransform: /opt/gradle/.gradle/caches/9.3.1/transforms/964fc14bf240fb2df9021da839d2a6de/transformed/jetified-tracing-1.2.0 because:
  Caching not enabled.
Caching disabled for AarTransform: /opt/gradle/.gradle/caches/9.3.1/transforms/0d4e7f244096daa620f6517cd129b036/transformed/jetified-tracing-ktx-1.2.0 because:
  Caching not enabled.
Caching disabled for AarTransform: /opt/gradle/.gradle/caches/9.3.1/transforms/d5f9399e5a27834fe665e885358f8e44/transformed/sqlite-framework-2.4.0 because:
  Caching not enabled.
Build cache key for ExtractJniTransform: /opt/gradle/.gradle/caches/9.3.1/transforms/b45542389b9af44b178dfd2a4a2bf83d/transformed/jetified-moshi-kotlin-1.15.2.jar is 2251a3412644462d567db1a498b7b4af
Caching disabled for AarTransform: /opt/gradle/.gradle/caches/9.3.1/transforms/aa1ed74c605310787c0c15c93cdef74d/transformed/sqlite-2.4.0 because:
  Caching not enabled.
Build cache key for ExtractJniTransform: /opt/gradle/.gradle/caches/9.3.1/transforms/3d2c0bca4b525686a9d42f3334ebea2e/transformed/jetified-kotlin-reflect-1.8.21.jar is 2ed6efaef6aa08cb293dde441e2f4c02
Stored cache entry for ExtractJniTransform: /opt/gradle/.gradle/caches/9.3.1/transforms/b45542389b9af44b178dfd2a4a2bf83d/transformed/jetified-moshi-kotlin-1.15.2.jar with cache key 2251a3412644462d567db1a498b7b4af
Caching disabled for AarTransform: /opt/gradle/.gradle/caches/9.3.1/transforms/1e76f6968f718ab422d93074401100d6/transformed/jetified-core-1.54.0 because:
  Caching not enabled.
Caching disabled for AarTransform: /opt/gradle/.gradle/caches/9.3.1/transforms/006398b212a0631aa555465e266db94f/transformed/core-runtime-2.2.0 because:
  Caching not enabled.
Build cache key for ExtractJniTransform: /opt/gradle/.gradle/caches/modules-2/files-2.1/androidx.arch.core/core-common/2.2.0/5e1b8b81dfd5f52c56a8d53b18ca759c19a301f3/core-common-2.2.0.jar is d71150e52df1117922f2a8e2933845a2
Stored cache entry for ExtractJniTransform: /opt/gradle/.gradle/caches/9.3.1/transforms/3d2c0bca4b525686a9d42f3334ebea2e/transformed/jetified-kotlin-reflect-1.8.21.jar with cache key 2ed6efaef6aa08cb293dde441e2f4c02
Build cache key for ExtractJniTransform: /opt/gradle/.gradle/caches/9.3.1/transforms/f2b65d18296e90ebd0e74d9bab3ec999/transformed/jetified-concurrent-futures-1.1.0.jar is f398919ae977e27b4a617bedd821356c
Caching disabled for AarTransform: /opt/gradle/.gradle/caches/9.3.1/transforms/2efe609ce59bbe6f5449c016f678c7ea/transformed/jetified-featurecombinationquery-1.5.0 because:
  Caching not enabled.
Caching disabled for AarTransform: /opt/gradle/.gradle/caches/9.3.1/transforms/b31266a98f5e144e6026cb437eb1527a/transformed/interpolator-1.0.0 because:
  Caching not enabled.
Stored cache entry for ExtractJniTransform: /opt/gradle/.gradle/caches/modules-2/files-2.1/androidx.arch.core/core-common/2.2.0/5e1b8b81dfd5f52c56a8d53b18ca759c19a301f3/core-common-2.2.0.jar with cache key d71150e52df1117922f2a8e2933845a2
Caching disabled for AarTransform: /opt/gradle/.gradle/caches/9.3.1/transforms/c95e560ed9f9438d32138274637eae0d/transformed/versionedparcelable-1.1.1 because:
  Caching not enabled.
Stored cache entry for ExtractJniTransform: /opt/gradle/.gradle/caches/9.3.1/transforms/f2b65d18296e90ebd0e74d9bab3ec999/transformed/jetified-concurrent-futures-1.1.0.jar with cache key f398919ae977e27b4a617bedd821356c
Caching disabled for AarTransform: /opt/gradle/.gradle/caches/9.3.1/transforms/f7331faef428a5694bc41da7b6e9624b/transformed/exifinterface-1.3.7 because:
  Caching not enabled.
Build cache key for ExtractJniTransform: /opt/gradle/.gradle/caches/9.3.1/transforms/a62c31c06329388296398c30d8e810fe/transformed/jetified-collection-ktx-1.4.4.jar is 6960a51ea7d8150adac8a90afd468a0e
Build cache key for ExtractJniTransform: /opt/gradle/.gradle/caches/9.3.1/transforms/03b8b17e499ff427e7d76f721a6113f2/transformed/jetified-collection-jvm-1.4.4.jar is fafa612e2697a04dc473de5c63905057
Stored cache entry for ExtractJniTransform: /opt/gradle/.gradle/caches/9.3.1/transforms/a62c31c06329388296398c30d8e810fe/transformed/jetified-collection-ktx-1.4.4.jar with cache key 6960a51ea7d8150adac8a90afd468a0e
Caching disabled for AarTransform: /opt/gradle/.gradle/caches/9.3.1/transforms/21bb4d5027e4b8955ea9fea45ac9ffac/transformed/cursoradapter-1.0.0 because:
  Caching not enabled.
Build cache key for ExtractJniTransform: /opt/gradle/.gradle/caches/9.3.1/transforms/a207e4f6df0d0de8c6a8b5a1c5714dda/transformed/jetified-resourceinspection-annotation-1.0.1.jar is cab1d5661ab51be7a468b4a970318fa1
Build cache key for ExtractJniTransform: /opt/gradle/.gradle/caches/9.3.1/transforms/56780cdcb1afb82a319d98604741c9b2/transformed/jetified-annotation-jvm-1.8.1.jar is 3f9cf0848f4c9c831e832f462536cef1
Stored cache entry for ExtractJniTransform: /opt/gradle/.gradle/caches/9.3.1/transforms/03b8b17e499ff427e7d76f721a6113f2/transformed/jetified-collection-jvm-1.4.4.jar with cache key fafa612e2697a04dc473de5c63905057
Build cache key for ExtractJniTransform: /opt/gradle/.gradle/caches/9.3.1/transforms/65a2483f4e00f17998843bbc3f060fb1/transformed/jetified-kotlinx-serialization-json-jvm-1.8.1.jar is bcd39f078721617c0135409c3769ed66
Build cache key for ExtractJniTransform: /opt/gradle/.gradle/caches/9.3.1/transforms/98b8d9ec5eef32eed4f9adc58516725d/transformed/jetified-kotlinx-serialization-core-jvm-1.8.1.jar is e0b5741c94dd34c061ecb5e6e25bf688
Stored cache entry for ExtractJniTransform: /opt/gradle/.gradle/caches/9.3.1/transforms/a207e4f6df0d0de8c6a8b5a1c5714dda/transformed/jetified-resourceinspection-annotation-1.0.1.jar with cache key cab1d5661ab51be7a468b4a970318fa1
Stored cache entry for ExtractJniTransform: /opt/gradle/.gradle/caches/9.3.1/transforms/56780cdcb1afb82a319d98604741c9b2/transformed/jetified-annotation-jvm-1.8.1.jar with cache key 3f9cf0848f4c9c831e832f462536cef1
Build cache key for ExtractJniTransform: /opt/gradle/.gradle/caches/9.3.1/transforms/4f00f8ebd9738e8af32ab58b4be84ea4/transformed/jetified-logging-interceptor-4.10.0.jar is 48c677322c8ee750687dc8595331d51d
Build cache key for ExtractJniTransform: /opt/gradle/.gradle/caches/9.3.1/transforms/ad07c6d6008790cbe337ab61599ec52f/transformed/jetified-converter-moshi-2.12.0.jar is 9bf1da09460abaf4227575582d88243d
Stored cache entry for ExtractJniTransform: /opt/gradle/.gradle/caches/9.3.1/transforms/65a2483f4e00f17998843bbc3f060fb1/transformed/jetified-kotlinx-serialization-json-jvm-1.8.1.jar with cache key bcd39f078721617c0135409c3769ed66
Stored cache entry for ExtractJniTransform: /opt/gradle/.gradle/caches/9.3.1/transforms/98b8d9ec5eef32eed4f9adc58516725d/transformed/jetified-kotlinx-serialization-core-jvm-1.8.1.jar with cache key e0b5741c94dd34c061ecb5e6e25bf688
Stored cache entry for ExtractJniTransform: /opt/gradle/.gradle/caches/9.3.1/transforms/4f00f8ebd9738e8af32ab58b4be84ea4/transformed/jetified-logging-interceptor-4.10.0.jar with cache key 48c677322c8ee750687dc8595331d51d
Build cache key for ExtractJniTransform: /opt/gradle/.gradle/caches/9.3.1/transforms/1149598f2a0dc1a5015173f60866cba2/transformed/jetified-moshi-1.15.2.jar is 54578081bb89746a3488de4a1892d9d4
Build cache key for ExtractJniTransform: /opt/gradle/.gradle/caches/9.3.1/transforms/af1f323a224cf9c5f2023819a28eecc5/transformed/jetified-retrofit-2.12.0.jar is 1c494ddd2b46526b59d757bd9dc3831b
Build cache key for ExtractJniTransform: /opt/gradle/.gradle/caches/9.3.1/transforms/4d4fdea49af79e517d384004abdfe207/transformed/jetified-okhttp-4.12.0.jar is 12e25e5d43f7eb28a1c0a03fa46de8b1
Stored cache entry for ExtractJniTransform: /opt/gradle/.gradle/caches/9.3.1/transforms/ad07c6d6008790cbe337ab61599ec52f/transformed/jetified-converter-moshi-2.12.0.jar with cache key 9bf1da09460abaf4227575582d88243d
Stored cache entry for ExtractJniTransform: /opt/gradle/.gradle/caches/9.3.1/transforms/1149598f2a0dc1a5015173f60866cba2/transformed/jetified-moshi-1.15.2.jar with cache key 54578081bb89746a3488de4a1892d9d4
Build cache key for ExtractJniTransform: /opt/gradle/.gradle/caches/9.3.1/transforms/eeff9d62ec393a62156cf5c5682efcac/transformed/jetified-kotlin-stdlib-jdk8-1.9.0.jar is a3af05623c16d86c9488981e058f88f2
Stored cache entry for ExtractJniTransform: /opt/gradle/.gradle/caches/9.3.1/transforms/af1f323a224cf9c5f2023819a28eecc5/transformed/jetified-retrofit-2.12.0.jar with cache key 1c494ddd2b46526b59d757bd9dc3831b
Build cache key for ExtractJniTransform: /opt/gradle/.gradle/caches/9.3.1/transforms/a189c1ae188d8f56f53b3d584ced8072/transformed/jetified-okio-jvm-3.9.0.jar is 4b324c756cdcb39aff04687effd6447a
Build cache key for ExtractJniTransform: /opt/gradle/.gradle/caches/9.3.1/transforms/ac69b4bcd64c2f0fb2b451a821f7619f/transformed/jetified-kotlin-stdlib-jdk7-1.9.0.jar is 971ab0b52a78cdaecab0d05445b2f7f1
Stored cache entry for ExtractJniTransform: /opt/gradle/.gradle/caches/9.3.1/transforms/4d4fdea49af79e517d384004abdfe207/transformed/jetified-okhttp-4.12.0.jar with cache key 12e25e5d43f7eb28a1c0a03fa46de8b1
Stored cache entry for ExtractJniTransform: /opt/gradle/.gradle/caches/9.3.1/transforms/eeff9d62ec393a62156cf5c5682efcac/transformed/jetified-kotlin-stdlib-jdk8-1.9.0.jar with cache key a3af05623c16d86c9488981e058f88f2
Build cache key for ExtractJniTransform: /opt/gradle/.gradle/caches/9.3.1/transforms/8823d1223f4ae3a6b8b39b97e9ccaf45/transformed/jetified-kotlin-stdlib-2.1.21.jar is 6cf0f7b4f24f1a6a3f2f5a496763efbd
Stored cache entry for ExtractJniTransform: /opt/gradle/.gradle/caches/9.3.1/transforms/a189c1ae188d8f56f53b3d584ced8072/transformed/jetified-okio-jvm-3.9.0.jar with cache key 4b324c756cdcb39aff04687effd6447a
Build cache key for ExtractJniTransform: /opt/gradle/.gradle/caches/9.3.1/transforms/a678a3974dd8e8e53727ad6009b86370/transformed/jetified-annotations-23.0.0.jar is 42fafd9106fcd7cd268225ff9c03cb00
Stored cache entry for ExtractJniTransform: /opt/gradle/.gradle/caches/9.3.1/transforms/ac69b4bcd64c2f0fb2b451a821f7619f/transformed/jetified-kotlin-stdlib-jdk7-1.9.0.jar with cache key 971ab0b52a78cdaecab0d05445b2f7f1
Build cache key for ExtractJniTransform: /opt/gradle/.gradle/caches/9.3.1/transforms/608cf9fc494643dff7c66f9bfa02f6e7/transformed/jetified-auto-value-annotations-1.6.3.jar is 4ab2720ff30cfcab3bf0be758ec62f65
Stored cache entry for ExtractJniTransform: /opt/gradle/.gradle/caches/9.3.1/transforms/8823d1223f4ae3a6b8b39b97e9ccaf45/transformed/jetified-kotlin-stdlib-2.1.21.jar with cache key 6cf0f7b4f24f1a6a3f2f5a496763efbd
Build cache key for ExtractJniTransform: /opt/gradle/.gradle/caches/9.3.1/transforms/46fb82f2075c2e8c5da4459b4946f441/transformed/jetified-listenablefuture-1.0.jar is e31095d1a775f3dc5e9265987bc72e43
Stored cache entry for ExtractJniTransform: /opt/gradle/.gradle/caches/9.3.1/transforms/a678a3974dd8e8e53727ad6009b86370/transformed/jetified-annotations-23.0.0.jar with cache key 42fafd9106fcd7cd268225ff9c03cb00
Build cache key for ExtractJniTransform: /opt/gradle/.gradle/caches/9.3.1/transforms/26bc53fdc3c8e0152946a3be99e7e7d9/transformed/jetified-jspecify-1.0.0.jar is 1761e6c0978abd4e50ba3a434f7bfb92
Stored cache entry for ExtractJniTransform: /opt/gradle/.gradle/caches/9.3.1/transforms/608cf9fc494643dff7c66f9bfa02f6e7/transformed/jetified-auto-value-annotations-1.6.3.jar with cache key 4ab2720ff30cfcab3bf0be758ec62f65
Stored cache entry for ExtractJniTransform: /opt/gradle/.gradle/caches/9.3.1/transforms/46fb82f2075c2e8c5da4459b4946f441/transformed/jetified-listenablefuture-1.0.jar with cache key e31095d1a775f3dc5e9265987bc72e43
Stored cache entry for ExtractJniTransform: /opt/gradle/.gradle/caches/9.3.1/transforms/26bc53fdc3c8e0152946a3be99e7e7d9/transformed/jetified-jspecify-1.0.0.jar with cache key 1761e6c0978abd4e50ba3a434f7bfb92
Caching disabled for task ':app:mergeDebugNativeLibs' because:
  Caching has been disabled for the task
Task ':app:mergeDebugNativeLibs' is not up-to-date because:
  No history is available.

> Task :app:mergeExtDexDebug
Caching disabled for IdentityTransform: /opt/gradle/.gradle/caches/9.3.1/transforms/0b91d4baa5f1cf00993399aa8c00eea1/transformed/jetified-accompanist-permissions-0.37.3-runtime.jar because:
  Caching not enabled.
Caching disabled for IdentityTransform: /opt/gradle/.gradle/caches/9.3.1/transforms/c9255d0cbd4af03cf91516c1df0218a4/transformed/navigation-common-2.8.9-runtime.jar because:
  Caching not enabled.
Caching disabled for IdentityTransform: /opt/gradle/.gradle/caches/9.3.1/transforms/b73e6017896b7de3d91ac7462767023c/transformed/navigation-common-ktx-2.8.9-runtime.jar because:
  Caching not enabled.
Build cache key for DexingNoClasspathTransform: /opt/gradle/.gradle/caches/9.3.1/transforms/c9255d0cbd4af03cf91516c1df0218a4/transformed/navigation-common-2.8.9-runtime.jar is e75e2775c3ed182872c0a77c23d3c290
Caching disabled for IdentityTransform: /opt/gradle/.gradle/caches/9.3.1/transforms/1cec5988e62c3c86d02b435747cc5f91/transformed/navigation-runtime-2.8.9-runtime.jar because:
  Caching not enabled.
Build cache key for DexingNoClasspathTransform: /opt/gradle/.gradle/caches/9.3.1/transforms/0b91d4baa5f1cf00993399aa8c00eea1/transformed/jetified-accompanist-permissions-0.37.3-runtime.jar is 1e034fb3e9c793daa273a4e958a54e38
Build cache key for DexingNoClasspathTransform: /opt/gradle/.gradle/caches/9.3.1/transforms/b73e6017896b7de3d91ac7462767023c/transformed/navigation-common-ktx-2.8.9-runtime.jar is 50a15bd750790e5588f3eb876be09bdb
Build cache key for DexingNoClasspathTransform: /opt/gradle/.gradle/caches/9.3.1/transforms/1cec5988e62c3c86d02b435747cc5f91/transformed/navigation-runtime-2.8.9-runtime.jar is 816cb1ab2894bd46f4274068325f177d
Running dexing transform non-incrementally for '/opt/gradle/.gradle/caches/9.3.1/transforms/0b91d4baa5f1cf00993399aa8c00eea1/transformed/jetified-accompanist-permissions-0.37.3-runtime.jar'
Running dexing transform non-incrementally for '/opt/gradle/.gradle/caches/9.3.1/transforms/c9255d0cbd4af03cf91516c1df0218a4/transformed/navigation-common-2.8.9-runtime.jar'
Running dexing transform non-incrementally for '/opt/gradle/.gradle/caches/9.3.1/transforms/1cec5988e62c3c86d02b435747cc5f91/transformed/navigation-runtime-2.8.9-runtime.jar'
Running dexing transform non-incrementally for '/opt/gradle/.gradle/caches/9.3.1/transforms/b73e6017896b7de3d91ac7462767023c/transformed/navigation-common-ktx-2.8.9-runtime.jar'
Stored cache entry for DexingNoClasspathTransform: /opt/gradle/.gradle/caches/9.3.1/transforms/b73e6017896b7de3d91ac7462767023c/transformed/navigation-common-ktx-2.8.9-runtime.jar with cache key 50a15bd750790e5588f3eb876be09bdb
Caching disabled for DexingOutputSplitTransform: /opt/gradle/.gradle/caches/9.3.1/transforms/163b323f79365fb0557a16e526dd9b14/transformed/navigation-common-ktx-2.8.9-runtime because:
  Caching not enabled.
Caching disabled for IdentityTransform: /opt/gradle/.gradle/caches/9.3.1/transforms/f1c862d117548288cafcc17cb8dddb96/transformed/navigation-runtime-ktx-2.8.9-runtime.jar because:
  Caching not enabled.
Build cache key for DexingNoClasspathTransform: /opt/gradle/.gradle/caches/9.3.1/transforms/f1c862d117548288cafcc17cb8dddb96/transformed/navigation-runtime-ktx-2.8.9-runtime.jar is 9e372967ae724bd3e2c33048c59be443
Running dexing transform non-incrementally for '/opt/gradle/.gradle/caches/9.3.1/transforms/f1c862d117548288cafcc17cb8dddb96/transformed/navigation-runtime-ktx-2.8.9-runtime.jar'
Stored cache entry for DexingNoClasspathTransform: /opt/gradle/.gradle/caches/9.3.1/transforms/f1c862d117548288cafcc17cb8dddb96/transformed/navigation-runtime-ktx-2.8.9-runtime.jar with cache key 9e372967ae724bd3e2c33048c59be443
Caching disabled for DexingOutputSplitTransform: /opt/gradle/.gradle/caches/9.3.1/transforms/ceacac6a733b09c4fb456d8ca1238bb0/transformed/navigation-runtime-ktx-2.8.9-runtime because:
  Caching not enabled.
Caching disabled for IdentityTransform: /opt/gradle/.gradle/caches/9.3.1/transforms/afd6f99557c690c13502010c58c0c3d2/transformed/jetified-navigation-compose-2.8.9-runtime.jar because:
  Caching not enabled.
Build cache key for DexingNoClasspathTransform: /opt/gradle/.gradle/caches/9.3.1/transforms/afd6f99557c690c13502010c58c0c3d2/transformed/jetified-navigation-compose-2.8.9-runtime.jar is 79bf4b7e5ee2112b97ce2eda725f78eb
Running dexing transform non-incrementally for '/opt/gradle/.gradle/caches/9.3.1/transforms/afd6f99557c690c13502010c58c0c3d2/transformed/jetified-navigation-compose-2.8.9-runtime.jar'
Invalidating in-memory cache of /opt/gradle/.gradle/caches/9.3.1/fileHashes/kotlinDslCompileAvoidanceClasspathHashCache.bin
Invalidating in-memory cache of /opt/gradle/.gradle/caches/9.3.1/fileHashes/fileHashes.bin
Invalidating in-memory cache of /opt/gradle/.gradle/caches/9.3.1/fileHashes/resourceHashesCache.bin
Invalidating in-memory cache of /opt/gradle/.gradle/caches/journal-1/file-access.bin
Stored cache entry for DexingNoClasspathTransform: /opt/gradle/.gradle/caches/9.3.1/transforms/0b91d4baa5f1cf00993399aa8c00eea1/transformed/jetified-accompanist-permissions-0.37.3-runtime.jar with cache key 1e034fb3e9c793daa273a4e958a54e38
Caching disabled for DexingOutputSplitTransform: /opt/gradle/.gradle/caches/9.3.1/transforms/ab1ca7c6fb9d5d81cf64c076ce257873/transformed/jetified-accompanist-permissions-0.37.3-runtime because:
  Caching not enabled.
Caching disabled for IdentityTransform: /opt/gradle/.gradle/caches/9.3.1/transforms/aedef37d03d0b7e9785fe055e0f79d84/transformed/jetified-material3-release-runtime.jar because:
  Caching not enabled.
Build cache key for DexingNoClasspathTransform: /opt/gradle/.gradle/caches/9.3.1/transforms/aedef37d03d0b7e9785fe055e0f79d84/transformed/jetified-material3-release-runtime.jar is 27f71d5836f5ebf3ea8c4b50eeb602a0
Running dexing transform non-incrementally for '/opt/gradle/.gradle/caches/9.3.1/transforms/aedef37d03d0b7e9785fe055e0f79d84/transformed/jetified-material3-release-runtime.jar'
Stored cache entry for DexingNoClasspathTransform: /opt/gradle/.gradle/caches/9.3.1/transforms/1cec5988e62c3c86d02b435747cc5f91/transformed/navigation-runtime-2.8.9-runtime.jar with cache key 816cb1ab2894bd46f4274068325f177d
Caching disabled for DexingOutputSplitTransform: /opt/gradle/.gradle/caches/9.3.1/transforms/7f2863a53b8b5f5c3f27a572ee7e7de8/transformed/navigation-runtime-2.8.9-runtime because:
  Caching not enabled.
Caching disabled for IdentityTransform: /opt/gradle/.gradle/caches/9.3.1/transforms/81b88cda1af39bf7e1f86262e650d709/transformed/jetified-coil-compose-2.7.0-runtime.jar because:
  Caching not enabled.
Build cache key for DexingNoClasspathTransform: /opt/gradle/.gradle/caches/9.3.1/transforms/81b88cda1af39bf7e1f86262e650d709/transformed/jetified-coil-compose-2.7.0-runtime.jar is 6ed40fde4894aab7368b68a157a466e4
Running dexing transform non-incrementally for '/opt/gradle/.gradle/caches/9.3.1/transforms/81b88cda1af39bf7e1f86262e650d709/transformed/jetified-coil-compose-2.7.0-runtime.jar'
Stored cache entry for DexingNoClasspathTransform: /opt/gradle/.gradle/caches/9.3.1/transforms/afd6f99557c690c13502010c58c0c3d2/transformed/jetified-navigation-compose-2.8.9-runtime.jar with cache key 79bf4b7e5ee2112b97ce2eda725f78eb
Caching disabled for DexingOutputSplitTransform: /opt/gradle/.gradle/caches/9.3.1/transforms/839775023832f14c21cd2ab0841b0a51/transformed/jetified-navigation-compose-2.8.9-runtime because:
  Caching not enabled.
Caching disabled for IdentityTransform: /opt/gradle/.gradle/caches/9.3.1/transforms/26d41a5b74f02488bd6941cf111a255d/transformed/jetified-coil-compose-base-2.7.0-runtime.jar because:
  Caching not enabled.
Build cache key for DexingNoClasspathTransform: /opt/gradle/.gradle/caches/9.3.1/transforms/26d41a5b74f02488bd6941cf111a255d/transformed/jetified-coil-compose-base-2.7.0-runtime.jar is f067bcbff853e70e53bd36dbc3face4f
Running dexing transform non-incrementally for '/opt/gradle/.gradle/caches/9.3.1/transforms/26d41a5b74f02488bd6941cf111a255d/transformed/jetified-coil-compose-base-2.7.0-runtime.jar'
Stored cache entry for DexingNoClasspathTransform: /opt/gradle/.gradle/caches/9.3.1/transforms/81b88cda1af39bf7e1f86262e650d709/transformed/jetified-coil-compose-2.7.0-runtime.jar with cache key 6ed40fde4894aab7368b68a157a466e4
Caching disabled for DexingOutputSplitTransform: /opt/gradle/.gradle/caches/9.3.1/transforms/faf1255deb22089e1b920de680542b35/transformed/jetified-coil-compose-2.7.0-runtime because:
  Caching not enabled.
Caching disabled for IdentityTransform: /opt/gradle/.gradle/caches/9.3.1/transforms/2927b8056ce1481008f627546b205db0/transformed/jetified-material-release-runtime.jar because:
  Caching not enabled.
Build cache key for DexingNoClasspathTransform: /opt/gradle/.gradle/caches/9.3.1/transforms/2927b8056ce1481008f627546b205db0/transformed/jetified-material-release-runtime.jar is 5a542f22435fabb2333bb49f6be761da
Running dexing transform non-incrementally for '/opt/gradle/.gradle/caches/9.3.1/transforms/2927b8056ce1481008f627546b205db0/transformed/jetified-material-release-runtime.jar'
Stored cache entry for DexingNoClasspathTransform: /opt/gradle/.gradle/caches/9.3.1/transforms/c9255d0cbd4af03cf91516c1df0218a4/transformed/navigation-common-2.8.9-runtime.jar with cache key e75e2775c3ed182872c0a77c23d3c290
Caching disabled for DexingOutputSplitTransform: /opt/gradle/.gradle/caches/9.3.1/transforms/9e32df281ac0162666e182843f8aa9c5/transformed/navigation-common-2.8.9-runtime because:
  Caching not enabled.
Caching disabled for IdentityTransform: /opt/gradle/.gradle/caches/9.3.1/transforms/b13a6f70c08dd14b41e7a2c7ed2edd37/transformed/jetified-animation-core-release-runtime.jar because:
  Caching not enabled.
Build cache key for DexingNoClasspathTransform: /opt/gradle/.gradle/caches/9.3.1/transforms/b13a6f70c08dd14b41e7a2c7ed2edd37/transformed/jetified-animation-core-release-runtime.jar is 4839bb0b366ad09cffa325d2086d0cfa
Running dexing transform non-incrementally for '/opt/gradle/.gradle/caches/9.3.1/transforms/b13a6f70c08dd14b41e7a2c7ed2edd37/transformed/jetified-animation-core-release-runtime.jar'
Stored cache entry for DexingNoClasspathTransform: /opt/gradle/.gradle/caches/9.3.1/transforms/26d41a5b74f02488bd6941cf111a255d/transformed/jetified-coil-compose-base-2.7.0-runtime.jar with cache key f067bcbff853e70e53bd36dbc3face4f
Caching disabled for DexingOutputSplitTransform: /opt/gradle/.gradle/caches/9.3.1/transforms/fa6894870bd0365dc8c4e5eaff84bbd7/transformed/jetified-coil-compose-base-2.7.0-runtime because:
  Caching not enabled.
Caching disabled for IdentityTransform: /opt/gradle/.gradle/caches/9.3.1/transforms/33714b65bf3ddf76c70c67aa8d510ed0/transformed/jetified-material-ripple-release-runtime.jar because:
  Caching not enabled.
Build cache key for DexingNoClasspathTransform: /opt/gradle/.gradle/caches/9.3.1/transforms/33714b65bf3ddf76c70c67aa8d510ed0/transformed/jetified-material-ripple-release-runtime.jar is 932340afa2b5aedcd84652d8c91843b4
Running dexing transform non-incrementally for '/opt/gradle/.gradle/caches/9.3.1/transforms/33714b65bf3ddf76c70c67aa8d510ed0/transformed/jetified-material-ripple-release-runtime.jar'
Stored cache entry for DexingNoClasspathTransform: /opt/gradle/.gradle/caches/9.3.1/transforms/33714b65bf3ddf76c70c67aa8d510ed0/transformed/jetified-material-ripple-release-runtime.jar with cache key 932340afa2b5aedcd84652d8c91843b4
Caching disabled for DexingOutputSplitTransform: /opt/gradle/.gradle/caches/9.3.1/transforms/513adf74a8370ace7c469a6f85596728/transformed/jetified-material-ripple-release-runtime because:
  Caching not enabled.
Caching disabled for IdentityTransform: /opt/gradle/.gradle/caches/9.3.1/transforms/f6b6b52a5fcaeb8bd7e9d903a9e4adc1/transformed/jetified-animation-release-runtime.jar because:
  Caching not enabled.
Build cache key for DexingNoClasspathTransform: /opt/gradle/.gradle/caches/9.3.1/transforms/f6b6b52a5fcaeb8bd7e9d903a9e4adc1/transformed/jetified-animation-release-runtime.jar is c47697ffe62d29198732a2e501861d09
Running dexing transform non-incrementally for '/opt/gradle/.gradle/caches/9.3.1/transforms/f6b6b52a5fcaeb8bd7e9d903a9e4adc1/transformed/jetified-animation-release-runtime.jar'
Stored cache entry for DexingNoClasspathTransform: /opt/gradle/.gradle/caches/9.3.1/transforms/b13a6f70c08dd14b41e7a2c7ed2edd37/transformed/jetified-animation-core-release-runtime.jar with cache key 4839bb0b366ad09cffa325d2086d0cfa
Caching disabled for DexingOutputSplitTransform: /opt/gradle/.gradle/caches/9.3.1/transforms/021583efb6849d1c9ed5d8c0e2afc3ef/transformed/jetified-animation-core-release-runtime because:
  Caching not enabled.
Caching disabled for IdentityTransform: /opt/gradle/.gradle/caches/9.3.1/transforms/18cfaa29b48272ec1c3c26ffae29d53b/transformed/jetified-foundation-layout-release-runtime.jar because:
  Caching not enabled.
Build cache key for DexingNoClasspathTransform: /opt/gradle/.gradle/caches/9.3.1/transforms/18cfaa29b48272ec1c3c26ffae29d53b/transformed/jetified-foundation-layout-release-runtime.jar is 43529681c2a4db21b2bbbaa2e61638a9
Running dexing transform non-incrementally for '/opt/gradle/.gradle/caches/9.3.1/transforms/18cfaa29b48272ec1c3c26ffae29d53b/transformed/jetified-foundation-layout-release-runtime.jar'
Stored cache entry for DexingNoClasspathTransform: /opt/gradle/.gradle/caches/9.3.1/transforms/f6b6b52a5fcaeb8bd7e9d903a9e4adc1/transformed/jetified-animation-release-runtime.jar with cache key c47697ffe62d29198732a2e501861d09
Caching disabled for DexingOutputSplitTransform: /opt/gradle/.gradle/caches/9.3.1/transforms/d82d76ba923d987413faf76382031143/transformed/jetified-animation-release-runtime because:
  Caching not enabled.
Caching disabled for IdentityTransform: /opt/gradle/.gradle/caches/9.3.1/transforms/eef02504bb803fb7fe18b075ffa1514e/transformed/jetified-foundation-release-runtime.jar because:
  Caching not enabled.
Build cache key for DexingNoClasspathTransform: /opt/gradle/.gradle/caches/9.3.1/transforms/eef02504bb803fb7fe18b075ffa1514e/transformed/jetified-foundation-release-runtime.jar is 82630be0704470d98075def86e859a1b
Running dexing transform non-incrementally for '/opt/gradle/.gradle/caches/9.3.1/transforms/eef02504bb803fb7fe18b075ffa1514e/transformed/jetified-foundation-release-runtime.jar'
Invalidating in-memory cache of /opt/gradle/.gradle/caches/9.3.1/fileHashes/kotlinDslCompileAvoidanceClasspathHashCache.bin
Invalidating in-memory cache of /opt/gradle/.gradle/caches/9.3.1/fileHashes/fileHashes.bin
Invalidating in-memory cache of /opt/gradle/.gradle/caches/9.3.1/fileHashes/resourceHashesCache.bin
Invalidating in-memory cache of /opt/gradle/.gradle/caches/journal-1/file-access.bin
Stored cache entry for DexingNoClasspathTransform: /opt/gradle/.gradle/caches/9.3.1/transforms/18cfaa29b48272ec1c3c26ffae29d53b/transformed/jetified-foundation-layout-release-runtime.jar with cache key 43529681c2a4db21b2bbbaa2e61638a9
Caching disabled for DexingOutputSplitTransform: /opt/gradle/.gradle/caches/9.3.1/transforms/89ca425fd6628048caedb3d5db17386c/transformed/jetified-foundation-layout-release-runtime because:
  Caching not enabled.
Caching disabled for IdentityTransform: /opt/gradle/.gradle/caches/9.3.1/transforms/c2038f0d89c84579b18daafc0929beed/transformed/jetified-ui-tooling-data-release-runtime.jar because:
  Caching not enabled.
Build cache key for DexingNoClasspathTransform: /opt/gradle/.gradle/caches/9.3.1/transforms/c2038f0d89c84579b18daafc0929beed/transformed/jetified-ui-tooling-data-release-runtime.jar is a8eb6de8fcd1d1230116ded18221a8c8
Running dexing transform non-incrementally for '/opt/gradle/.gradle/caches/9.3.1/transforms/c2038f0d89c84579b18daafc0929beed/transformed/jetified-ui-tooling-data-release-runtime.jar'
Stored cache entry for DexingNoClasspathTransform: /opt/gradle/.gradle/caches/9.3.1/transforms/c2038f0d89c84579b18daafc0929beed/transformed/jetified-ui-tooling-data-release-runtime.jar with cache key a8eb6de8fcd1d1230116ded18221a8c8
Caching disabled for DexingOutputSplitTransform: /opt/gradle/.gradle/caches/9.3.1/transforms/f8922267cad118af7d2558dfed2ffb4a/transformed/jetified-ui-tooling-data-release-runtime because:
  Caching not enabled.
Caching disabled for IdentityTransform: /opt/gradle/.gradle/caches/9.3.1/transforms/bb33d8dddd748a28f8e87a854bb14bd7/transformed/jetified-ui-unit-release-runtime.jar because:
  Caching not enabled.
Build cache key for DexingNoClasspathTransform: /opt/gradle/.gradle/caches/9.3.1/transforms/bb33d8dddd748a28f8e87a854bb14bd7/transformed/jetified-ui-unit-release-runtime.jar is ff0d0d990f478d66f263e6d9fd2a1800
Running dexing transform non-incrementally for '/opt/gradle/.gradle/caches/9.3.1/transforms/bb33d8dddd748a28f8e87a854bb14bd7/transformed/jetified-ui-unit-release-runtime.jar'
Stored cache entry for DexingNoClasspathTransform: /opt/gradle/.gradle/caches/9.3.1/transforms/bb33d8dddd748a28f8e87a854bb14bd7/transformed/jetified-ui-unit-release-runtime.jar with cache key ff0d0d990f478d66f263e6d9fd2a1800
Caching disabled for DexingOutputSplitTransform: /opt/gradle/.gradle/caches/9.3.1/transforms/975e6f5038ca74cefd61190384e37b68/transformed/jetified-ui-unit-release-runtime because:
  Caching not enabled.
Caching disabled for IdentityTransform: /opt/gradle/.gradle/caches/9.3.1/transforms/8f9304f1b2f9fd6159dbc05b9b1f12c6/transformed/jetified-ui-geometry-release-runtime.jar because:
  Caching not enabled.
Build cache key for DexingNoClasspathTransform: /opt/gradle/.gradle/caches/9.3.1/transforms/8f9304f1b2f9fd6159dbc05b9b1f12c6/transformed/jetified-ui-geometry-release-runtime.jar is 6d4608f3c8d6074975e5e9f72708ca5f
Running dexing transform non-incrementally for '/opt/gradle/.gradle/caches/9.3.1/transforms/8f9304f1b2f9fd6159dbc05b9b1f12c6/transformed/jetified-ui-geometry-release-runtime.jar'
Stored cache entry for DexingNoClasspathTransform: /opt/gradle/.gradle/caches/9.3.1/transforms/8f9304f1b2f9fd6159dbc05b9b1f12c6/transformed/jetified-ui-geometry-release-runtime.jar with cache key 6d4608f3c8d6074975e5e9f72708ca5f
Caching disabled for DexingOutputSplitTransform: /opt/gradle/.gradle/caches/9.3.1/transforms/5f4eb9d914290af30e6bee0a24b32820/transformed/jetified-ui-geometry-release-runtime because:
  Caching not enabled.
Caching disabled for IdentityTransform: /opt/gradle/.gradle/caches/9.3.1/transforms/c7784938d32224b451a0410b2826d317/transformed/jetified-ui-util-release-runtime.jar because:
  Caching not enabled.
Build cache key for DexingNoClasspathTransform: /opt/gradle/.gradle/caches/9.3.1/transforms/c7784938d32224b451a0410b2826d317/transformed/jetified-ui-util-release-runtime.jar is fedf9dd9f28a1752f2824f32644f5385
Running dexing transform non-incrementally for '/opt/gradle/.gradle/caches/9.3.1/transforms/c7784938d32224b451a0410b2826d317/transformed/jetified-ui-util-release-runtime.jar'
Stored cache entry for DexingNoClasspathTransform: /opt/gradle/.gradle/caches/9.3.1/transforms/c7784938d32224b451a0410b2826d317/transformed/jetified-ui-util-release-runtime.jar with cache key fedf9dd9f28a1752f2824f32644f5385
Caching disabled for DexingOutputSplitTransform: /opt/gradle/.gradle/caches/9.3.1/transforms/ecb20e015eb7cb52623765e66ff8fdf8/transformed/jetified-ui-util-release-runtime because:
  Caching not enabled.
Caching disabled for IdentityTransform: /opt/gradle/.gradle/caches/9.3.1/transforms/79fc78a49ec027a2fe03df111abece39/transformed/jetified-ui-text-release-runtime.jar because:
  Caching not enabled.
Build cache key for DexingNoClasspathTransform: /opt/gradle/.gradle/caches/9.3.1/transforms/79fc78a49ec027a2fe03df111abece39/transformed/jetified-ui-text-release-runtime.jar is 83594e5fdccf39a15a540433e813b087
Running dexing transform non-incrementally for '/opt/gradle/.gradle/caches/9.3.1/transforms/79fc78a49ec027a2fe03df111abece39/transformed/jetified-ui-text-release-runtime.jar'
Invalidating in-memory cache of /opt/gradle/.gradle/caches/9.3.1/fileHashes/kotlinDslCompileAvoidanceClasspathHashCache.bin
Invalidating in-memory cache of /opt/gradle/.gradle/caches/9.3.1/fileHashes/fileHashes.bin
Invalidating in-memory cache of /opt/gradle/.gradle/caches/9.3.1/fileHashes/resourceHashesCache.bin
Invalidating in-memory cache of /opt/gradle/.gradle/caches/journal-1/file-access.bin
Stored cache entry for DexingNoClasspathTransform: /opt/gradle/.gradle/caches/9.3.1/transforms/2927b8056ce1481008f627546b205db0/transformed/jetified-material-release-runtime.jar with cache key 5a542f22435fabb2333bb49f6be761da
Invalidating in-memory cache of /opt/gradle/.gradle/caches/9.3.1/fileHashes/kotlinDslCompileAvoidanceClasspathHashCache.bin
Invalidating in-memory cache of /opt/gradle/.gradle/caches/9.3.1/fileHashes/fileHashes.bin
Invalidating in-memory cache of /opt/gradle/.gradle/caches/9.3.1/fileHashes/resourceHashesCache.bin
Caching disabled for DexingOutputSplitTransform: /opt/gradle/.gradle/caches/9.3.1/transforms/149c6630b4b0abbe97d560b69e16db2c/transformed/jetified-material-release-runtime because:
  Caching not enabled.
Caching disabled for IdentityTransform: /opt/gradle/.gradle/caches/9.3.1/transforms/07294aed319dfa60b98996ee93d4e488/transformed/jetified-ui-tooling-preview-release-runtime.jar because:
  Caching not enabled.
Build cache key for DexingNoClasspathTransform: /opt/gradle/.gradle/caches/9.3.1/transforms/07294aed319dfa60b98996ee93d4e488/transformed/jetified-ui-tooling-preview-release-runtime.jar is 7e8e9c5bc1d9745d10cda72f0e1c3bdf
Running dexing transform non-incrementally for '/opt/gradle/.gradle/caches/9.3.1/transforms/07294aed319dfa60b98996ee93d4e488/transformed/jetified-ui-tooling-preview-release-runtime.jar'
Stored cache entry for DexingNoClasspathTransform: /opt/gradle/.gradle/caches/9.3.1/transforms/07294aed319dfa60b98996ee93d4e488/transformed/jetified-ui-tooling-preview-release-runtime.jar with cache key 7e8e9c5bc1d9745d10cda72f0e1c3bdf
Caching disabled for DexingOutputSplitTransform: /opt/gradle/.gradle/caches/9.3.1/transforms/fc2f291f9014b69c204e640f86c53bc2/transformed/jetified-ui-tooling-preview-release-runtime because:
  Caching not enabled.
Caching disabled for IdentityTransform: /opt/gradle/.gradle/caches/9.3.1/transforms/347dcbbec56add1e945d08eff6fb6349/transformed/jetified-ui-tooling-release-runtime.jar because:
  Caching not enabled.
Build cache key for DexingNoClasspathTransform: /opt/gradle/.gradle/caches/9.3.1/transforms/347dcbbec56add1e945d08eff6fb6349/transformed/jetified-ui-tooling-release-runtime.jar is 992d10386914b1bb77b2a408f928575a
Running dexing transform non-incrementally for '/opt/gradle/.gradle/caches/9.3.1/transforms/347dcbbec56add1e945d08eff6fb6349/transformed/jetified-ui-tooling-release-runtime.jar'
Stored cache entry for DexingNoClasspathTransform: /opt/gradle/.gradle/caches/9.3.1/transforms/79fc78a49ec027a2fe03df111abece39/transformed/jetified-ui-text-release-runtime.jar with cache key 83594e5fdccf39a15a540433e813b087
Caching disabled for DexingOutputSplitTransform: /opt/gradle/.gradle/caches/9.3.1/transforms/d383fbdbd9e9f184839f977f4b4ba10f/transformed/jetified-ui-text-release-runtime because:
  Caching not enabled.
Caching disabled for IdentityTransform: /opt/gradle/.gradle/caches/9.3.1/transforms/fbc84a8e14f9b9a199638a0e2f4ded68/transformed/jetified-ui-graphics-release-runtime.jar because:
  Caching not enabled.
Build cache key for DexingNoClasspathTransform: /opt/gradle/.gradle/caches/9.3.1/transforms/fbc84a8e14f9b9a199638a0e2f4ded68/transformed/jetified-ui-graphics-release-runtime.jar is ee4b4376e4ca20f91364e43a544266e9
Running dexing transform non-incrementally for '/opt/gradle/.gradle/caches/9.3.1/transforms/fbc84a8e14f9b9a199638a0e2f4ded68/transformed/jetified-ui-graphics-release-runtime.jar'
Invalidating in-memory cache of /opt/gradle/.gradle/caches/9.3.1/fileHashes/kotlinDslCompileAvoidanceClasspathHashCache.bin
Invalidating in-memory cache of /opt/gradle/.gradle/caches/9.3.1/fileHashes/fileHashes.bin
Invalidating in-memory cache of /opt/gradle/.gradle/caches/9.3.1/fileHashes/resourceHashesCache.bin
Invalidating in-memory cache of /opt/gradle/.gradle/caches/journal-1/file-access.bin
Stored cache entry for DexingNoClasspathTransform: /opt/gradle/.gradle/caches/9.3.1/transforms/347dcbbec56add1e945d08eff6fb6349/transformed/jetified-ui-tooling-release-runtime.jar with cache key 992d10386914b1bb77b2a408f928575a
Caching disabled for DexingOutputSplitTransform: /opt/gradle/.gradle/caches/9.3.1/transforms/3b6bc2ddcd3f3ca0a11cce264f188558/transformed/jetified-ui-tooling-release-runtime because:
  Caching not enabled.
Caching disabled for IdentityTransform: /opt/gradle/.gradle/caches/9.3.1/transforms/bf1daea8020037a4550b265ba1e4b723/transformed/jetified-ui-test-manifest-1.7.5-runtime.jar because:
  Caching not enabled.
Build cache key for DexingNoClasspathTransform: /opt/gradle/.gradle/caches/9.3.1/transforms/bf1daea8020037a4550b265ba1e4b723/transformed/jetified-ui-test-manifest-1.7.5-runtime.jar is abd84c2be890db64fc98dc6c0e66ee11
Running dexing transform non-incrementally for '/opt/gradle/.gradle/caches/9.3.1/transforms/bf1daea8020037a4550b265ba1e4b723/transformed/jetified-ui-test-manifest-1.7.5-runtime.jar'
Stored cache entry for DexingNoClasspathTransform: /opt/gradle/.gradle/caches/9.3.1/transforms/bf1daea8020037a4550b265ba1e4b723/transformed/jetified-ui-test-manifest-1.7.5-runtime.jar with cache key abd84c2be890db64fc98dc6c0e66ee11
Caching disabled for DexingOutputSplitTransform: /opt/gradle/.gradle/caches/9.3.1/transforms/6bd3a3e0002df2de9bb6d2e7533bb013/transformed/jetified-ui-test-manifest-1.7.5-runtime because:
  Caching not enabled.
Caching disabled for IdentityTransform: /opt/gradle/.gradle/caches/9.3.1/transforms/e28c2d39a06e3ee57e21dfd0f9ddb0b6/transformed/jetified-camera-video-1.5.0-runtime.jar because:
  Caching not enabled.
Build cache key for DexingNoClasspathTransform: /opt/gradle/.gradle/caches/9.3.1/transforms/e28c2d39a06e3ee57e21dfd0f9ddb0b6/transformed/jetified-camera-video-1.5.0-runtime.jar is 3c7ed3f7c50d9a9980d05e3ca5226214
Running dexing transform non-incrementally for '/opt/gradle/.gradle/caches/9.3.1/transforms/e28c2d39a06e3ee57e21dfd0f9ddb0b6/transformed/jetified-camera-video-1.5.0-runtime.jar'
Invalidating in-memory cache of /opt/gradle/.gradle/caches/9.3.1/fileHashes/kotlinDslCompileAvoidanceClasspathHashCache.bin
Invalidating in-memory cache of /opt/gradle/.gradle/caches/9.3.1/fileHashes/fileHashes.bin
Invalidating in-memory cache of /opt/gradle/.gradle/caches/9.3.1/fileHashes/resourceHashesCache.bin
Invalidating in-memory cache of /opt/gradle/.gradle/caches/journal-1/file-access.bin
Stored cache entry for DexingNoClasspathTransform: /opt/gradle/.gradle/caches/9.3.1/transforms/fbc84a8e14f9b9a199638a0e2f4ded68/transformed/jetified-ui-graphics-release-runtime.jar with cache key ee4b4376e4ca20f91364e43a544266e9
Caching disabled for DexingOutputSplitTransform: /opt/gradle/.gradle/caches/9.3.1/transforms/7154a35994e6811176d191bb18f58eaf/transformed/jetified-ui-graphics-release-runtime because:
  Caching not enabled.
Caching disabled for IdentityTransform: /opt/gradle/.gradle/caches/9.3.1/transforms/be5f499bd19b09ad8d96a08c47d210dd/transformed/jetified-camera-view-1.5.0-runtime.jar because:
  Caching not enabled.
Build cache key for DexingNoClasspathTransform: /opt/gradle/.gradle/caches/9.3.1/transforms/be5f499bd19b09ad8d96a08c47d210dd/transformed/jetified-camera-view-1.5.0-runtime.jar is 137c2d490401f2f3d8ddd67cee431419
Running dexing transform non-incrementally for '/opt/gradle/.gradle/caches/9.3.1/transforms/be5f499bd19b09ad8d96a08c47d210dd/transformed/jetified-camera-view-1.5.0-runtime.jar'
Stored cache entry for DexingNoClasspathTransform: /opt/gradle/.gradle/caches/9.3.1/transforms/e28c2d39a06e3ee57e21dfd0f9ddb0b6/transformed/jetified-camera-video-1.5.0-runtime.jar with cache key 3c7ed3f7c50d9a9980d05e3ca5226214
Caching disabled for DexingOutputSplitTransform: /opt/gradle/.gradle/caches/9.3.1/transforms/fe3a3a63e0d288bc1bc85f86429591a6/transformed/jetified-camera-video-1.5.0-runtime because:
  Caching not enabled.
Caching disabled for IdentityTransform: /opt/gradle/.gradle/caches/9.3.1/transforms/b7ff1bac5eb580aea15c01a388cc3b59/transformed/jetified-camera-lifecycle-1.5.0-runtime.jar because:
  Caching not enabled.
Build cache key for DexingNoClasspathTransform: /opt/gradle/.gradle/caches/9.3.1/transforms/b7ff1bac5eb580aea15c01a388cc3b59/transformed/jetified-camera-lifecycle-1.5.0-runtime.jar is ab8ec17cf58c96bbe6b221e885e79bfa
Running dexing transform non-incrementally for '/opt/gradle/.gradle/caches/9.3.1/transforms/b7ff1bac5eb580aea15c01a388cc3b59/transformed/jetified-camera-lifecycle-1.5.0-runtime.jar'
Stored cache entry for DexingNoClasspathTransform: /opt/gradle/.gradle/caches/9.3.1/transforms/b7ff1bac5eb580aea15c01a388cc3b59/transformed/jetified-camera-lifecycle-1.5.0-runtime.jar with cache key ab8ec17cf58c96bbe6b221e885e79bfa
Caching disabled for DexingOutputSplitTransform: /opt/gradle/.gradle/caches/9.3.1/transforms/4b16d43abaadc4ee77a52de1bf3d204c/transformed/jetified-camera-lifecycle-1.5.0-runtime because:
  Caching not enabled.
Caching disabled for IdentityTransform: /opt/gradle/.gradle/caches/9.3.1/transforms/194489587a9563e9bc1f573b22e0f956/transformed/jetified-camera-camera2-1.5.0-runtime.jar because:
  Caching not enabled.
Build cache key for DexingNoClasspathTransform: /opt/gradle/.gradle/caches/9.3.1/transforms/194489587a9563e9bc1f573b22e0f956/transformed/jetified-camera-camera2-1.5.0-runtime.jar is 3ff5415b9830c9309b1673c217f25155
Running dexing transform non-incrementally for '/opt/gradle/.gradle/caches/9.3.1/transforms/194489587a9563e9bc1f573b22e0f956/transformed/jetified-camera-camera2-1.5.0-runtime.jar'
Stored cache entry for DexingNoClasspathTransform: /opt/gradle/.gradle/caches/9.3.1/transforms/be5f499bd19b09ad8d96a08c47d210dd/transformed/jetified-camera-view-1.5.0-runtime.jar with cache key 137c2d490401f2f3d8ddd67cee431419
Caching disabled for DexingOutputSplitTransform: /opt/gradle/.gradle/caches/9.3.1/transforms/4c7d091c8ae3187b93f76397f9b4196e/transformed/jetified-camera-view-1.5.0-runtime because:
  Caching not enabled.
Caching disabled for IdentityTransform: /opt/gradle/.gradle/caches/9.3.1/transforms/01236adbd5bb83018ab240ea6753b6a2/transformed/jetified-camera-core-1.5.0-runtime.jar because:
  Caching not enabled.
Build cache key for DexingNoClasspathTransform: /opt/gradle/.gradle/caches/9.3.1/transforms/01236adbd5bb83018ab240ea6753b6a2/transformed/jetified-camera-core-1.5.0-runtime.jar is 634a6158b276954781df6f08dafc6c62
Running dexing transform non-incrementally for '/opt/gradle/.gradle/caches/9.3.1/transforms/01236adbd5bb83018ab240ea6753b6a2/transformed/jetified-camera-core-1.5.0-runtime.jar'
Stored cache entry for DexingNoClasspathTransform: /opt/gradle/.gradle/caches/9.3.1/transforms/194489587a9563e9bc1f573b22e0f956/transformed/jetified-camera-camera2-1.5.0-runtime.jar with cache key 3ff5415b9830c9309b1673c217f25155
Caching disabled for DexingOutputSplitTransform: /opt/gradle/.gradle/caches/9.3.1/transforms/9e2d5c2b154ebc10aa8780c9ce2fc1c6/transformed/jetified-camera-camera2-1.5.0-runtime because:
  Caching not enabled.
Caching disabled for IdentityTransform: /opt/gradle/.gradle/caches/9.3.1/transforms/151da3a714b4e809ba078db0e775f4cc/transformed/jetified-coil-2.7.0-runtime.jar because:
  Caching not enabled.
Build cache key for DexingNoClasspathTransform: /opt/gradle/.gradle/caches/9.3.1/transforms/151da3a714b4e809ba078db0e775f4cc/transformed/jetified-coil-2.7.0-runtime.jar is fa8cffd34327b93d1d6e7ba0ca868a2e
Running dexing transform non-incrementally for '/opt/gradle/.gradle/caches/9.3.1/transforms/151da3a714b4e809ba078db0e775f4cc/transformed/jetified-coil-2.7.0-runtime.jar'
Stored cache entry for DexingNoClasspathTransform: /opt/gradle/.gradle/caches/9.3.1/transforms/151da3a714b4e809ba078db0e775f4cc/transformed/jetified-coil-2.7.0-runtime.jar with cache key fa8cffd34327b93d1d6e7ba0ca868a2e
Caching disabled for DexingOutputSplitTransform: /opt/gradle/.gradle/caches/9.3.1/transforms/9dfd5d4da77bc6585f3181d1606108d9/transformed/jetified-coil-2.7.0-runtime because:
  Caching not enabled.
Caching disabled for IdentityTransform: /opt/gradle/.gradle/caches/9.3.1/transforms/c823c11f64fadb5b3efdd54514e03b3d/transformed/jetified-coil-base-2.7.0-runtime.jar because:
  Caching not enabled.
Build cache key for DexingNoClasspathTransform: /opt/gradle/.gradle/caches/9.3.1/transforms/c823c11f64fadb5b3efdd54514e03b3d/transformed/jetified-coil-base-2.7.0-runtime.jar is e8f5c0befa86ca459c823263156de957
Running dexing transform non-incrementally for '/opt/gradle/.gradle/caches/9.3.1/transforms/c823c11f64fadb5b3efdd54514e03b3d/transformed/jetified-coil-base-2.7.0-runtime.jar'
Stored cache entry for DexingNoClasspathTransform: /opt/gradle/.gradle/caches/9.3.1/transforms/eef02504bb803fb7fe18b075ffa1514e/transformed/jetified-foundation-release-runtime.jar with cache key 82630be0704470d98075def86e859a1b
Caching disabled for DexingOutputSplitTransform: /opt/gradle/.gradle/caches/9.3.1/transforms/b2c94cd16c854c1d7b628d44ca1b11ee/transformed/jetified-foundation-release-runtime because:
  Caching not enabled.
Caching disabled for IdentityTransform: /opt/gradle/.gradle/caches/9.3.1/transforms/8e406fbacd7547b31588ad57d7448dd3/transformed/jetified-appcompat-resources-1.6.1-runtime.jar because:
  Caching not enabled.
Build cache key for DexingNoClasspathTransform: /opt/gradle/.gradle/caches/9.3.1/transforms/8e406fbacd7547b31588ad57d7448dd3/transformed/jetified-appcompat-resources-1.6.1-runtime.jar is 5c7a5b5af59687a685e42f2a6fbe2140
Running dexing transform non-incrementally for '/opt/gradle/.gradle/caches/9.3.1/transforms/8e406fbacd7547b31588ad57d7448dd3/transformed/jetified-appcompat-resources-1.6.1-runtime.jar'
Stored cache entry for DexingNoClasspathTransform: /opt/gradle/.gradle/caches/9.3.1/transforms/8e406fbacd7547b31588ad57d7448dd3/transformed/jetified-appcompat-resources-1.6.1-runtime.jar with cache key 5c7a5b5af59687a685e42f2a6fbe2140
Caching disabled for DexingOutputSplitTransform: /opt/gradle/.gradle/caches/9.3.1/transforms/9a6d50812841034691489a25a6998f6a/transformed/jetified-appcompat-resources-1.6.1-runtime because:
  Caching not enabled.
Caching disabled for IdentityTransform: /opt/gradle/.gradle/caches/9.3.1/transforms/429f48e9248e603fc80ca097f08d6f92/transformed/appcompat-1.6.1-runtime.jar because:
  Caching not enabled.
Build cache key for DexingNoClasspathTransform: /opt/gradle/.gradle/caches/9.3.1/transforms/429f48e9248e603fc80ca097f08d6f92/transformed/appcompat-1.6.1-runtime.jar is 1cc3b419b82d8f71da187851f5abf8dd
Running dexing transform non-incrementally for '/opt/gradle/.gradle/caches/9.3.1/transforms/429f48e9248e603fc80ca097f08d6f92/transformed/appcompat-1.6.1-runtime.jar'
Stored cache entry for DexingNoClasspathTransform: /opt/gradle/.gradle/caches/9.3.1/transforms/c823c11f64fadb5b3efdd54514e03b3d/transformed/jetified-coil-base-2.7.0-runtime.jar with cache key e8f5c0befa86ca459c823263156de957
Caching disabled for DexingOutputSplitTransform: /opt/gradle/.gradle/caches/9.3.1/transforms/d2246ad10f4e99905e62872aa1c1642f/transformed/jetified-coil-base-2.7.0-runtime because:
  Caching not enabled.
Caching disabled for IdentityTransform: /opt/gradle/.gradle/caches/9.3.1/transforms/21bc3d0604213564d95d24ee098d750d/transformed/fragment-1.3.6-runtime.jar because:
  Caching not enabled.
Build cache key for DexingNoClasspathTransform: /opt/gradle/.gradle/caches/9.3.1/transforms/21bc3d0604213564d95d24ee098d750d/transformed/fragment-1.3.6-runtime.jar is 154a9c099d91a29fa30e4157dca565ee
Running dexing transform non-incrementally for '/opt/gradle/.gradle/caches/9.3.1/transforms/21bc3d0604213564d95d24ee098d750d/transformed/fragment-1.3.6-runtime.jar'
Stored cache entry for DexingNoClasspathTransform: /opt/gradle/.gradle/caches/9.3.1/transforms/01236adbd5bb83018ab240ea6753b6a2/transformed/jetified-camera-core-1.5.0-runtime.jar with cache key 634a6158b276954781df6f08dafc6c62
Caching disabled for DexingOutputSplitTransform: /opt/gradle/.gradle/caches/9.3.1/transforms/6c8432caa014ecc7b0e13c83fce64174/transformed/jetified-camera-core-1.5.0-runtime because:
  Caching not enabled.
Caching disabled for IdentityTransform: /opt/gradle/.gradle/caches/9.3.1/transforms/af926f8a5c406370684941a0684b15ad/transformed/jetified-activity-1.9.3-runtime.jar because:
  Caching not enabled.
Build cache key for DexingNoClasspathTransform: /opt/gradle/.gradle/caches/9.3.1/transforms/af926f8a5c406370684941a0684b15ad/transformed/jetified-activity-1.9.3-runtime.jar is 4933c05b5a59ee20da0ce064eb1a95c6
Running dexing transform non-incrementally for '/opt/gradle/.gradle/caches/9.3.1/transforms/af926f8a5c406370684941a0684b15ad/transformed/jetified-activity-1.9.3-runtime.jar'
Invalidating in-memory cache of /opt/gradle/.gradle/caches/9.3.1/fileHashes/kotlinDslCompileAvoidanceClasspathHashCache.bin
Invalidating in-memory cache of /opt/gradle/.gradle/caches/9.3.1/fileHashes/fileHashes.bin
Invalidating in-memory cache of /opt/gradle/.gradle/caches/9.3.1/fileHashes/resourceHashesCache.bin
Stored cache entry for DexingNoClasspathTransform: /opt/gradle/.gradle/caches/9.3.1/transforms/af926f8a5c406370684941a0684b15ad/transformed/jetified-activity-1.9.3-runtime.jar with cache key 4933c05b5a59ee20da0ce064eb1a95c6
Caching disabled for DexingOutputSplitTransform: /opt/gradle/.gradle/caches/9.3.1/transforms/a3c69bb53a8a3927c709745a8b3ebecb/transformed/jetified-activity-1.9.3-runtime because:
  Caching not enabled.
Caching disabled for IdentityTransform: /opt/gradle/.gradle/caches/9.3.1/transforms/bf89adefbde66adc0e84d7c7b415fefd/transformed/jetified-savedstate-ktx-1.2.1-runtime.jar because:
  Caching not enabled.
Build cache key for DexingNoClasspathTransform: /opt/gradle/.gradle/caches/9.3.1/transforms/bf89adefbde66adc0e84d7c7b415fefd/transformed/jetified-savedstate-ktx-1.2.1-runtime.jar is be9878225e1f3d749ca1806d9da3fec3
Running dexing transform non-incrementally for '/opt/gradle/.gradle/caches/9.3.1/transforms/bf89adefbde66adc0e84d7c7b415fefd/transformed/jetified-savedstate-ktx-1.2.1-runtime.jar'
Stored cache entry for DexingNoClasspathTransform: /opt/gradle/.gradle/caches/9.3.1/transforms/bf89adefbde66adc0e84d7c7b415fefd/transformed/jetified-savedstate-ktx-1.2.1-runtime.jar with cache key be9878225e1f3d749ca1806d9da3fec3
Caching disabled for DexingOutputSplitTransform: /opt/gradle/.gradle/caches/9.3.1/transforms/0f224b1812d48dec157410cab924973e/transformed/jetified-savedstate-ktx-1.2.1-runtime because:
  Caching not enabled.
Caching disabled for IdentityTransform: /opt/gradle/.gradle/caches/9.3.1/transforms/e15b37d7594a3ddd3376c7e6fef479b9/transformed/jetified-savedstate-1.2.1-runtime.jar because:
  Caching not enabled.
Build cache key for DexingNoClasspathTransform: /opt/gradle/.gradle/caches/9.3.1/transforms/e15b37d7594a3ddd3376c7e6fef479b9/transformed/jetified-savedstate-1.2.1-runtime.jar is 2dd939660239df5d39e147c1c46d2439
Running dexing transform non-incrementally for '/opt/gradle/.gradle/caches/9.3.1/transforms/e15b37d7594a3ddd3376c7e6fef479b9/transformed/jetified-savedstate-1.2.1-runtime.jar'
Stored cache entry for DexingNoClasspathTransform: /opt/gradle/.gradle/caches/9.3.1/transforms/e15b37d7594a3ddd3376c7e6fef479b9/transformed/jetified-savedstate-1.2.1-runtime.jar with cache key 2dd939660239df5d39e147c1c46d2439
Caching disabled for DexingOutputSplitTransform: /opt/gradle/.gradle/caches/9.3.1/transforms/ab73f0aaa46a796a38755ce2e3e7c36b/transformed/jetified-savedstate-1.2.1-runtime because:
  Caching not enabled.
Caching disabled for IdentityTransform: /opt/gradle/.gradle/caches/9.3.1/transforms/13c2755639fa74aba164e1ce126765d3/transformed/jetified-emoji2-views-helper-1.3.0-runtime.jar because:
  Caching not enabled.
Build cache key for DexingNoClasspathTransform: /opt/gradle/.gradle/caches/9.3.1/transforms/13c2755639fa74aba164e1ce126765d3/transformed/jetified-emoji2-views-helper-1.3.0-runtime.jar is 0ccdd3f8787833a01815f32eb0d525c1
Running dexing transform non-incrementally for '/opt/gradle/.gradle/caches/9.3.1/transforms/13c2755639fa74aba164e1ce126765d3/transformed/jetified-emoji2-views-helper-1.3.0-runtime.jar'
Stored cache entry for DexingNoClasspathTransform: /opt/gradle/.gradle/caches/9.3.1/transforms/aedef37d03d0b7e9785fe055e0f79d84/transformed/jetified-material3-release-runtime.jar with cache key 27f71d5836f5ebf3ea8c4b50eeb602a0
Caching disabled for DexingOutputSplitTransform: /opt/gradle/.gradle/caches/9.3.1/transforms/a118a6fbbebbdddb18f6bc3aa948071f/transformed/jetified-material3-release-runtime because:
  Caching not enabled.
Caching disabled for IdentityTransform: /opt/gradle/.gradle/caches/9.3.1/transforms/72b3e3822065f57755b867c6a42e3792/transformed/jetified-emoji2-1.3.0-runtime.jar because:
  Caching not enabled.
Build cache key for DexingNoClasspathTransform: /opt/gradle/.gradle/caches/9.3.1/transforms/72b3e3822065f57755b867c6a42e3792/transformed/jetified-emoji2-1.3.0-runtime.jar is 2467173354b239e8881f9f9a18124a74
Running dexing transform non-incrementally for '/opt/gradle/.gradle/caches/9.3.1/transforms/72b3e3822065f57755b867c6a42e3792/transformed/jetified-emoji2-1.3.0-runtime.jar'
Invalidating in-memory cache of /opt/gradle/.gradle/caches/journal-1/file-access.bin
Stored cache entry for DexingNoClasspathTransform: /opt/gradle/.gradle/caches/9.3.1/transforms/13c2755639fa74aba164e1ce126765d3/transformed/jetified-emoji2-views-helper-1.3.0-runtime.jar with cache key 0ccdd3f8787833a01815f32eb0d525c1
Invalidating in-memory cache of /opt/gradle/.gradle/caches/9.3.1/fileHashes/kotlinDslCompileAvoidanceClasspathHashCache.bin
Invalidating in-memory cache of /opt/gradle/.gradle/caches/9.3.1/fileHashes/fileHashes.bin
Invalidating in-memory cache of /opt/gradle/.gradle/caches/9.3.1/fileHashes/resourceHashesCache.bin
Caching disabled for DexingOutputSplitTransform: /opt/gradle/.gradle/caches/9.3.1/transforms/0ac9dcc6f2b4d2e01b48745dcaa745b2/transformed/jetified-emoji2-views-helper-1.3.0-runtime because:
  Caching not enabled.
Caching disabled for IdentityTransform: /opt/gradle/.gradle/caches/9.3.1/transforms/9e8318e5d6a785d70940b80ee355b4e5/transformed/jetified-lifecycle-process-2.8.7-runtime.jar because:
  Caching not enabled.
Build cache key for DexingNoClasspathTransform: /opt/gradle/.gradle/caches/9.3.1/transforms/9e8318e5d6a785d70940b80ee355b4e5/transformed/jetified-lifecycle-process-2.8.7-runtime.jar is c5e6e2da0c13115c5f207559f5ae33f6
Running dexing transform non-incrementally for '/opt/gradle/.gradle/caches/9.3.1/transforms/9e8318e5d6a785d70940b80ee355b4e5/transformed/jetified-lifecycle-process-2.8.7-runtime.jar'
Invalidating in-memory cache of /opt/gradle/.gradle/caches/journal-1/file-access.bin
Invalidating in-memory cache of /opt/gradle/.gradle/caches/9.3.1/fileHashes/kotlinDslCompileAvoidanceClasspathHashCache.bin
Invalidating in-memory cache of /opt/gradle/.gradle/caches/9.3.1/fileHashes/fileHashes.bin
Invalidating in-memory cache of /opt/gradle/.gradle/caches/9.3.1/fileHashes/resourceHashesCache.bin
Stored cache entry for DexingNoClasspathTransform: /opt/gradle/.gradle/caches/9.3.1/transforms/21bc3d0604213564d95d24ee098d750d/transformed/fragment-1.3.6-runtime.jar with cache key 154a9c099d91a29fa30e4157dca565ee
Caching disabled for DexingOutputSplitTransform: /opt/gradle/.gradle/caches/9.3.1/transforms/757cfbca1f0858cb4814e073a9237d7d/transformed/fragment-1.3.6-runtime because:
  Caching not enabled.
Caching disabled for IdentityTransform: /opt/gradle/.gradle/caches/9.3.1/transforms/96b45c764919027f43954e25b48b22b7/transformed/jetified-lifecycle-runtime-release-runtime.jar because:
  Caching not enabled.
Build cache key for DexingNoClasspathTransform: /opt/gradle/.gradle/caches/9.3.1/transforms/96b45c764919027f43954e25b48b22b7/transformed/jetified-lifecycle-runtime-release-runtime.jar is d9e0db95f636521747365f211140f321
Running dexing transform non-incrementally for '/opt/gradle/.gradle/caches/9.3.1/transforms/96b45c764919027f43954e25b48b22b7/transformed/jetified-lifecycle-runtime-release-runtime.jar'
Invalidating in-memory cache of /opt/gradle/.gradle/caches/9.3.1/fileHashes/kotlinDslCompileAvoidanceClasspathHashCache.bin
Invalidating in-memory cache of /opt/gradle/.gradle/caches/journal-1/file-access.bin
Invalidating in-memory cache of /opt/gradle/.gradle/caches/9.3.1/fileHashes/fileHashes.bin
Invalidating in-memory cache of /opt/gradle/.gradle/caches/9.3.1/fileHashes/resourceHashesCache.bin
Stored cache entry for DexingNoClasspathTransform: /opt/gradle/.gradle/caches/9.3.1/transforms/9e8318e5d6a785d70940b80ee355b4e5/transformed/jetified-lifecycle-process-2.8.7-runtime.jar with cache key c5e6e2da0c13115c5f207559f5ae33f6
Caching disabled for DexingOutputSplitTransform: /opt/gradle/.gradle/caches/9.3.1/transforms/36dea3bce1451ceb741cfe5ca759ec48/transformed/jetified-lifecycle-process-2.8.7-runtime because:
  Caching not enabled.
Caching disabled for IdentityTransform: /opt/gradle/.gradle/caches/9.3.1/transforms/8dcb822fd153f2a1ccb901c06626f38d/transformed/loader-1.0.0-runtime.jar because:
  Caching not enabled.
Build cache key for DexingNoClasspathTransform: /opt/gradle/.gradle/caches/9.3.1/transforms/8dcb822fd153f2a1ccb901c06626f38d/transformed/loader-1.0.0-runtime.jar is f8f2f912930eb7232dc3e96e43778230
Running dexing transform non-incrementally for '/opt/gradle/.gradle/caches/9.3.1/transforms/8dcb822fd153f2a1ccb901c06626f38d/transformed/loader-1.0.0-runtime.jar'
Stored cache entry for DexingNoClasspathTransform: /opt/gradle/.gradle/caches/9.3.1/transforms/72b3e3822065f57755b867c6a42e3792/transformed/jetified-emoji2-1.3.0-runtime.jar with cache key 2467173354b239e8881f9f9a18124a74
Caching disabled for DexingOutputSplitTransform: /opt/gradle/.gradle/caches/9.3.1/transforms/1fe596f5f8720b7562ad2694e334bc00/transformed/jetified-emoji2-1.3.0-runtime because:
  Caching not enabled.
Caching disabled for IdentityTransform: /opt/gradle/.gradle/caches/9.3.1/transforms/ff7463f3019e0ae1f6ea44832ff70e3e/transformed/lifecycle-viewmodel-2.8.7-runtime.jar because:
  Caching not enabled.
Build cache key for DexingNoClasspathTransform: /opt/gradle/.gradle/caches/9.3.1/transforms/ff7463f3019e0ae1f6ea44832ff70e3e/transformed/lifecycle-viewmodel-2.8.7-runtime.jar is 4dfc52836973f6ab8d2b66bc1685e04e
Running dexing transform non-incrementally for '/opt/gradle/.gradle/caches/9.3.1/transforms/ff7463f3019e0ae1f6ea44832ff70e3e/transformed/lifecycle-viewmodel-2.8.7-runtime.jar'
Invalidating in-memory cache of /opt/gradle/.gradle/caches/journal-1/file-access.bin
Stored cache entry for DexingNoClasspathTransform: /opt/gradle/.gradle/caches/9.3.1/transforms/96b45c764919027f43954e25b48b22b7/transformed/jetified-lifecycle-runtime-release-runtime.jar with cache key d9e0db95f636521747365f211140f321
Stored cache entry for DexingNoClasspathTransform: /opt/gradle/.gradle/caches/9.3.1/transforms/ff7463f3019e0ae1f6ea44832ff70e3e/transformed/lifecycle-viewmodel-2.8.7-runtime.jar with cache key 4dfc52836973f6ab8d2b66bc1685e04e
Stored cache entry for DexingNoClasspathTransform: /opt/gradle/.gradle/caches/9.3.1/transforms/8dcb822fd153f2a1ccb901c06626f38d/transformed/loader-1.0.0-runtime.jar with cache key f8f2f912930eb7232dc3e96e43778230
Caching disabled for DexingOutputSplitTransform: /opt/gradle/.gradle/caches/9.3.1/transforms/71bd0135130b00664c88491b3c8c2e2b/transformed/jetified-lifecycle-runtime-release-runtime because:
  Caching not enabled.
Caching disabled for DexingOutputSplitTransform: /opt/gradle/.gradle/caches/9.3.1/transforms/4e37808dc6e8946c71e620988daa6fb0/transformed/loader-1.0.0-runtime because:
  Caching not enabled.
Caching disabled for DexingOutputSplitTransform: /opt/gradle/.gradle/caches/9.3.1/transforms/6d641655e560b5d5ab5e0f4b47bfa4bb/transformed/lifecycle-viewmodel-2.8.7-runtime because:
  Caching not enabled.
Caching disabled for IdentityTransform: /opt/gradle/.gradle/caches/9.3.1/transforms/25c94882e1b290860e5fb28b1e4a9847/transformed/jetified-lifecycle-viewmodel-release-runtime.jar because:
  Caching not enabled.
Caching disabled for IdentityTransform: /opt/gradle/.gradle/caches/9.3.1/transforms/ca664b69679370e03d584bf5e8325bc5/transformed/jetified-lifecycle-livedata-core-ktx-2.8.7-runtime.jar because:
  Caching not enabled.
Build cache key for DexingNoClasspathTransform: /opt/gradle/.gradle/caches/9.3.1/transforms/52cacb53cf50d2edd6508aea94ef4445/transformed/jetified-lifecycle-common-jvm-2.8.7.jar is d0d7e1692ca8dd64063468efcaf3c980
Build cache key for DexingNoClasspathTransform: /opt/gradle/.gradle/caches/9.3.1/transforms/25c94882e1b290860e5fb28b1e4a9847/transformed/jetified-lifecycle-viewmodel-release-runtime.jar is 94ab7fcaef3ca73257571585f1b4142b
Running dexing transform non-incrementally for '/opt/gradle/.gradle/caches/9.3.1/transforms/25c94882e1b290860e5fb28b1e4a9847/transformed/jetified-lifecycle-viewmodel-release-runtime.jar'
Running dexing transform non-incrementally for '/opt/gradle/.gradle/caches/9.3.1/transforms/52cacb53cf50d2edd6508aea94ef4445/transformed/jetified-lifecycle-common-jvm-2.8.7.jar'
Build cache key for DexingNoClasspathTransform: /opt/gradle/.gradle/caches/9.3.1/transforms/ca664b69679370e03d584bf5e8325bc5/transformed/jetified-lifecycle-livedata-core-ktx-2.8.7-runtime.jar is c11d0312c24c7bc1a95a750b08a0107d
Running dexing transform non-incrementally for '/opt/gradle/.gradle/caches/9.3.1/transforms/ca664b69679370e03d584bf5e8325bc5/transformed/jetified-lifecycle-livedata-core-ktx-2.8.7-runtime.jar'
Stored cache entry for DexingNoClasspathTransform: /opt/gradle/.gradle/caches/9.3.1/transforms/ca664b69679370e03d584bf5e8325bc5/transformed/jetified-lifecycle-livedata-core-ktx-2.8.7-runtime.jar with cache key c11d0312c24c7bc1a95a750b08a0107d
Caching disabled for DexingOutputSplitTransform: /opt/gradle/.gradle/caches/9.3.1/transforms/969e4cb31a544992c54b5610d775b3ab/transformed/jetified-lifecycle-livedata-core-ktx-2.8.7-runtime because:
  Caching not enabled.
Build cache key for DexingNoClasspathTransform: /opt/gradle/.gradle/caches/modules-2/files-2.1/androidx.lifecycle/lifecycle-common-java8/2.8.7/2ad14aed781c4a73ed4dbb421966d408a0a06686/lifecycle-common-java8-2.8.7.jar is 7c808fec05819ea248885f83d9b02ff5
Running dexing transform non-incrementally for '/opt/gradle/.gradle/caches/modules-2/files-2.1/androidx.lifecycle/lifecycle-common-java8/2.8.7/2ad14aed781c4a73ed4dbb421966d408a0a06686/lifecycle-common-java8-2.8.7.jar'
Stored cache entry for DexingNoClasspathTransform: /opt/gradle/.gradle/caches/modules-2/files-2.1/androidx.lifecycle/lifecycle-common-java8/2.8.7/2ad14aed781c4a73ed4dbb421966d408a0a06686/lifecycle-common-java8-2.8.7.jar with cache key 7c808fec05819ea248885f83d9b02ff5
Caching disabled for DexingOutputSplitTransform: /opt/gradle/.gradle/caches/9.3.1/transforms/bed44168481de64fc0ba383df30144d3/transformed/lifecycle-common-java8-2.8.7 because:
  Caching not enabled.
Caching disabled for IdentityTransform: /opt/gradle/.gradle/caches/9.3.1/transforms/636763af79e935a6a94a54e333cd3fc0/transformed/jetified-lifecycle-viewmodel-savedstate-2.8.7-runtime.jar because:
  Caching not enabled.
Build cache key for DexingNoClasspathTransform: /opt/gradle/.gradle/caches/9.3.1/transforms/636763af79e935a6a94a54e333cd3fc0/transformed/jetified-lifecycle-viewmodel-savedstate-2.8.7-runtime.jar is 57ad67a2168b4d5a111ac9c0711e6c4b
Running dexing transform non-incrementally for '/opt/gradle/.gradle/caches/9.3.1/transforms/636763af79e935a6a94a54e333cd3fc0/transformed/jetified-lifecycle-viewmodel-savedstate-2.8.7-runtime.jar'
Invalidating in-memory cache of /opt/gradle/.gradle/caches/9.3.1/fileHashes/kotlinDslCompileAvoidanceClasspathHashCache.bin
Invalidating in-memory cache of /opt/gradle/.gradle/caches/9.3.1/fileHashes/fileHashes.bin
Invalidating in-memory cache of /opt/gradle/.gradle/caches/9.3.1/fileHashes/resourceHashesCache.bin
Invalidating in-memory cache of /opt/gradle/.gradle/caches/journal-1/file-access.bin
Stored cache entry for DexingNoClasspathTransform: /opt/gradle/.gradle/caches/9.3.1/transforms/636763af79e935a6a94a54e333cd3fc0/transformed/jetified-lifecycle-viewmodel-savedstate-2.8.7-runtime.jar with cache key 57ad67a2168b4d5a111ac9c0711e6c4b
Stored cache entry for DexingNoClasspathTransform: /opt/gradle/.gradle/caches/9.3.1/transforms/52cacb53cf50d2edd6508aea94ef4445/transformed/jetified-lifecycle-common-jvm-2.8.7.jar with cache key d0d7e1692ca8dd64063468efcaf3c980
Stored cache entry for DexingNoClasspathTransform: /opt/gradle/.gradle/caches/9.3.1/transforms/25c94882e1b290860e5fb28b1e4a9847/transformed/jetified-lifecycle-viewmodel-release-runtime.jar with cache key 94ab7fcaef3ca73257571585f1b4142b
Caching disabled for DexingOutputSplitTransform: /opt/gradle/.gradle/caches/9.3.1/transforms/2643d14601a2b491fc0bdf2a9a83995d/transformed/jetified-lifecycle-viewmodel-savedstate-2.8.7-runtime because:
  Caching not enabled.
Caching disabled for DexingOutputSplitTransform: /opt/gradle/.gradle/caches/9.3.1/transforms/ec0d4e219a4ba0c06efbb8421b17afa1/transformed/jetified-lifecycle-common-jvm-2.8.7 because:
  Caching not enabled.
Caching disabled for DexingOutputSplitTransform: /opt/gradle/.gradle/caches/9.3.1/transforms/e415e5018ef68a665ab8aea7a3599f75/transformed/jetified-lifecycle-viewmodel-release-runtime because:
  Caching not enabled.
Caching disabled for IdentityTransform: /opt/gradle/.gradle/caches/9.3.1/transforms/6ee78d4ce6304ca2b92a07227efc369b/transformed/jetified-lifecycle-viewmodel-ktx-2.8.7-runtime.jar because:
  Caching not enabled.
Caching disabled for IdentityTransform: /opt/gradle/.gradle/caches/9.3.1/transforms/8210295ab6d10fcca5028da5ca8f55d5/transformed/lifecycle-livedata-core-2.8.7-runtime.jar because:
  Caching not enabled.
Caching disabled for IdentityTransform: /opt/gradle/.gradle/caches/9.3.1/transforms/23a55853188ed856a229deb19476aee4/transformed/lifecycle-livedata-2.8.7-runtime.jar because:
  Caching not enabled.
Build cache key for DexingNoClasspathTransform: /opt/gradle/.gradle/caches/9.3.1/transforms/23a55853188ed856a229deb19476aee4/transformed/lifecycle-livedata-2.8.7-runtime.jar is 30ce81128058370ca17163547d8dc69b
Build cache key for DexingNoClasspathTransform: /opt/gradle/.gradle/caches/9.3.1/transforms/6ee78d4ce6304ca2b92a07227efc369b/transformed/jetified-lifecycle-viewmodel-ktx-2.8.7-runtime.jar is 609df744e7a8349eb8044758533bcaf0
Build cache key for DexingNoClasspathTransform: /opt/gradle/.gradle/caches/9.3.1/transforms/8210295ab6d10fcca5028da5ca8f55d5/transformed/lifecycle-livedata-core-2.8.7-runtime.jar is dfd4eac69645c11fbb3154251901775e
Running dexing transform non-incrementally for '/opt/gradle/.gradle/caches/9.3.1/transforms/23a55853188ed856a229deb19476aee4/transformed/lifecycle-livedata-2.8.7-runtime.jar'
Running dexing transform non-incrementally for '/opt/gradle/.gradle/caches/9.3.1/transforms/6ee78d4ce6304ca2b92a07227efc369b/transformed/jetified-lifecycle-viewmodel-ktx-2.8.7-runtime.jar'
Running dexing transform non-incrementally for '/opt/gradle/.gradle/caches/9.3.1/transforms/8210295ab6d10fcca5028da5ca8f55d5/transformed/lifecycle-livedata-core-2.8.7-runtime.jar'
Stored cache entry for DexingNoClasspathTransform: /opt/gradle/.gradle/caches/9.3.1/transforms/6ee78d4ce6304ca2b92a07227efc369b/transformed/jetified-lifecycle-viewmodel-ktx-2.8.7-runtime.jar with cache key 609df744e7a8349eb8044758533bcaf0
Caching disabled for DexingOutputSplitTransform: /opt/gradle/.gradle/caches/9.3.1/transforms/210889f4ae61b760b9cb7defffd18ff0/transformed/jetified-lifecycle-viewmodel-ktx-2.8.7-runtime because:
  Caching not enabled.
Stored cache entry for DexingNoClasspathTransform: /opt/gradle/.gradle/caches/9.3.1/transforms/8210295ab6d10fcca5028da5ca8f55d5/transformed/lifecycle-livedata-core-2.8.7-runtime.jar with cache key dfd4eac69645c11fbb3154251901775e
Caching disabled for DexingOutputSplitTransform: /opt/gradle/.gradle/caches/9.3.1/transforms/6309e0b43b1bf39793794c911f881972/transformed/lifecycle-livedata-core-2.8.7-runtime because:
  Caching not enabled.
Caching disabled for IdentityTransform: /opt/gradle/.gradle/caches/9.3.1/transforms/c2aec8d9574bd3d244a80680ef34c831/transformed/jetified-lifecycle-runtime-ktx-release-runtime.jar because:
  Caching not enabled.
Build cache key for DexingNoClasspathTransform: /opt/gradle/.gradle/caches/9.3.1/transforms/c2aec8d9574bd3d244a80680ef34c831/transformed/jetified-lifecycle-runtime-ktx-release-runtime.jar is 5282e201817c82c6f76759183fa5c69a
Running dexing transform non-incrementally for '/opt/gradle/.gradle/caches/9.3.1/transforms/c2aec8d9574bd3d244a80680ef34c831/transformed/jetified-lifecycle-runtime-ktx-release-runtime.jar'
Stored cache entry for DexingNoClasspathTransform: /opt/gradle/.gradle/caches/9.3.1/transforms/c2aec8d9574bd3d244a80680ef34c831/transformed/jetified-lifecycle-runtime-ktx-release-runtime.jar with cache key 5282e201817c82c6f76759183fa5c69a
Caching disabled for DexingOutputSplitTransform: /opt/gradle/.gradle/caches/9.3.1/transforms/434ec154449f3dad5ddd5212ddd5ae86/transformed/jetified-lifecycle-runtime-ktx-release-runtime because:
  Caching not enabled.
Caching disabled for IdentityTransform: /opt/gradle/.gradle/caches/9.3.1/transforms/d51a9363a22abb67722f3270eca67e2d/transformed/jetified-lifecycle-runtime-compose-release-runtime.jar because:
  Caching not enabled.
Build cache key for DexingNoClasspathTransform: /opt/gradle/.gradle/caches/9.3.1/transforms/d51a9363a22abb67722f3270eca67e2d/transformed/jetified-lifecycle-runtime-compose-release-runtime.jar is e492258b0b4cb701109188928399a650
Running dexing transform non-incrementally for '/opt/gradle/.gradle/caches/9.3.1/transforms/d51a9363a22abb67722f3270eca67e2d/transformed/jetified-lifecycle-runtime-compose-release-runtime.jar'
Stored cache entry for DexingNoClasspathTransform: /opt/gradle/.gradle/caches/9.3.1/transforms/23a55853188ed856a229deb19476aee4/transformed/lifecycle-livedata-2.8.7-runtime.jar with cache key 30ce81128058370ca17163547d8dc69b
Caching disabled for DexingOutputSplitTransform: /opt/gradle/.gradle/caches/9.3.1/transforms/2dfa003c64a68503c8d899bc63443e34/transformed/lifecycle-livedata-2.8.7-runtime because:
  Caching not enabled.
Caching disabled for IdentityTransform: /opt/gradle/.gradle/caches/9.3.1/transforms/1ce64046ae8088f17bf213854aa6f298/transformed/jetified-lifecycle-viewmodel-compose-release-runtime.jar because:
  Caching not enabled.
Caching disabled for IdentityTransform: /opt/gradle/.gradle/caches/9.3.1/transforms/f829a1b28fc8f9b8468e8734a47341e5/transformed/jetified-material-icons-extended-release-runtime.jar because:
  Caching not enabled.
Build cache key for DexingNoClasspathTransform: /opt/gradle/.gradle/caches/9.3.1/transforms/f829a1b28fc8f9b8468e8734a47341e5/transformed/jetified-material-icons-extended-release-runtime.jar is 7857b5592b7204e098339fcec76faa66
Build cache key for DexingNoClasspathTransform: /opt/gradle/.gradle/caches/9.3.1/transforms/1ce64046ae8088f17bf213854aa6f298/transformed/jetified-lifecycle-viewmodel-compose-release-runtime.jar is 7ab91d4a48c7f406067d54d8f50d844c
Running dexing transform non-incrementally for '/opt/gradle/.gradle/caches/9.3.1/transforms/1ce64046ae8088f17bf213854aa6f298/transformed/jetified-lifecycle-viewmodel-compose-release-runtime.jar'
Running dexing transform non-incrementally for '/opt/gradle/.gradle/caches/9.3.1/transforms/f829a1b28fc8f9b8468e8734a47341e5/transformed/jetified-material-icons-extended-release-runtime.jar'
Stored cache entry for DexingNoClasspathTransform: /opt/gradle/.gradle/caches/9.3.1/transforms/1ce64046ae8088f17bf213854aa6f298/transformed/jetified-lifecycle-viewmodel-compose-release-runtime.jar with cache key 7ab91d4a48c7f406067d54d8f50d844c
Caching disabled for DexingOutputSplitTransform: /opt/gradle/.gradle/caches/9.3.1/transforms/21a3b495f8afc41f335e7cdbb9002433/transformed/jetified-lifecycle-viewmodel-compose-release-runtime because:
  Caching not enabled.
Caching disabled for IdentityTransform: /opt/gradle/.gradle/caches/9.3.1/transforms/f2db382119c4e39b6e4c8b9de4d21a63/transformed/jetified-material-icons-core-release-runtime.jar because:
  Caching not enabled.
Build cache key for DexingNoClasspathTransform: /opt/gradle/.gradle/caches/9.3.1/transforms/f2db382119c4e39b6e4c8b9de4d21a63/transformed/jetified-material-icons-core-release-runtime.jar is 5a9b5e220888b8550e9f8e0a6bf00794
Running dexing transform non-incrementally for '/opt/gradle/.gradle/caches/9.3.1/transforms/f2db382119c4e39b6e4c8b9de4d21a63/transformed/jetified-material-icons-core-release-runtime.jar'
Stored cache entry for DexingNoClasspathTransform: /opt/gradle/.gradle/caches/9.3.1/transforms/d51a9363a22abb67722f3270eca67e2d/transformed/jetified-lifecycle-runtime-compose-release-runtime.jar with cache key e492258b0b4cb701109188928399a650
Caching disabled for DexingOutputSplitTransform: /opt/gradle/.gradle/caches/9.3.1/transforms/6cc949773836cdf199b58bf5c725f348/transformed/jetified-lifecycle-runtime-compose-release-runtime because:
  Caching not enabled.
Caching disabled for IdentityTransform: /opt/gradle/.gradle/caches/9.3.1/transforms/ce5b56876ce0e4e5664dd8c6724db040/transformed/jetified-accompanist-drawablepainter-0.32.0-runtime.jar because:
  Caching not enabled.
Build cache key for DexingNoClasspathTransform: /opt/gradle/.gradle/caches/9.3.1/transforms/ce5b56876ce0e4e5664dd8c6724db040/transformed/jetified-accompanist-drawablepainter-0.32.0-runtime.jar is bf0e696c985d6876a12aac9ec4d091ec
Running dexing transform non-incrementally for '/opt/gradle/.gradle/caches/9.3.1/transforms/ce5b56876ce0e4e5664dd8c6724db040/transformed/jetified-accompanist-drawablepainter-0.32.0-runtime.jar'
Stored cache entry for DexingNoClasspathTransform: /opt/gradle/.gradle/caches/9.3.1/transforms/ce5b56876ce0e4e5664dd8c6724db040/transformed/jetified-accompanist-drawablepainter-0.32.0-runtime.jar with cache key bf0e696c985d6876a12aac9ec4d091ec
Caching disabled for DexingOutputSplitTransform: /opt/gradle/.gradle/caches/9.3.1/transforms/923977df2550cc0b9ddf120a912deb77/transformed/jetified-accompanist-drawablepainter-0.32.0-runtime because:
  Caching not enabled.
Caching disabled for IdentityTransform: /opt/gradle/.gradle/caches/9.3.1/transforms/f04c82a349bfe1634bc35fe7bed17780/transformed/jetified-ui-release-runtime.jar because:
  Caching not enabled.
Build cache key for DexingNoClasspathTransform: /opt/gradle/.gradle/caches/9.3.1/transforms/f04c82a349bfe1634bc35fe7bed17780/transformed/jetified-ui-release-runtime.jar is b72bbe5da93f96804b50d7b6355664eb
Running dexing transform non-incrementally for '/opt/gradle/.gradle/caches/9.3.1/transforms/f04c82a349bfe1634bc35fe7bed17780/transformed/jetified-ui-release-runtime.jar'
Invalidating in-memory cache of /opt/gradle/.gradle/caches/9.3.1/fileHashes/kotlinDslCompileAvoidanceClasspathHashCache.bin
Invalidating in-memory cache of /opt/gradle/.gradle/caches/9.3.1/fileHashes/fileHashes.bin
Invalidating in-memory cache of /opt/gradle/.gradle/caches/9.3.1/fileHashes/resourceHashesCache.bin
Invalidating in-memory cache of /opt/gradle/.gradle/caches/journal-1/file-access.bin
Stored cache entry for DexingNoClasspathTransform: /opt/gradle/.gradle/caches/9.3.1/transforms/429f48e9248e603fc80ca097f08d6f92/transformed/appcompat-1.6.1-runtime.jar with cache key 1cc3b419b82d8f71da187851f5abf8dd
Caching disabled for DexingOutputSplitTransform: /opt/gradle/.gradle/caches/9.3.1/transforms/e6f8f693c7c398a75630069de13e9cf6/transformed/appcompat-1.6.1-runtime because:
  Caching not enabled.
Caching disabled for IdentityTransform: /opt/gradle/.gradle/caches/9.3.1/transforms/ff97c32417e2629a2efb29b5a305bbb4/transformed/jetified-activity-ktx-1.9.3-runtime.jar because:
  Caching not enabled.
Build cache key for DexingNoClasspathTransform: /opt/gradle/.gradle/caches/9.3.1/transforms/ff97c32417e2629a2efb29b5a305bbb4/transformed/jetified-activity-ktx-1.9.3-runtime.jar is 5ef7ad898a76f12df98e2f5dc32e2d89
Running dexing transform non-incrementally for '/opt/gradle/.gradle/caches/9.3.1/transforms/ff97c32417e2629a2efb29b5a305bbb4/transformed/jetified-activity-ktx-1.9.3-runtime.jar'
Stored cache entry for DexingNoClasspathTransform: /opt/gradle/.gradle/caches/9.3.1/transforms/ff97c32417e2629a2efb29b5a305bbb4/transformed/jetified-activity-ktx-1.9.3-runtime.jar with cache key 5ef7ad898a76f12df98e2f5dc32e2d89
Caching disabled for DexingOutputSplitTransform: /opt/gradle/.gradle/caches/9.3.1/transforms/0d8284dfe8b999bfa6026e7e6528da9d/transformed/jetified-activity-ktx-1.9.3-runtime because:
  Caching not enabled.
Caching disabled for IdentityTransform: /opt/gradle/.gradle/caches/9.3.1/transforms/9e508b40f8e6c72afd58529a93052d73/transformed/jetified-activity-compose-1.9.3-runtime.jar because:
  Caching not enabled.
Build cache key for DexingNoClasspathTransform: /opt/gradle/.gradle/caches/9.3.1/transforms/9e508b40f8e6c72afd58529a93052d73/transformed/jetified-activity-compose-1.9.3-runtime.jar is f2daeb90c8a88ecbae43e487282b749e
Running dexing transform non-incrementally for '/opt/gradle/.gradle/caches/9.3.1/transforms/9e508b40f8e6c72afd58529a93052d73/transformed/jetified-activity-compose-1.9.3-runtime.jar'
Stored cache entry for DexingNoClasspathTransform: /opt/gradle/.gradle/caches/9.3.1/transforms/9e508b40f8e6c72afd58529a93052d73/transformed/jetified-activity-compose-1.9.3-runtime.jar with cache key f2daeb90c8a88ecbae43e487282b749e
Caching disabled for DexingOutputSplitTransform: /opt/gradle/.gradle/caches/9.3.1/transforms/636ab52e13ce3f7ab246556ec9d03c18/transformed/jetified-activity-compose-1.9.3-runtime because:
  Caching not enabled.
Caching disabled for IdentityTransform: /opt/gradle/.gradle/caches/9.3.1/transforms/8dc77e0ea8ad4273e6131e10c9071fa0/transformed/jetified-autofill-1.0.0-runtime.jar because:
  Caching not enabled.
Build cache key for DexingNoClasspathTransform: /opt/gradle/.gradle/caches/9.3.1/transforms/8dc77e0ea8ad4273e6131e10c9071fa0/transformed/jetified-autofill-1.0.0-runtime.jar is 993bd26db8c878074ffff9a88d4002c2
Running dexing transform non-incrementally for '/opt/gradle/.gradle/caches/9.3.1/transforms/8dc77e0ea8ad4273e6131e10c9071fa0/transformed/jetified-autofill-1.0.0-runtime.jar'
Stored cache entry for DexingNoClasspathTransform: /opt/gradle/.gradle/caches/9.3.1/transforms/8dc77e0ea8ad4273e6131e10c9071fa0/transformed/jetified-autofill-1.0.0-runtime.jar with cache key 993bd26db8c878074ffff9a88d4002c2
Caching disabled for DexingOutputSplitTransform: /opt/gradle/.gradle/caches/9.3.1/transforms/be736a7f2cccd7127bb028be7893a7ff/transformed/jetified-autofill-1.0.0-runtime because:
  Caching not enabled.
Caching disabled for IdentityTransform: /opt/gradle/.gradle/caches/9.3.1/transforms/89d3f932b536eb563d4a8b959a02e906/transformed/jetified-graphics-path-1.0.1-runtime.jar because:
  Caching not enabled.
Build cache key for DexingNoClasspathTransform: /opt/gradle/.gradle/caches/9.3.1/transforms/89d3f932b536eb563d4a8b959a02e906/transformed/jetified-graphics-path-1.0.1-runtime.jar is a9c9b2ee0d0ea2f9b76a8bddddd82a79
Running dexing transform non-incrementally for '/opt/gradle/.gradle/caches/9.3.1/transforms/89d3f932b536eb563d4a8b959a02e906/transformed/jetified-graphics-path-1.0.1-runtime.jar'
Stored cache entry for DexingNoClasspathTransform: /opt/gradle/.gradle/caches/9.3.1/transforms/89d3f932b536eb563d4a8b959a02e906/transformed/jetified-graphics-path-1.0.1-runtime.jar with cache key a9c9b2ee0d0ea2f9b76a8bddddd82a79
Caching disabled for DexingOutputSplitTransform: /opt/gradle/.gradle/caches/9.3.1/transforms/c407039f928eda7b280214a97186d2c4/transformed/jetified-graphics-path-1.0.1-runtime because:
  Caching not enabled.
Caching disabled for IdentityTransform: /opt/gradle/.gradle/caches/9.3.1/transforms/e3cea999178a8a12001d5d917c93a811/transformed/vectordrawable-animated-1.1.0-runtime.jar because:
  Caching not enabled.
Build cache key for DexingNoClasspathTransform: /opt/gradle/.gradle/caches/9.3.1/transforms/e3cea999178a8a12001d5d917c93a811/transformed/vectordrawable-animated-1.1.0-runtime.jar is 7ba634d9818412b882713d76f677bba0
Running dexing transform non-incrementally for '/opt/gradle/.gradle/caches/9.3.1/transforms/e3cea999178a8a12001d5d917c93a811/transformed/vectordrawable-animated-1.1.0-runtime.jar'
Stored cache entry for DexingNoClasspathTransform: /opt/gradle/.gradle/caches/9.3.1/transforms/e3cea999178a8a12001d5d917c93a811/transformed/vectordrawable-animated-1.1.0-runtime.jar with cache key 7ba634d9818412b882713d76f677bba0
Caching disabled for DexingOutputSplitTransform: /opt/gradle/.gradle/caches/9.3.1/transforms/da0f61a0d5352775cf2c9d602d712f69/transformed/vectordrawable-animated-1.1.0-runtime because:
  Caching not enabled.
Caching disabled for IdentityTransform: /opt/gradle/.gradle/caches/9.3.1/transforms/647587f9c91a28f01a2a1aa00a2d01d9/transformed/vectordrawable-1.1.0-runtime.jar because:
  Caching not enabled.
Build cache key for DexingNoClasspathTransform: /opt/gradle/.gradle/caches/9.3.1/transforms/647587f9c91a28f01a2a1aa00a2d01d9/transformed/vectordrawable-1.1.0-runtime.jar is 0b0019a3f55cd4346b6ed26b574ca338
Running dexing transform non-incrementally for '/opt/gradle/.gradle/caches/9.3.1/transforms/647587f9c91a28f01a2a1aa00a2d01d9/transformed/vectordrawable-1.1.0-runtime.jar'
Stored cache entry for DexingNoClasspathTransform: /opt/gradle/.gradle/caches/9.3.1/transforms/647587f9c91a28f01a2a1aa00a2d01d9/transformed/vectordrawable-1.1.0-runtime.jar with cache key 0b0019a3f55cd4346b6ed26b574ca338
Caching disabled for DexingOutputSplitTransform: /opt/gradle/.gradle/caches/9.3.1/transforms/e1991b3ac8514ea072942a001e0f42ae/transformed/vectordrawable-1.1.0-runtime because:
  Caching not enabled.
Caching disabled for IdentityTransform: /opt/gradle/.gradle/caches/9.3.1/transforms/708fde9a97a0ffa0eef77f279ba592d4/transformed/drawerlayout-1.0.0-runtime.jar because:
  Caching not enabled.
Build cache key for DexingNoClasspathTransform: /opt/gradle/.gradle/caches/9.3.1/transforms/708fde9a97a0ffa0eef77f279ba592d4/transformed/drawerlayout-1.0.0-runtime.jar is 8cc38ceba069340dfe170aa59417237d
Running dexing transform non-incrementally for '/opt/gradle/.gradle/caches/9.3.1/transforms/708fde9a97a0ffa0eef77f279ba592d4/transformed/drawerlayout-1.0.0-runtime.jar'
Stored cache entry for DexingNoClasspathTransform: /opt/gradle/.gradle/caches/9.3.1/transforms/708fde9a97a0ffa0eef77f279ba592d4/transformed/drawerlayout-1.0.0-runtime.jar with cache key 8cc38ceba069340dfe170aa59417237d
Caching disabled for DexingOutputSplitTransform: /opt/gradle/.gradle/caches/9.3.1/transforms/6262335c57f88d89c0eb09a28e2d3321/transformed/drawerlayout-1.0.0-runtime because:
  Caching not enabled.
Caching disabled for IdentityTransform: /opt/gradle/.gradle/caches/9.3.1/transforms/1e527ecab19bc3402c4204cea19e57c1/transformed/viewpager-1.0.0-runtime.jar because:
  Caching not enabled.
Build cache key for DexingNoClasspathTransform: /opt/gradle/.gradle/caches/9.3.1/transforms/1e527ecab19bc3402c4204cea19e57c1/transformed/viewpager-1.0.0-runtime.jar is 25c967a2ed26d60920e0dec24ba52b12
Running dexing transform non-incrementally for '/opt/gradle/.gradle/caches/9.3.1/transforms/1e527ecab19bc3402c4204cea19e57c1/transformed/viewpager-1.0.0-runtime.jar'
INFO: D8: Stripped invalid locals information from 1 method.
INFO: /opt/gradle/.gradle/caches/9.3.1/transforms/1e527ecab19bc3402c4204cea19e57c1/transformed/viewpager-1.0.0-runtime.jar: D8: Methods with invalid locals information:
  void androidx.viewpager.widget.PagerTitleStrip.updateTextPositions(int, float, boolean)
  Information in locals-table is invalid with respect to the stack map table. Local refers to non-present stack map type for register: 37 with constraint INT.
INFO: D8: Some warnings are typically a sign of using an outdated Java toolchain. To fix, recompile the source with an updated toolchain.
Stored cache entry for DexingNoClasspathTransform: /opt/gradle/.gradle/caches/9.3.1/transforms/1e527ecab19bc3402c4204cea19e57c1/transformed/viewpager-1.0.0-runtime.jar with cache key 25c967a2ed26d60920e0dec24ba52b12
Caching disabled for DexingOutputSplitTransform: /opt/gradle/.gradle/caches/9.3.1/transforms/84a49a08934d17a29ed3ef1886c84510/transformed/viewpager-1.0.0-runtime because:
  Caching not enabled.
Caching disabled for IdentityTransform: /opt/gradle/.gradle/caches/9.3.1/transforms/d7b2bdc2dedaf1dd9ab0f92c5c71d85a/transformed/customview-1.0.0-runtime.jar because:
  Caching not enabled.
Build cache key for DexingNoClasspathTransform: /opt/gradle/.gradle/caches/9.3.1/transforms/d7b2bdc2dedaf1dd9ab0f92c5c71d85a/transformed/customview-1.0.0-runtime.jar is 7919f3713ff3547f5fd6fe6cd0a3ef12
Running dexing transform non-incrementally for '/opt/gradle/.gradle/caches/9.3.1/transforms/d7b2bdc2dedaf1dd9ab0f92c5c71d85a/transformed/customview-1.0.0-runtime.jar'
Stored cache entry for DexingNoClasspathTransform: /opt/gradle/.gradle/caches/9.3.1/transforms/f2db382119c4e39b6e4c8b9de4d21a63/transformed/jetified-material-icons-core-release-runtime.jar with cache key 5a9b5e220888b8550e9f8e0a6bf00794
Caching disabled for DexingOutputSplitTransform: /opt/gradle/.gradle/caches/9.3.1/transforms/aafb2dcb624602b0134ee50448533742/transformed/jetified-material-icons-core-release-runtime because:
  Caching not enabled.
Stored cache entry for DexingNoClasspathTransform: /opt/gradle/.gradle/caches/9.3.1/transforms/d7b2bdc2dedaf1dd9ab0f92c5c71d85a/transformed/customview-1.0.0-runtime.jar with cache key 7919f3713ff3547f5fd6fe6cd0a3ef12
Caching disabled for DexingOutputSplitTransform: /opt/gradle/.gradle/caches/9.3.1/transforms/c4c30571eb20198add0759dbf2f43051/transformed/customview-1.0.0-runtime because:
  Caching not enabled.
Caching disabled for IdentityTransform: /opt/gradle/.gradle/caches/9.3.1/transforms/8d41220c17574dc2aa9927fdff4d0061/transformed/core-1.15.0-runtime.jar because:
  Caching not enabled.
Build cache key for DexingNoClasspathTransform: /opt/gradle/.gradle/caches/9.3.1/transforms/8d41220c17574dc2aa9927fdff4d0061/transformed/core-1.15.0-runtime.jar is 3fb98859019740667e7ea8de71735d70
Running dexing transform non-incrementally for '/opt/gradle/.gradle/caches/9.3.1/transforms/8d41220c17574dc2aa9927fdff4d0061/transformed/core-1.15.0-runtime.jar'
Invalidating in-memory cache of /opt/gradle/.gradle/caches/9.3.1/fileHashes/kotlinDslCompileAvoidanceClasspathHashCache.bin
Invalidating in-memory cache of /opt/gradle/.gradle/caches/9.3.1/fileHashes/fileHashes.bin
Invalidating in-memory cache of /opt/gradle/.gradle/caches/9.3.1/fileHashes/resourceHashesCache.bin
Invalidating in-memory cache of /opt/gradle/.gradle/caches/journal-1/file-access.bin
Stored cache entry for DexingNoClasspathTransform: /opt/gradle/.gradle/caches/9.3.1/transforms/8d41220c17574dc2aa9927fdff4d0061/transformed/core-1.15.0-runtime.jar with cache key 3fb98859019740667e7ea8de71735d70
Caching disabled for DexingOutputSplitTransform: /opt/gradle/.gradle/caches/9.3.1/transforms/6ad71212123ffde52d6799f663acec92/transformed/core-1.15.0-runtime because:
  Caching not enabled.
Caching disabled for IdentityTransform: /opt/gradle/.gradle/caches/9.3.1/transforms/29f061af0b82eb3553fabbbe03c93d9b/transformed/jetified-customview-poolingcontainer-1.0.0-runtime.jar because:
  Caching not enabled.
Caching disabled for IdentityTransform: /opt/gradle/.gradle/caches/9.3.1/transforms/c08e2cca21d4558b0752fb8b1af5619e/transformed/jetified-core-ktx-1.15.0-runtime.jar because:
  Caching not enabled.
Build cache key for DexingNoClasspathTransform: /opt/gradle/.gradle/caches/9.3.1/transforms/29f061af0b82eb3553fabbbe03c93d9b/transformed/jetified-customview-poolingcontainer-1.0.0-runtime.jar is 6f56537d921125d48d16587193b20a27
Running dexing transform non-incrementally for '/opt/gradle/.gradle/caches/9.3.1/transforms/29f061af0b82eb3553fabbbe03c93d9b/transformed/jetified-customview-poolingcontainer-1.0.0-runtime.jar'
Build cache key for DexingNoClasspathTransform: /opt/gradle/.gradle/caches/9.3.1/transforms/c08e2cca21d4558b0752fb8b1af5619e/transformed/jetified-core-ktx-1.15.0-runtime.jar is a7964c48db10f7f1a02ff43cfd754397
Running dexing transform non-incrementally for '/opt/gradle/.gradle/caches/9.3.1/transforms/c08e2cca21d4558b0752fb8b1af5619e/transformed/jetified-core-ktx-1.15.0-runtime.jar'
Stored cache entry for DexingNoClasspathTransform: /opt/gradle/.gradle/caches/9.3.1/transforms/29f061af0b82eb3553fabbbe03c93d9b/transformed/jetified-customview-poolingcontainer-1.0.0-runtime.jar with cache key 6f56537d921125d48d16587193b20a27
Caching disabled for DexingOutputSplitTransform: /opt/gradle/.gradle/caches/9.3.1/transforms/93234f9bb0ef33e06b2e62f054fb268e/transformed/jetified-customview-poolingcontainer-1.0.0-runtime because:
  Caching not enabled.
Build cache key for DexingNoClasspathTransform: /opt/gradle/.gradle/caches/modules-2/files-2.1/androidx.room/room-common/2.6.1/ff1b9580850a9b7eef56554e356628d225785265/room-common-2.6.1.jar is 278c0ddbdf8b630e7fc15e64d0de1f56
Running dexing transform non-incrementally for '/opt/gradle/.gradle/caches/modules-2/files-2.1/androidx.room/room-common/2.6.1/ff1b9580850a9b7eef56554e356628d225785265/room-common-2.6.1.jar'
Stored cache entry for DexingNoClasspathTransform: /opt/gradle/.gradle/caches/modules-2/files-2.1/androidx.room/room-common/2.6.1/ff1b9580850a9b7eef56554e356628d225785265/room-common-2.6.1.jar with cache key 278c0ddbdf8b630e7fc15e64d0de1f56
Caching disabled for DexingOutputSplitTransform: /opt/gradle/.gradle/caches/9.3.1/transforms/1638d35cf6b5a781e2a002370d1b082f/transformed/room-common-2.6.1 because:
  Caching not enabled.
Caching disabled for IdentityTransform: /opt/gradle/.gradle/caches/9.3.1/transforms/35318b03587967cbee7adeb651f0a672/transformed/room-runtime-2.6.1-runtime.jar because:
  Caching not enabled.
Build cache key for DexingNoClasspathTransform: /opt/gradle/.gradle/caches/9.3.1/transforms/35318b03587967cbee7adeb651f0a672/transformed/room-runtime-2.6.1-runtime.jar is 497b68384d8c41523866b545ac0abc04
Running dexing transform non-incrementally for '/opt/gradle/.gradle/caches/9.3.1/transforms/35318b03587967cbee7adeb651f0a672/transformed/room-runtime-2.6.1-runtime.jar'
Stored cache entry for DexingNoClasspathTransform: /opt/gradle/.gradle/caches/9.3.1/transforms/c08e2cca21d4558b0752fb8b1af5619e/transformed/jetified-core-ktx-1.15.0-runtime.jar with cache key a7964c48db10f7f1a02ff43cfd754397
Caching disabled for DexingOutputSplitTransform: /opt/gradle/.gradle/caches/9.3.1/transforms/145eb2b82e7d24e5946000fba05350eb/transformed/jetified-core-ktx-1.15.0-runtime because:
  Caching not enabled.
Caching disabled for IdentityTransform: /opt/gradle/.gradle/caches/9.3.1/transforms/4260546b2448105ed2a1ad3c63284040/transformed/jetified-room-ktx-2.6.1-runtime.jar because:
  Caching not enabled.
Build cache key for DexingNoClasspathTransform: /opt/gradle/.gradle/caches/9.3.1/transforms/4260546b2448105ed2a1ad3c63284040/transformed/jetified-room-ktx-2.6.1-runtime.jar is 69b12276e2f7e3a9a9b496ad159af70e
Running dexing transform non-incrementally for '/opt/gradle/.gradle/caches/9.3.1/transforms/4260546b2448105ed2a1ad3c63284040/transformed/jetified-room-ktx-2.6.1-runtime.jar'
Stored cache entry for DexingNoClasspathTransform: /opt/gradle/.gradle/caches/9.3.1/transforms/4260546b2448105ed2a1ad3c63284040/transformed/jetified-room-ktx-2.6.1-runtime.jar with cache key 69b12276e2f7e3a9a9b496ad159af70e
Caching disabled for DexingOutputSplitTransform: /opt/gradle/.gradle/caches/9.3.1/transforms/e86cead2351957dbe7a7a554dc8446de/transformed/jetified-room-ktx-2.6.1-runtime because:
  Caching not enabled.
Build cache key for DexingNoClasspathTransform: /opt/gradle/.gradle/caches/9.3.1/transforms/4a2cb8a17842a80fe9591b0bd9ab9fb2/transformed/jetified-concurrent-futures-ktx-1.1.0.jar is 4f53b56d086e964483ee21b8e3c37017
Running dexing transform non-incrementally for '/opt/gradle/.gradle/caches/9.3.1/transforms/4a2cb8a17842a80fe9591b0bd9ab9fb2/transformed/jetified-concurrent-futures-ktx-1.1.0.jar'
Stored cache entry for DexingNoClasspathTransform: /opt/gradle/.gradle/caches/9.3.1/transforms/4a2cb8a17842a80fe9591b0bd9ab9fb2/transformed/jetified-concurrent-futures-ktx-1.1.0.jar with cache key 4f53b56d086e964483ee21b8e3c37017
Caching disabled for DexingOutputSplitTransform: /opt/gradle/.gradle/caches/9.3.1/transforms/05802703e2afa1f69f97ac5f88c581f8/transformed/jetified-concurrent-futures-ktx-1.1.0 because:
  Caching not enabled.
Caching disabled for IdentityTransform: /opt/gradle/.gradle/caches/9.3.1/transforms/6f2ae05a8f909cb7545c891fe58d293b/transformed/jetified-runtime-saveable-release-runtime.jar because:
  Caching not enabled.
Build cache key for DexingNoClasspathTransform: /opt/gradle/.gradle/caches/9.3.1/transforms/6f2ae05a8f909cb7545c891fe58d293b/transformed/jetified-runtime-saveable-release-runtime.jar is f768edd4bf73e799ba8574c17aa10f97
Running dexing transform non-incrementally for '/opt/gradle/.gradle/caches/9.3.1/transforms/6f2ae05a8f909cb7545c891fe58d293b/transformed/jetified-runtime-saveable-release-runtime.jar'
Stored cache entry for DexingNoClasspathTransform: /opt/gradle/.gradle/caches/9.3.1/transforms/6f2ae05a8f909cb7545c891fe58d293b/transformed/jetified-runtime-saveable-release-runtime.jar with cache key f768edd4bf73e799ba8574c17aa10f97
Caching disabled for DexingOutputSplitTransform: /opt/gradle/.gradle/caches/9.3.1/transforms/751e56003751607c165cca5d5a1accd6/transformed/jetified-runtime-saveable-release-runtime because:
  Caching not enabled.
Caching disabled for IdentityTransform: /opt/gradle/.gradle/caches/9.3.1/transforms/92431487b20789d42cf83fc4bd23f2b3/transformed/jetified-runtime-release-runtime.jar because:
  Caching not enabled.
Build cache key for DexingNoClasspathTransform: /opt/gradle/.gradle/caches/9.3.1/transforms/92431487b20789d42cf83fc4bd23f2b3/transformed/jetified-runtime-release-runtime.jar is 46f6737b5233adb1f6a5103e890c3210
Running dexing transform non-incrementally for '/opt/gradle/.gradle/caches/9.3.1/transforms/92431487b20789d42cf83fc4bd23f2b3/transformed/jetified-runtime-release-runtime.jar'
Stored cache entry for DexingNoClasspathTransform: /opt/gradle/.gradle/caches/9.3.1/transforms/35318b03587967cbee7adeb651f0a672/transformed/room-runtime-2.6.1-runtime.jar with cache key 497b68384d8c41523866b545ac0abc04
Caching disabled for DexingOutputSplitTransform: /opt/gradle/.gradle/caches/9.3.1/transforms/31ffa9e476671b1e9af2bf59d4b07f01/transformed/room-runtime-2.6.1-runtime because:
  Caching not enabled.
Build cache key for DexingNoClasspathTransform: /opt/gradle/.gradle/caches/9.3.1/transforms/d5fb549a03208ac0638c7267a8ca9252/transformed/jetified-kotlinx-coroutines-core-jvm-1.10.2.jar is c39a57d092546a9228384a5e7da21bf1
Running dexing transform non-incrementally for '/opt/gradle/.gradle/caches/9.3.1/transforms/d5fb549a03208ac0638c7267a8ca9252/transformed/jetified-kotlinx-coroutines-core-jvm-1.10.2.jar'
Stored cache entry for DexingNoClasspathTransform: /opt/gradle/.gradle/caches/9.3.1/transforms/f04c82a349bfe1634bc35fe7bed17780/transformed/jetified-ui-release-runtime.jar with cache key b72bbe5da93f96804b50d7b6355664eb
Caching disabled for DexingOutputSplitTransform: /opt/gradle/.gradle/caches/9.3.1/transforms/7fa8862334e64182766e43ac02a05ee0/transformed/jetified-ui-release-runtime because:
  Caching not enabled.
Build cache key for DexingNoClasspathTransform: /opt/gradle/.gradle/caches/9.3.1/transforms/0938ccbb01fc05ee55746e1d3a8483f5/transformed/jetified-kotlinx-coroutines-android-1.10.2.jar is 8312d2827a9363b4bdf3c793037de152
Running dexing transform non-incrementally for '/opt/gradle/.gradle/caches/9.3.1/transforms/0938ccbb01fc05ee55746e1d3a8483f5/transformed/jetified-kotlinx-coroutines-android-1.10.2.jar'
Stored cache entry for DexingNoClasspathTransform: /opt/gradle/.gradle/caches/9.3.1/transforms/0938ccbb01fc05ee55746e1d3a8483f5/transformed/jetified-kotlinx-coroutines-android-1.10.2.jar with cache key 8312d2827a9363b4bdf3c793037de152
Caching disabled for DexingOutputSplitTransform: /opt/gradle/.gradle/caches/9.3.1/transforms/64d887bf3a30a277eaf6d71a72709801/transformed/jetified-kotlinx-coroutines-android-1.10.2 because:
  Caching not enabled.
Build cache key for DexingNoClasspathTransform: /opt/gradle/.gradle/caches/9.3.1/transforms/a8ffdfc98bf020321592088b7f8137c9/transformed/jetified-converter-kotlinx-serialization-2.12.0.jar is 40865e78f516042cae6e06efe7ee8f7a
Running dexing transform non-incrementally for '/opt/gradle/.gradle/caches/9.3.1/transforms/a8ffdfc98bf020321592088b7f8137c9/transformed/jetified-converter-kotlinx-serialization-2.12.0.jar'
Stored cache entry for DexingNoClasspathTransform: /opt/gradle/.gradle/caches/9.3.1/transforms/a8ffdfc98bf020321592088b7f8137c9/transformed/jetified-converter-kotlinx-serialization-2.12.0.jar with cache key 40865e78f516042cae6e06efe7ee8f7a
Caching disabled for DexingOutputSplitTransform: /opt/gradle/.gradle/caches/9.3.1/transforms/b973fc8242056850e9d9045657b94302/transformed/jetified-converter-kotlinx-serialization-2.12.0 because:
  Caching not enabled.
Caching disabled for IdentityTransform: /opt/gradle/.gradle/caches/9.3.1/transforms/adfa64de33cfb59792175c89fe50fd15/transformed/jetified-annotation-experimental-1.4.1-runtime.jar because:
  Caching not enabled.
Build cache key for DexingNoClasspathTransform: /opt/gradle/.gradle/caches/9.3.1/transforms/adfa64de33cfb59792175c89fe50fd15/transformed/jetified-annotation-experimental-1.4.1-runtime.jar is 8227ed140bdc9d41b9e3dec8af62a6b7
Running dexing transform non-incrementally for '/opt/gradle/.gradle/caches/9.3.1/transforms/adfa64de33cfb59792175c89fe50fd15/transformed/jetified-annotation-experimental-1.4.1-runtime.jar'
Stored cache entry for DexingNoClasspathTransform: /opt/gradle/.gradle/caches/9.3.1/transforms/adfa64de33cfb59792175c89fe50fd15/transformed/jetified-annotation-experimental-1.4.1-runtime.jar with cache key 8227ed140bdc9d41b9e3dec8af62a6b7
Caching disabled for DexingOutputSplitTransform: /opt/gradle/.gradle/caches/9.3.1/transforms/4f0b1f8b8c4969f48a20c119d472df10/transformed/jetified-annotation-experimental-1.4.1-runtime because:
  Caching not enabled.
Caching disabled for IdentityTransform: /opt/gradle/.gradle/caches/9.3.1/transforms/25f83326a69057f44006e210c0178972/transformed/jetified-profileinstaller-1.3.1-runtime.jar because:
  Caching not enabled.
Build cache key for DexingNoClasspathTransform: /opt/gradle/.gradle/caches/9.3.1/transforms/25f83326a69057f44006e210c0178972/transformed/jetified-profileinstaller-1.3.1-runtime.jar is dfec80b15d77be4aa51e67947471ddd4
Running dexing transform non-incrementally for '/opt/gradle/.gradle/caches/9.3.1/transforms/25f83326a69057f44006e210c0178972/transformed/jetified-profileinstaller-1.3.1-runtime.jar'
Stored cache entry for DexingNoClasspathTransform: /opt/gradle/.gradle/caches/9.3.1/transforms/25f83326a69057f44006e210c0178972/transformed/jetified-profileinstaller-1.3.1-runtime.jar with cache key dfec80b15d77be4aa51e67947471ddd4
Caching disabled for DexingOutputSplitTransform: /opt/gradle/.gradle/caches/9.3.1/transforms/063f1064cd9141b1386bb7564309d9f8/transformed/jetified-profileinstaller-1.3.1-runtime because:
  Caching not enabled.
Caching disabled for IdentityTransform: /opt/gradle/.gradle/caches/9.3.1/transforms/d36c6749b38140343da125b28bcba677/transformed/jetified-startup-runtime-1.1.1-runtime.jar because:
  Caching not enabled.
Build cache key for DexingNoClasspathTransform: /opt/gradle/.gradle/caches/9.3.1/transforms/d36c6749b38140343da125b28bcba677/transformed/jetified-startup-runtime-1.1.1-runtime.jar is 307a9ce2f6e97586ce099fbdec75653c
Running dexing transform non-incrementally for '/opt/gradle/.gradle/caches/9.3.1/transforms/d36c6749b38140343da125b28bcba677/transformed/jetified-startup-runtime-1.1.1-runtime.jar'
Stored cache entry for DexingNoClasspathTransform: /opt/gradle/.gradle/caches/9.3.1/transforms/d36c6749b38140343da125b28bcba677/transformed/jetified-startup-runtime-1.1.1-runtime.jar with cache key 307a9ce2f6e97586ce099fbdec75653c
Caching disabled for DexingOutputSplitTransform: /opt/gradle/.gradle/caches/9.3.1/transforms/e2ad4e620650097f428799e97599946d/transformed/jetified-startup-runtime-1.1.1-runtime because:
  Caching not enabled.
Caching disabled for IdentityTransform: /opt/gradle/.gradle/caches/9.3.1/transforms/19769eae399a9f307454c42703eb6f85/transformed/jetified-tracing-1.2.0-runtime.jar because:
  Caching not enabled.
Build cache key for DexingNoClasspathTransform: /opt/gradle/.gradle/caches/9.3.1/transforms/19769eae399a9f307454c42703eb6f85/transformed/jetified-tracing-1.2.0-runtime.jar is 0707918c7f64aaa5c787ec98f9f906be
Running dexing transform non-incrementally for '/opt/gradle/.gradle/caches/9.3.1/transforms/19769eae399a9f307454c42703eb6f85/transformed/jetified-tracing-1.2.0-runtime.jar'
Stored cache entry for DexingNoClasspathTransform: /opt/gradle/.gradle/caches/9.3.1/transforms/19769eae399a9f307454c42703eb6f85/transformed/jetified-tracing-1.2.0-runtime.jar with cache key 0707918c7f64aaa5c787ec98f9f906be
Caching disabled for DexingOutputSplitTransform: /opt/gradle/.gradle/caches/9.3.1/transforms/12a7e2329bf65900a32a192f19255a71/transformed/jetified-tracing-1.2.0-runtime because:
  Caching not enabled.
Caching disabled for IdentityTransform: /opt/gradle/.gradle/caches/9.3.1/transforms/766d6d096a26811e5c8ec50dbbcbe8cb/transformed/jetified-tracing-ktx-1.2.0-runtime.jar because:
  Caching not enabled.
Build cache key for DexingNoClasspathTransform: /opt/gradle/.gradle/caches/9.3.1/transforms/766d6d096a26811e5c8ec50dbbcbe8cb/transformed/jetified-tracing-ktx-1.2.0-runtime.jar is 1d0f600661cbc586b90a876f5f7dfa72
Running dexing transform non-incrementally for '/opt/gradle/.gradle/caches/9.3.1/transforms/766d6d096a26811e5c8ec50dbbcbe8cb/transformed/jetified-tracing-ktx-1.2.0-runtime.jar'
Stored cache entry for DexingNoClasspathTransform: /opt/gradle/.gradle/caches/9.3.1/transforms/766d6d096a26811e5c8ec50dbbcbe8cb/transformed/jetified-tracing-ktx-1.2.0-runtime.jar with cache key 1d0f600661cbc586b90a876f5f7dfa72
Caching disabled for DexingOutputSplitTransform: /opt/gradle/.gradle/caches/9.3.1/transforms/8b71636d482d98a34718f134ceb797a2/transformed/jetified-tracing-ktx-1.2.0-runtime because:
  Caching not enabled.
Caching disabled for IdentityTransform: /opt/gradle/.gradle/caches/9.3.1/transforms/26f046c814a175139740c62f19c62aa0/transformed/sqlite-framework-2.4.0-runtime.jar because:
  Caching not enabled.
Build cache key for DexingNoClasspathTransform: /opt/gradle/.gradle/caches/9.3.1/transforms/26f046c814a175139740c62f19c62aa0/transformed/sqlite-framework-2.4.0-runtime.jar is d517dc9abb907b8f62bb17656b3eb561
Running dexing transform non-incrementally for '/opt/gradle/.gradle/caches/9.3.1/transforms/26f046c814a175139740c62f19c62aa0/transformed/sqlite-framework-2.4.0-runtime.jar'
Stored cache entry for DexingNoClasspathTransform: /opt/gradle/.gradle/caches/9.3.1/transforms/26f046c814a175139740c62f19c62aa0/transformed/sqlite-framework-2.4.0-runtime.jar with cache key d517dc9abb907b8f62bb17656b3eb561
Caching disabled for DexingOutputSplitTransform: /opt/gradle/.gradle/caches/9.3.1/transforms/63fc74cd92669cc0856218a71cf1d5d3/transformed/sqlite-framework-2.4.0-runtime because:
  Caching not enabled.
Caching disabled for IdentityTransform: /opt/gradle/.gradle/caches/9.3.1/transforms/388c9a9638326c7a6c586ea998e1d840/transformed/sqlite-2.4.0-runtime.jar because:
  Caching not enabled.
Build cache key for DexingNoClasspathTransform: /opt/gradle/.gradle/caches/9.3.1/transforms/388c9a9638326c7a6c586ea998e1d840/transformed/sqlite-2.4.0-runtime.jar is 65ecf001eb11e8b9c5d1687c87d5854b
Running dexing transform non-incrementally for '/opt/gradle/.gradle/caches/9.3.1/transforms/388c9a9638326c7a6c586ea998e1d840/transformed/sqlite-2.4.0-runtime.jar'
Stored cache entry for DexingNoClasspathTransform: /opt/gradle/.gradle/caches/9.3.1/transforms/388c9a9638326c7a6c586ea998e1d840/transformed/sqlite-2.4.0-runtime.jar with cache key 65ecf001eb11e8b9c5d1687c87d5854b
Caching disabled for DexingOutputSplitTransform: /opt/gradle/.gradle/caches/9.3.1/transforms/499a9e8313c77ab7923c464988787e41/transformed/sqlite-2.4.0-runtime because:
  Caching not enabled.
Build cache key for DexingNoClasspathTransform: /opt/gradle/.gradle/caches/9.3.1/transforms/b45542389b9af44b178dfd2a4a2bf83d/transformed/jetified-moshi-kotlin-1.15.2.jar is c32f63dd71eb679da8e1e59cbb5088c6
Running dexing transform non-incrementally for '/opt/gradle/.gradle/caches/9.3.1/transforms/b45542389b9af44b178dfd2a4a2bf83d/transformed/jetified-moshi-kotlin-1.15.2.jar'
Stored cache entry for DexingNoClasspathTransform: /opt/gradle/.gradle/caches/9.3.1/transforms/b45542389b9af44b178dfd2a4a2bf83d/transformed/jetified-moshi-kotlin-1.15.2.jar with cache key c32f63dd71eb679da8e1e59cbb5088c6
Caching disabled for DexingOutputSplitTransform: /opt/gradle/.gradle/caches/9.3.1/transforms/ccc471e0447db81cbc2768d41cb7a8b0/transformed/jetified-moshi-kotlin-1.15.2 because:
  Caching not enabled.
Build cache key for DexingNoClasspathTransform: /opt/gradle/.gradle/caches/9.3.1/transforms/3d2c0bca4b525686a9d42f3334ebea2e/transformed/jetified-kotlin-reflect-1.8.21.jar is bdca168e6ec96f3c69f41e97cb259224
Running dexing transform non-incrementally for '/opt/gradle/.gradle/caches/9.3.1/transforms/3d2c0bca4b525686a9d42f3334ebea2e/transformed/jetified-kotlin-reflect-1.8.21.jar'
INFO: D8: Stripped invalid locals information from 2 methods.
INFO: /opt/gradle/.gradle/caches/9.3.1/transforms/d5fb549a03208ac0638c7267a8ca9252/transformed/jetified-kotlinx-coroutines-core-jvm-1.10.2.jar: D8: Methods with invalid locals information:
  java.lang.Object kotlinx.coroutines.flow.FlowKt__BuildersKt$asFlow$$inlined$unsafeFlow$10.collect(kotlinx.coroutines.flow.FlowCollector, kotlin.coroutines.Continuation)
  Attempt to define local of type long as element$iv:java.lang.Object
INFO: /opt/gradle/.gradle/caches/9.3.1/transforms/d5fb549a03208ac0638c7267a8ca9252/transformed/jetified-kotlinx-coroutines-core-jvm-1.10.2.jar: D8: Methods with invalid locals information:
  java.lang.Object kotlinx.coroutines.flow.FlowKt__BuildersKt$asFlow$$inlined$unsafeFlow$9.collect(kotlinx.coroutines.flow.FlowCollector, kotlin.coroutines.Continuation)
  Attempt to define local of type int as element$iv:java.lang.Object
INFO: D8: Some warnings are typically a sign of using an outdated Java toolchain. To fix, recompile the source with an updated toolchain.
Invalidating in-memory cache of /opt/gradle/.gradle/caches/9.3.1/fileHashes/kotlinDslCompileAvoidanceClasspathHashCache.bin
Invalidating in-memory cache of /opt/gradle/.gradle/caches/9.3.1/fileHashes/fileHashes.bin
Invalidating in-memory cache of /opt/gradle/.gradle/caches/9.3.1/fileHashes/resourceHashesCache.bin
Invalidating in-memory cache of /opt/gradle/.gradle/caches/journal-1/file-access.bin
Stored cache entry for DexingNoClasspathTransform: /opt/gradle/.gradle/caches/9.3.1/transforms/d5fb549a03208ac0638c7267a8ca9252/transformed/jetified-kotlinx-coroutines-core-jvm-1.10.2.jar with cache key c39a57d092546a9228384a5e7da21bf1
Caching disabled for DexingOutputSplitTransform: /opt/gradle/.gradle/caches/9.3.1/transforms/cf2c897eaef7ca8c401f0fecf1d5c715/transformed/jetified-kotlinx-coroutines-core-jvm-1.10.2 because:
  Caching not enabled.
Caching disabled for IdentityTransform: /opt/gradle/.gradle/caches/9.3.1/transforms/3e8c2e43fa054d2adb3fc2dae18afa8b/transformed/jetified-core-1.54.0-runtime.jar because:
  Caching not enabled.
Build cache key for DexingNoClasspathTransform: /opt/gradle/.gradle/caches/9.3.1/transforms/3e8c2e43fa054d2adb3fc2dae18afa8b/transformed/jetified-core-1.54.0-runtime.jar is 2b90840f12acb7165b766f84ba4a7cdb
Running dexing transform non-incrementally for '/opt/gradle/.gradle/caches/9.3.1/transforms/3e8c2e43fa054d2adb3fc2dae18afa8b/transformed/jetified-core-1.54.0-runtime.jar'
Stored cache entry for DexingNoClasspathTransform: /opt/gradle/.gradle/caches/9.3.1/transforms/92431487b20789d42cf83fc4bd23f2b3/transformed/jetified-runtime-release-runtime.jar with cache key 46f6737b5233adb1f6a5103e890c3210
Caching disabled for DexingOutputSplitTransform: /opt/gradle/.gradle/caches/9.3.1/transforms/0df4152871d95fcfcfe01d40ba52a9e6/transformed/jetified-runtime-release-runtime because:
  Caching not enabled.
Caching disabled for IdentityTransform: /opt/gradle/.gradle/caches/9.3.1/transforms/d33e001b871ed0bdf4064a83e35ff131/transformed/core-runtime-2.2.0-runtime.jar because:
  Caching not enabled.
Build cache key for DexingNoClasspathTransform: /opt/gradle/.gradle/caches/9.3.1/transforms/d33e001b871ed0bdf4064a83e35ff131/transformed/core-runtime-2.2.0-runtime.jar is 7ade121b7cdc71d69b26ab4b35bc0fa8
Running dexing transform non-incrementally for '/opt/gradle/.gradle/caches/9.3.1/transforms/d33e001b871ed0bdf4064a83e35ff131/transformed/core-runtime-2.2.0-runtime.jar'
Stored cache entry for DexingNoClasspathTransform: /opt/gradle/.gradle/caches/9.3.1/transforms/d33e001b871ed0bdf4064a83e35ff131/transformed/core-runtime-2.2.0-runtime.jar with cache key 7ade121b7cdc71d69b26ab4b35bc0fa8
Caching disabled for DexingOutputSplitTransform: /opt/gradle/.gradle/caches/9.3.1/transforms/e84f9261a0067a99bb54ba977ce90544/transformed/core-runtime-2.2.0-runtime because:
  Caching not enabled.
Build cache key for DexingNoClasspathTransform: /opt/gradle/.gradle/caches/modules-2/files-2.1/androidx.arch.core/core-common/2.2.0/5e1b8b81dfd5f52c56a8d53b18ca759c19a301f3/core-common-2.2.0.jar is e0338e798d4efc74e71c7eb5d800f6f8
Running dexing transform non-incrementally for '/opt/gradle/.gradle/caches/modules-2/files-2.1/androidx.arch.core/core-common/2.2.0/5e1b8b81dfd5f52c56a8d53b18ca759c19a301f3/core-common-2.2.0.jar'
Stored cache entry for DexingNoClasspathTransform: /opt/gradle/.gradle/caches/modules-2/files-2.1/androidx.arch.core/core-common/2.2.0/5e1b8b81dfd5f52c56a8d53b18ca759c19a301f3/core-common-2.2.0.jar with cache key e0338e798d4efc74e71c7eb5d800f6f8
Stored cache entry for DexingNoClasspathTransform: /opt/gradle/.gradle/caches/9.3.1/transforms/3e8c2e43fa054d2adb3fc2dae18afa8b/transformed/jetified-core-1.54.0-runtime.jar with cache key 2b90840f12acb7165b766f84ba4a7cdb
Caching disabled for DexingOutputSplitTransform: /opt/gradle/.gradle/caches/9.3.1/transforms/57846dcd69ceb6f508ec3f6b27b5a223/transformed/core-common-2.2.0 because:
  Caching not enabled.
Caching disabled for DexingOutputSplitTransform: /opt/gradle/.gradle/caches/9.3.1/transforms/d20cd4c7ea67b9c671b0a42706502277/transformed/jetified-core-1.54.0-runtime because:
  Caching not enabled.
Caching disabled for IdentityTransform: /opt/gradle/.gradle/caches/9.3.1/transforms/41afb657fc6a03ba7a2d4e244624406d/transformed/jetified-featurecombinationquery-1.5.0-runtime.jar because:
  Caching not enabled.
Build cache key for DexingNoClasspathTransform: /opt/gradle/.gradle/caches/9.3.1/transforms/f2b65d18296e90ebd0e74d9bab3ec999/transformed/jetified-concurrent-futures-1.1.0.jar is bba2c32f684157ba5a1f2f4294fed44f
Running dexing transform non-incrementally for '/opt/gradle/.gradle/caches/9.3.1/transforms/f2b65d18296e90ebd0e74d9bab3ec999/transformed/jetified-concurrent-futures-1.1.0.jar'
Build cache key for DexingNoClasspathTransform: /opt/gradle/.gradle/caches/9.3.1/transforms/41afb657fc6a03ba7a2d4e244624406d/transformed/jetified-featurecombinationquery-1.5.0-runtime.jar is 57fd98d5f21aa94d2b830dc9101d2c73
Running dexing transform non-incrementally for '/opt/gradle/.gradle/caches/9.3.1/transforms/41afb657fc6a03ba7a2d4e244624406d/transformed/jetified-featurecombinationquery-1.5.0-runtime.jar'
Stored cache entry for DexingNoClasspathTransform: /opt/gradle/.gradle/caches/9.3.1/transforms/41afb657fc6a03ba7a2d4e244624406d/transformed/jetified-featurecombinationquery-1.5.0-runtime.jar with cache key 57fd98d5f21aa94d2b830dc9101d2c73
Caching disabled for DexingOutputSplitTransform: /opt/gradle/.gradle/caches/9.3.1/transforms/d682740c4ee1ae3d9b2981d591a9c783/transformed/jetified-featurecombinationquery-1.5.0-runtime because:
  Caching not enabled.
Caching disabled for IdentityTransform: /opt/gradle/.gradle/caches/9.3.1/transforms/b30d25f352b5ece0481f5b195a70bb05/transformed/interpolator-1.0.0-runtime.jar because:
  Caching not enabled.
Build cache key for DexingNoClasspathTransform: /opt/gradle/.gradle/caches/9.3.1/transforms/b30d25f352b5ece0481f5b195a70bb05/transformed/interpolator-1.0.0-runtime.jar is 8fcf91d6d5f3a10c6d26a7eec0e9756d
Running dexing transform non-incrementally for '/opt/gradle/.gradle/caches/9.3.1/transforms/b30d25f352b5ece0481f5b195a70bb05/transformed/interpolator-1.0.0-runtime.jar'
Stored cache entry for DexingNoClasspathTransform: /opt/gradle/.gradle/caches/9.3.1/transforms/b30d25f352b5ece0481f5b195a70bb05/transformed/interpolator-1.0.0-runtime.jar with cache key 8fcf91d6d5f3a10c6d26a7eec0e9756d
Caching disabled for DexingOutputSplitTransform: /opt/gradle/.gradle/caches/9.3.1/transforms/31f79d00bd99d4e2f21e09edcb6e591c/transformed/interpolator-1.0.0-runtime because:
  Caching not enabled.
Stored cache entry for DexingNoClasspathTransform: /opt/gradle/.gradle/caches/9.3.1/transforms/f2b65d18296e90ebd0e74d9bab3ec999/transformed/jetified-concurrent-futures-1.1.0.jar with cache key bba2c32f684157ba5a1f2f4294fed44f
Caching disabled for IdentityTransform: /opt/gradle/.gradle/caches/9.3.1/transforms/f1ec07c882fa94bacc18154ed7337976/transformed/versionedparcelable-1.1.1-runtime.jar because:
  Caching not enabled.
Caching disabled for DexingOutputSplitTransform: /opt/gradle/.gradle/caches/9.3.1/transforms/dd139d26d1ca29b757d940877118f51d/transformed/jetified-concurrent-futures-1.1.0 because:
  Caching not enabled.
Caching disabled for IdentityTransform: /opt/gradle/.gradle/caches/9.3.1/transforms/e4ce8754b01c742b2d1aa3b2405431ed/transformed/exifinterface-1.3.7-runtime.jar because:
  Caching not enabled.
Build cache key for DexingNoClasspathTransform: /opt/gradle/.gradle/caches/9.3.1/transforms/f1ec07c882fa94bacc18154ed7337976/transformed/versionedparcelable-1.1.1-runtime.jar is 79a5e63ed38261d222560a878cb594fb
Running dexing transform non-incrementally for '/opt/gradle/.gradle/caches/9.3.1/transforms/f1ec07c882fa94bacc18154ed7337976/transformed/versionedparcelable-1.1.1-runtime.jar'
Build cache key for DexingNoClasspathTransform: /opt/gradle/.gradle/caches/9.3.1/transforms/e4ce8754b01c742b2d1aa3b2405431ed/transformed/exifinterface-1.3.7-runtime.jar is e92198ed6cb59d6338fc60c3d9a534a5
Running dexing transform non-incrementally for '/opt/gradle/.gradle/caches/9.3.1/transforms/e4ce8754b01c742b2d1aa3b2405431ed/transformed/exifinterface-1.3.7-runtime.jar'
Stored cache entry for DexingNoClasspathTransform: /opt/gradle/.gradle/caches/9.3.1/transforms/f1ec07c882fa94bacc18154ed7337976/transformed/versionedparcelable-1.1.1-runtime.jar with cache key 79a5e63ed38261d222560a878cb594fb
Caching disabled for DexingOutputSplitTransform: /opt/gradle/.gradle/caches/9.3.1/transforms/0230959b577d31be13efdd5ff875da47/transformed/versionedparcelable-1.1.1-runtime because:
  Caching not enabled.
Build cache key for DexingNoClasspathTransform: /opt/gradle/.gradle/caches/9.3.1/transforms/a62c31c06329388296398c30d8e810fe/transformed/jetified-collection-ktx-1.4.4.jar is b50c0d635aff8344652743b9f056930c
Running dexing transform non-incrementally for '/opt/gradle/.gradle/caches/9.3.1/transforms/a62c31c06329388296398c30d8e810fe/transformed/jetified-collection-ktx-1.4.4.jar'
Stored cache entry for DexingNoClasspathTransform: /opt/gradle/.gradle/caches/9.3.1/transforms/a62c31c06329388296398c30d8e810fe/transformed/jetified-collection-ktx-1.4.4.jar with cache key b50c0d635aff8344652743b9f056930c
Caching disabled for DexingOutputSplitTransform: /opt/gradle/.gradle/caches/9.3.1/transforms/3504603d7f6a52e63240a53cc09f3cb3/transformed/jetified-collection-ktx-1.4.4 because:
  Caching not enabled.
Build cache key for DexingNoClasspathTransform: /opt/gradle/.gradle/caches/9.3.1/transforms/03b8b17e499ff427e7d76f721a6113f2/transformed/jetified-collection-jvm-1.4.4.jar is 4130ed04a23d9205032b805a2f22b231
Running dexing transform non-incrementally for '/opt/gradle/.gradle/caches/9.3.1/transforms/03b8b17e499ff427e7d76f721a6113f2/transformed/jetified-collection-jvm-1.4.4.jar'
Stored cache entry for DexingNoClasspathTransform: /opt/gradle/.gradle/caches/9.3.1/transforms/e4ce8754b01c742b2d1aa3b2405431ed/transformed/exifinterface-1.3.7-runtime.jar with cache key e92198ed6cb59d6338fc60c3d9a534a5
Caching disabled for DexingOutputSplitTransform: /opt/gradle/.gradle/caches/9.3.1/transforms/47f67699f3a1a848957ecb78e84b6489/transformed/exifinterface-1.3.7-runtime because:
  Caching not enabled.
Caching disabled for IdentityTransform: /opt/gradle/.gradle/caches/9.3.1/transforms/c641c9edc60879b2118bec2fbad6973c/transformed/cursoradapter-1.0.0-runtime.jar because:
  Caching not enabled.
Build cache key for DexingNoClasspathTransform: /opt/gradle/.gradle/caches/9.3.1/transforms/c641c9edc60879b2118bec2fbad6973c/transformed/cursoradapter-1.0.0-runtime.jar is 511541b26a8f91b3bf482f01be50df90
Running dexing transform non-incrementally for '/opt/gradle/.gradle/caches/9.3.1/transforms/c641c9edc60879b2118bec2fbad6973c/transformed/cursoradapter-1.0.0-runtime.jar'
Stored cache entry for DexingNoClasspathTransform: /opt/gradle/.gradle/caches/9.3.1/transforms/c641c9edc60879b2118bec2fbad6973c/transformed/cursoradapter-1.0.0-runtime.jar with cache key 511541b26a8f91b3bf482f01be50df90
Caching disabled for DexingOutputSplitTransform: /opt/gradle/.gradle/caches/9.3.1/transforms/361ce1f4e12e866e751371d1d407a799/transformed/cursoradapter-1.0.0-runtime because:
  Caching not enabled.
Build cache key for DexingNoClasspathTransform: /opt/gradle/.gradle/caches/9.3.1/transforms/a207e4f6df0d0de8c6a8b5a1c5714dda/transformed/jetified-resourceinspection-annotation-1.0.1.jar is 17aa39d061b8271be46eb6be7bc7bc9d
Running dexing transform non-incrementally for '/opt/gradle/.gradle/caches/9.3.1/transforms/a207e4f6df0d0de8c6a8b5a1c5714dda/transformed/jetified-resourceinspection-annotation-1.0.1.jar'
Stored cache entry for DexingNoClasspathTransform: /opt/gradle/.gradle/caches/9.3.1/transforms/a207e4f6df0d0de8c6a8b5a1c5714dda/transformed/jetified-resourceinspection-annotation-1.0.1.jar with cache key 17aa39d061b8271be46eb6be7bc7bc9d
Caching disabled for DexingOutputSplitTransform: /opt/gradle/.gradle/caches/9.3.1/transforms/45b5e70836b3aaf0db95f37dc526aa73/transformed/jetified-resourceinspection-annotation-1.0.1 because:
  Caching not enabled.
Build cache key for DexingNoClasspathTransform: /opt/gradle/.gradle/caches/9.3.1/transforms/56780cdcb1afb82a319d98604741c9b2/transformed/jetified-annotation-jvm-1.8.1.jar is 7cda6a57ad2376f82f41cf5de09a49ae
Running dexing transform non-incrementally for '/opt/gradle/.gradle/caches/9.3.1/transforms/56780cdcb1afb82a319d98604741c9b2/transformed/jetified-annotation-jvm-1.8.1.jar'
Stored cache entry for DexingNoClasspathTransform: /opt/gradle/.gradle/caches/9.3.1/transforms/56780cdcb1afb82a319d98604741c9b2/transformed/jetified-annotation-jvm-1.8.1.jar with cache key 7cda6a57ad2376f82f41cf5de09a49ae
Caching disabled for DexingOutputSplitTransform: /opt/gradle/.gradle/caches/9.3.1/transforms/39208077036c533e3dfdab2bdd18549f/transformed/jetified-annotation-jvm-1.8.1 because:
  Caching not enabled.
Build cache key for DexingNoClasspathTransform: /opt/gradle/.gradle/caches/9.3.1/transforms/65a2483f4e00f17998843bbc3f060fb1/transformed/jetified-kotlinx-serialization-json-jvm-1.8.1.jar is 40aea0f991f760ac8d25b55cce4fe8d2
Running dexing transform non-incrementally for '/opt/gradle/.gradle/caches/9.3.1/transforms/65a2483f4e00f17998843bbc3f060fb1/transformed/jetified-kotlinx-serialization-json-jvm-1.8.1.jar'
Invalidating in-memory cache of /opt/gradle/.gradle/caches/9.3.1/fileHashes/kotlinDslCompileAvoidanceClasspathHashCache.bin
Invalidating in-memory cache of /opt/gradle/.gradle/caches/9.3.1/fileHashes/fileHashes.bin
Invalidating in-memory cache of /opt/gradle/.gradle/caches/9.3.1/fileHashes/resourceHashesCache.bin
Invalidating in-memory cache of /opt/gradle/.gradle/caches/journal-1/file-access.bin
Stored cache entry for DexingNoClasspathTransform: /opt/gradle/.gradle/caches/9.3.1/transforms/65a2483f4e00f17998843bbc3f060fb1/transformed/jetified-kotlinx-serialization-json-jvm-1.8.1.jar with cache key 40aea0f991f760ac8d25b55cce4fe8d2
Caching disabled for DexingOutputSplitTransform: /opt/gradle/.gradle/caches/9.3.1/transforms/5f7b77093b614513ca90e0293c774c74/transformed/jetified-kotlinx-serialization-json-jvm-1.8.1 because:
  Caching not enabled.
Build cache key for DexingNoClasspathTransform: /opt/gradle/.gradle/caches/9.3.1/transforms/98b8d9ec5eef32eed4f9adc58516725d/transformed/jetified-kotlinx-serialization-core-jvm-1.8.1.jar is dbfc5510cd8165e1857481c0bd4d1965
Running dexing transform non-incrementally for '/opt/gradle/.gradle/caches/9.3.1/transforms/98b8d9ec5eef32eed4f9adc58516725d/transformed/jetified-kotlinx-serialization-core-jvm-1.8.1.jar'
Stored cache entry for DexingNoClasspathTransform: /opt/gradle/.gradle/caches/9.3.1/transforms/98b8d9ec5eef32eed4f9adc58516725d/transformed/jetified-kotlinx-serialization-core-jvm-1.8.1.jar with cache key dbfc5510cd8165e1857481c0bd4d1965
Caching disabled for DexingOutputSplitTransform: /opt/gradle/.gradle/caches/9.3.1/transforms/9ce346922bf1f4dc2273713e4a18c169/transformed/jetified-kotlinx-serialization-core-jvm-1.8.1 because:
  Caching not enabled.
Build cache key for DexingNoClasspathTransform: /opt/gradle/.gradle/caches/9.3.1/transforms/4f00f8ebd9738e8af32ab58b4be84ea4/transformed/jetified-logging-interceptor-4.10.0.jar is 9e5ca0ab249cce828b10cd1be31dd671
Running dexing transform non-incrementally for '/opt/gradle/.gradle/caches/9.3.1/transforms/4f00f8ebd9738e8af32ab58b4be84ea4/transformed/jetified-logging-interceptor-4.10.0.jar'
Stored cache entry for DexingNoClasspathTransform: /opt/gradle/.gradle/caches/9.3.1/transforms/4f00f8ebd9738e8af32ab58b4be84ea4/transformed/jetified-logging-interceptor-4.10.0.jar with cache key 9e5ca0ab249cce828b10cd1be31dd671
Caching disabled for DexingOutputSplitTransform: /opt/gradle/.gradle/caches/9.3.1/transforms/41f9e8284b48b8e59304673338a8f0fd/transformed/jetified-logging-interceptor-4.10.0 because:
  Caching not enabled.
Build cache key for DexingNoClasspathTransform: /opt/gradle/.gradle/caches/9.3.1/transforms/ad07c6d6008790cbe337ab61599ec52f/transformed/jetified-converter-moshi-2.12.0.jar is 5f949354cb9c506142b685ffb5485ee0
Running dexing transform non-incrementally for '/opt/gradle/.gradle/caches/9.3.1/transforms/ad07c6d6008790cbe337ab61599ec52f/transformed/jetified-converter-moshi-2.12.0.jar'
Stored cache entry for DexingNoClasspathTransform: /opt/gradle/.gradle/caches/9.3.1/transforms/ad07c6d6008790cbe337ab61599ec52f/transformed/jetified-converter-moshi-2.12.0.jar with cache key 5f949354cb9c506142b685ffb5485ee0
Caching disabled for DexingOutputSplitTransform: /opt/gradle/.gradle/caches/9.3.1/transforms/601467abc11cad988892a87a05dc58e0/transformed/jetified-converter-moshi-2.12.0 because:
  Caching not enabled.
Build cache key for DexingNoClasspathTransform: /opt/gradle/.gradle/caches/9.3.1/transforms/1149598f2a0dc1a5015173f60866cba2/transformed/jetified-moshi-1.15.2.jar is 8ae95e8415ce21482c9e3677663db3f6
Running dexing transform non-incrementally for '/opt/gradle/.gradle/caches/9.3.1/transforms/1149598f2a0dc1a5015173f60866cba2/transformed/jetified-moshi-1.15.2.jar'
Stored cache entry for DexingNoClasspathTransform: /opt/gradle/.gradle/caches/9.3.1/transforms/1149598f2a0dc1a5015173f60866cba2/transformed/jetified-moshi-1.15.2.jar with cache key 8ae95e8415ce21482c9e3677663db3f6
Caching disabled for DexingOutputSplitTransform: /opt/gradle/.gradle/caches/9.3.1/transforms/dc9863e89be9ab848cefc5065add5cb5/transformed/jetified-moshi-1.15.2 because:
  Caching not enabled.
Build cache key for DexingNoClasspathTransform: /opt/gradle/.gradle/caches/9.3.1/transforms/af1f323a224cf9c5f2023819a28eecc5/transformed/jetified-retrofit-2.12.0.jar is 773b23dab08a97cc4ea7701943a66ffd
Running dexing transform non-incrementally for '/opt/gradle/.gradle/caches/9.3.1/transforms/af1f323a224cf9c5f2023819a28eecc5/transformed/jetified-retrofit-2.12.0.jar'
Stored cache entry for DexingNoClasspathTransform: /opt/gradle/.gradle/caches/9.3.1/transforms/af1f323a224cf9c5f2023819a28eecc5/transformed/jetified-retrofit-2.12.0.jar with cache key 773b23dab08a97cc4ea7701943a66ffd
Caching disabled for DexingOutputSplitTransform: /opt/gradle/.gradle/caches/9.3.1/transforms/75cb64999f7009870951e16cabc1793b/transformed/jetified-retrofit-2.12.0 because:
  Caching not enabled.
Build cache key for DexingNoClasspathTransform: /opt/gradle/.gradle/caches/9.3.1/transforms/4d4fdea49af79e517d384004abdfe207/transformed/jetified-okhttp-4.12.0.jar is 59c499da2cb76bc0022aace01d74f36a
Running dexing transform non-incrementally for '/opt/gradle/.gradle/caches/9.3.1/transforms/4d4fdea49af79e517d384004abdfe207/transformed/jetified-okhttp-4.12.0.jar'
Invalidating in-memory cache of /opt/gradle/.gradle/caches/9.3.1/fileHashes/kotlinDslCompileAvoidanceClasspathHashCache.bin
Invalidating in-memory cache of /opt/gradle/.gradle/caches/9.3.1/fileHashes/fileHashes.bin
Invalidating in-memory cache of /opt/gradle/.gradle/caches/9.3.1/fileHashes/resourceHashesCache.bin
Invalidating in-memory cache of /opt/gradle/.gradle/caches/journal-1/file-access.bin
Stored cache entry for DexingNoClasspathTransform: /opt/gradle/.gradle/caches/9.3.1/transforms/03b8b17e499ff427e7d76f721a6113f2/transformed/jetified-collection-jvm-1.4.4.jar with cache key 4130ed04a23d9205032b805a2f22b231
Caching disabled for DexingOutputSplitTransform: /opt/gradle/.gradle/caches/9.3.1/transforms/72e925578d8edee32c4862757f3e80b6/transformed/jetified-collection-jvm-1.4.4 because:
  Caching not enabled.
Build cache key for DexingNoClasspathTransform: /opt/gradle/.gradle/caches/9.3.1/transforms/eeff9d62ec393a62156cf5c5682efcac/transformed/jetified-kotlin-stdlib-jdk8-1.9.0.jar is aae57c71f433eebe39150f22968d4f10
Running dexing transform non-incrementally for '/opt/gradle/.gradle/caches/9.3.1/transforms/eeff9d62ec393a62156cf5c5682efcac/transformed/jetified-kotlin-stdlib-jdk8-1.9.0.jar'
Stored cache entry for DexingNoClasspathTransform: /opt/gradle/.gradle/caches/9.3.1/transforms/eeff9d62ec393a62156cf5c5682efcac/transformed/jetified-kotlin-stdlib-jdk8-1.9.0.jar with cache key aae57c71f433eebe39150f22968d4f10
Caching disabled for DexingOutputSplitTransform: /opt/gradle/.gradle/caches/9.3.1/transforms/158afbec19de4f8ecd5510b7c133d7e2/transformed/jetified-kotlin-stdlib-jdk8-1.9.0 because:
  Caching not enabled.
Build cache key for DexingNoClasspathTransform: /opt/gradle/.gradle/caches/9.3.1/transforms/a189c1ae188d8f56f53b3d584ced8072/transformed/jetified-okio-jvm-3.9.0.jar is 1240fe9275bfad35af938ea1dad50145
Running dexing transform non-incrementally for '/opt/gradle/.gradle/caches/9.3.1/transforms/a189c1ae188d8f56f53b3d584ced8072/transformed/jetified-okio-jvm-3.9.0.jar'
Stored cache entry for DexingNoClasspathTransform: /opt/gradle/.gradle/caches/9.3.1/transforms/3d2c0bca4b525686a9d42f3334ebea2e/transformed/jetified-kotlin-reflect-1.8.21.jar with cache key bdca168e6ec96f3c69f41e97cb259224
Caching disabled for DexingOutputSplitTransform: /opt/gradle/.gradle/caches/9.3.1/transforms/072261bff3276fea4dafd81e87eed6a6/transformed/jetified-kotlin-reflect-1.8.21 because:
  Caching not enabled.
Build cache key for DexingNoClasspathTransform: /opt/gradle/.gradle/caches/9.3.1/transforms/ac69b4bcd64c2f0fb2b451a821f7619f/transformed/jetified-kotlin-stdlib-jdk7-1.9.0.jar is 36f4cb464a0b05320150207d35fc8bd5
Running dexing transform non-incrementally for '/opt/gradle/.gradle/caches/9.3.1/transforms/ac69b4bcd64c2f0fb2b451a821f7619f/transformed/jetified-kotlin-stdlib-jdk7-1.9.0.jar'
Stored cache entry for DexingNoClasspathTransform: /opt/gradle/.gradle/caches/9.3.1/transforms/ac69b4bcd64c2f0fb2b451a821f7619f/transformed/jetified-kotlin-stdlib-jdk7-1.9.0.jar with cache key 36f4cb464a0b05320150207d35fc8bd5
Caching disabled for DexingOutputSplitTransform: /opt/gradle/.gradle/caches/9.3.1/transforms/d384370d93f6732aff24d272371c01ce/transformed/jetified-kotlin-stdlib-jdk7-1.9.0 because:
  Caching not enabled.
Build cache key for DexingNoClasspathTransform: /opt/gradle/.gradle/caches/9.3.1/transforms/8823d1223f4ae3a6b8b39b97e9ccaf45/transformed/jetified-kotlin-stdlib-2.1.21.jar is f99eb85b3a3f3bc29edb6c3e1a26c09d
Running dexing transform non-incrementally for '/opt/gradle/.gradle/caches/9.3.1/transforms/8823d1223f4ae3a6b8b39b97e9ccaf45/transformed/jetified-kotlin-stdlib-2.1.21.jar'
Stored cache entry for DexingNoClasspathTransform: /opt/gradle/.gradle/caches/9.3.1/transforms/4d4fdea49af79e517d384004abdfe207/transformed/jetified-okhttp-4.12.0.jar with cache key 59c499da2cb76bc0022aace01d74f36a
Caching disabled for DexingOutputSplitTransform: /opt/gradle/.gradle/caches/9.3.1/transforms/372964981b6c0630073da561dc46a314/transformed/jetified-okhttp-4.12.0 because:
  Caching not enabled.
Build cache key for DexingNoClasspathTransform: /opt/gradle/.gradle/caches/9.3.1/transforms/a678a3974dd8e8e53727ad6009b86370/transformed/jetified-annotations-23.0.0.jar is f78afc51505acd6d1afc572c25459d8f
Running dexing transform non-incrementally for '/opt/gradle/.gradle/caches/9.3.1/transforms/a678a3974dd8e8e53727ad6009b86370/transformed/jetified-annotations-23.0.0.jar'
Stored cache entry for DexingNoClasspathTransform: /opt/gradle/.gradle/caches/9.3.1/transforms/a678a3974dd8e8e53727ad6009b86370/transformed/jetified-annotations-23.0.0.jar with cache key f78afc51505acd6d1afc572c25459d8f
Caching disabled for DexingOutputSplitTransform: /opt/gradle/.gradle/caches/9.3.1/transforms/16c6d6c3e783835ee6b8c6edd6ac99db/transformed/jetified-annotations-23.0.0 because:
  Caching not enabled.
Build cache key for DexingNoClasspathTransform: /opt/gradle/.gradle/caches/9.3.1/transforms/608cf9fc494643dff7c66f9bfa02f6e7/transformed/jetified-auto-value-annotations-1.6.3.jar is 4e6018ce4065e6d1f3edcda15d7da6df
Running dexing transform non-incrementally for '/opt/gradle/.gradle/caches/9.3.1/transforms/608cf9fc494643dff7c66f9bfa02f6e7/transformed/jetified-auto-value-annotations-1.6.3.jar'
Stored cache entry for DexingNoClasspathTransform: /opt/gradle/.gradle/caches/9.3.1/transforms/608cf9fc494643dff7c66f9bfa02f6e7/transformed/jetified-auto-value-annotations-1.6.3.jar with cache key 4e6018ce4065e6d1f3edcda15d7da6df
Caching disabled for DexingOutputSplitTransform: /opt/gradle/.gradle/caches/9.3.1/transforms/1ab32b8b5b57c8af3316bee6b1add0bb/transformed/jetified-auto-value-annotations-1.6.3 because:
  Caching not enabled.
Build cache key for DexingNoClasspathTransform: /opt/gradle/.gradle/caches/9.3.1/transforms/46fb82f2075c2e8c5da4459b4946f441/transformed/jetified-listenablefuture-1.0.jar is 6994a2fb34eb809b46a5a337ad930b2a
Running dexing transform non-incrementally for '/opt/gradle/.gradle/caches/9.3.1/transforms/46fb82f2075c2e8c5da4459b4946f441/transformed/jetified-listenablefuture-1.0.jar'
Stored cache entry for DexingNoClasspathTransform: /opt/gradle/.gradle/caches/9.3.1/transforms/46fb82f2075c2e8c5da4459b4946f441/transformed/jetified-listenablefuture-1.0.jar with cache key 6994a2fb34eb809b46a5a337ad930b2a
Caching disabled for DexingOutputSplitTransform: /opt/gradle/.gradle/caches/9.3.1/transforms/c99080bac17ee411f4adc3d27700082d/transformed/jetified-listenablefuture-1.0 because:
  Caching not enabled.
Build cache key for DexingNoClasspathTransform: /opt/gradle/.gradle/caches/9.3.1/transforms/26bc53fdc3c8e0152946a3be99e7e7d9/transformed/jetified-jspecify-1.0.0.jar is 2f8bfdf2fbbaee307ee54dadf8a9a648
Running dexing transform non-incrementally for '/opt/gradle/.gradle/caches/9.3.1/transforms/26bc53fdc3c8e0152946a3be99e7e7d9/transformed/jetified-jspecify-1.0.0.jar'
Stored cache entry for DexingNoClasspathTransform: /opt/gradle/.gradle/caches/9.3.1/transforms/26bc53fdc3c8e0152946a3be99e7e7d9/transformed/jetified-jspecify-1.0.0.jar with cache key 2f8bfdf2fbbaee307ee54dadf8a9a648
Caching disabled for DexingOutputSplitTransform: /opt/gradle/.gradle/caches/9.3.1/transforms/af477fa70ef4d1b6177c5b9533676985/transformed/jetified-jspecify-1.0.0 because:
  Caching not enabled.

> Task :app:mergeDebugNativeLibs
Invalidating in-memory cache of /app/applet/.gradle/9.3.1/fileHashes/fileHashes.bin
Invalidating in-memory cache of /app/applet/.gradle/9.3.1/fileHashes/resourceHashesCache.bin
Invalidating in-memory cache of /app/applet/.gradle/buildOutputCleanup/outputFiles.bin

> Task :app:mergeExtDexDebug
Stored cache entry for DexingNoClasspathTransform: /opt/gradle/.gradle/caches/9.3.1/transforms/a189c1ae188d8f56f53b3d584ced8072/transformed/jetified-okio-jvm-3.9.0.jar with cache key 1240fe9275bfad35af938ea1dad50145
Caching disabled for DexingOutputSplitTransform: /opt/gradle/.gradle/caches/9.3.1/transforms/322b7d821a944151ebcd72f27740d087/transformed/jetified-okio-jvm-3.9.0 because:
  Caching not enabled.
Invalidating in-memory cache of /opt/gradle/.gradle/caches/9.3.1/fileHashes/kotlinDslCompileAvoidanceClasspathHashCache.bin
Invalidating in-memory cache of /opt/gradle/.gradle/caches/9.3.1/fileHashes/fileHashes.bin
Invalidating in-memory cache of /opt/gradle/.gradle/caches/9.3.1/fileHashes/resourceHashesCache.bin
Invalidating in-memory cache of /opt/gradle/.gradle/caches/journal-1/file-access.bin
Stored cache entry for DexingNoClasspathTransform: /opt/gradle/.gradle/caches/9.3.1/transforms/8823d1223f4ae3a6b8b39b97e9ccaf45/transformed/jetified-kotlin-stdlib-2.1.21.jar with cache key f99eb85b3a3f3bc29edb6c3e1a26c09d
Caching disabled for DexingOutputSplitTransform: /opt/gradle/.gradle/caches/9.3.1/transforms/cdafe91f54972f14ef43e2a63681fcfc/transformed/jetified-kotlin-stdlib-2.1.21 because:
  Caching not enabled.
Invalidating in-memory cache of /opt/gradle/.gradle/caches/9.3.1/fileHashes/kotlinDslCompileAvoidanceClasspathHashCache.bin
Invalidating in-memory cache of /opt/gradle/.gradle/caches/9.3.1/fileHashes/fileHashes.bin
Invalidating in-memory cache of /opt/gradle/.gradle/caches/9.3.1/fileHashes/resourceHashesCache.bin
Invalidating in-memory cache of /opt/gradle/.gradle/caches/journal-1/file-access.bin
Stored cache entry for DexingNoClasspathTransform: /opt/gradle/.gradle/caches/9.3.1/transforms/f829a1b28fc8f9b8468e8734a47341e5/transformed/jetified-material-icons-extended-release-runtime.jar with cache key 7857b5592b7204e098339fcec76faa66
Caching disabled for DexingOutputSplitTransform: /opt/gradle/.gradle/caches/9.3.1/transforms/27d0d269827c419e1b0bd847ed3f26d6/transformed/jetified-material-icons-extended-release-runtime because:
  Caching not enabled.
Build cache key for task ':app:mergeExtDexDebug' is 7a9f4f84a0592bdb4d14b4fde1432419
Task ':app:mergeExtDexDebug' is not up-to-date because:
  No history is available.
The input changes require a full rebuild for incremental task ':app:mergeExtDexDebug'.

Resolve mutations for :app:mergeLibDexDebug (Thread[#71,Execution worker Thread 3,5,main]) started.
:app:mergeLibDexDebug (Thread[#71,Execution worker Thread 3,5,main]) started.

> Task :app:processDebugManifestForPackage
Stored cache entry for task ':app:processDebugManifestForPackage' with cache key 2798f404fc092df5e8741d8d7369e663
Resolve mutations for :app:processDebugResources (Thread[#70,Execution worker Thread 2,5,main]) started.
:app:processDebugResources (Thread[#70,Execution worker Thread 2,5,main]) started.

> Task :app:mergeLibDexDebug
Build cache key for task ':app:mergeLibDexDebug' is 074bdfc3d87adb04e9cbea1620c6cb4e
Task ':app:mergeLibDexDebug' is not up-to-date because:
  No history is available.
The input changes require a full rebuild for incremental task ':app:mergeLibDexDebug'.
Stored cache entry for task ':app:mergeLibDexDebug' with cache key 074bdfc3d87adb04e9cbea1620c6cb4e

> Task :app:mergeExtDexDebug
Merging to '/app/applet/app/build/intermediates/dex/debug/mergeExtDexDebug' with D8 from all or a subset of dex files in /opt/gradle/.gradle/caches/9.3.1/transforms/ab1ca7c6fb9d5d81cf64c076ce257873/transformed/jetified-accompanist-permissions-0.37.3-runtime/jetified-accompanist-permissions-0.37.3-runtime_dex, /opt/gradle/.gradle/caches/9.3.1/transforms/9e32df281ac0162666e182843f8aa9c5/transformed/navigation-common-2.8.9-runtime/navigation-common-2.8.9-runtime_dex, /opt/gradle/.gradle/caches/9.3.1/transforms/7f2863a53b8b5f5c3f27a572ee7e7de8/transformed/navigation-runtime-2.8.9-runtime/navigation-runtime-2.8.9-runtime_dex, /opt/gradle/.gradle/caches/9.3.1/transforms/839775023832f14c21cd2ab0841b0a51/transformed/jetified-navigation-compose-2.8.9-runtime/jetified-navigation-compose-2.8.9-runtime_dex, /opt/gradle/.gradle/caches/9.3.1/transforms/a118a6fbbebbdddb18f6bc3aa948071f/transformed/jetified-material3-release-runtime/jetified-material3-release-runtime_dex, /opt/gradle/.gradle/caches/9.3.1/transforms/faf1255deb22089e1b920de680542b35/transformed/jetified-coil-compose-2.7.0-runtime/jetified-coil-compose-2.7.0-runtime_dex, /opt/gradle/.gradle/caches/9.3.1/transforms/fa6894870bd0365dc8c4e5eaff84bbd7/transformed/jetified-coil-compose-base-2.7.0-runtime/jetified-coil-compose-base-2.7.0-runtime_dex, /opt/gradle/.gradle/caches/9.3.1/transforms/149c6630b4b0abbe97d560b69e16db2c/transformed/jetified-material-release-runtime/jetified-material-release-runtime_dex, /opt/gradle/.gradle/caches/9.3.1/transforms/021583efb6849d1c9ed5d8c0e2afc3ef/transformed/jetified-animation-core-release-runtime/jetified-animation-core-release-runtime_dex, /opt/gradle/.gradle/caches/9.3.1/transforms/513adf74a8370ace7c469a6f85596728/transformed/jetified-material-ripple-release-runtime/jetified-material-ripple-release-runtime_dex, /opt/gradle/.gradle/caches/9.3.1/transforms/d82d76ba923d987413faf76382031143/transformed/jetified-animation-release-runtime/jetified-animation-release-runtime_dex, /opt/gradle/.gradle/caches/9.3.1/transforms/89ca425fd6628048caedb3d5db17386c/transformed/jetified-foundation-layout-release-runtime/jetified-foundation-layout-release-runtime_dex, /opt/gradle/.gradle/caches/9.3.1/transforms/b2c94cd16c854c1d7b628d44ca1b11ee/transformed/jetified-foundation-release-runtime/jetified-foundation-release-runtime_dex, /opt/gradle/.gradle/caches/9.3.1/transforms/f8922267cad118af7d2558dfed2ffb4a/transformed/jetified-ui-tooling-data-release-runtime/jetified-ui-tooling-data-release-runtime_dex, /opt/gradle/.gradle/caches/9.3.1/transforms/975e6f5038ca74cefd61190384e37b68/transformed/jetified-ui-unit-release-runtime/jetified-ui-unit-release-runtime_dex, /opt/gradle/.gradle/caches/9.3.1/transforms/5f4eb9d914290af30e6bee0a24b32820/transformed/jetified-ui-geometry-release-runtime/jetified-ui-geometry-release-runtime_dex, /opt/gradle/.gradle/caches/9.3.1/transforms/ecb20e015eb7cb52623765e66ff8fdf8/transformed/jetified-ui-util-release-runtime/jetified-ui-util-release-runtime_dex, /opt/gradle/.gradle/caches/9.3.1/transforms/d383fbdbd9e9f184839f977f4b4ba10f/transformed/jetified-ui-text-release-runtime/jetified-ui-text-release-runtime_dex, /opt/gradle/.gradle/caches/9.3.1/transforms/fc2f291f9014b69c204e640f86c53bc2/transformed/jetified-ui-tooling-preview-release-runtime/jetified-ui-tooling-preview-release-runtime_dex, /opt/gradle/.gradle/caches/9.3.1/transforms/3b6bc2ddcd3f3ca0a11cce264f188558/transformed/jetified-ui-tooling-release-runtime/jetified-ui-tooling-release-runtime_dex, /opt/gradle/.gradle/caches/9.3.1/transforms/7154a35994e6811176d191bb18f58eaf/transformed/jetified-ui-graphics-release-runtime/jetified-ui-graphics-release-runtime_dex, /opt/gradle/.gradle/caches/9.3.1/transforms/fe3a3a63e0d288bc1bc85f86429591a6/transformed/jetified-camera-video-1.5.0-runtime/jetified-camera-video-1.5.0-runtime_dex, /opt/gradle/.gradle/caches/9.3.1/transforms/4c7d091c8ae3187b93f76397f9b4196e/transformed/jetified-camera-view-1.5.0-runtime/jetified-camera-view-1.5.0-runtime_dex, /opt/gradle/.gradle/caches/9.3.1/transforms/4b16d43abaadc4ee77a52de1bf3d204c/transformed/jetified-camera-lifecycle-1.5.0-runtime/jetified-camera-lifecycle-1.5.0-runtime_dex, /opt/gradle/.gradle/caches/9.3.1/transforms/9e2d5c2b154ebc10aa8780c9ce2fc1c6/transformed/jetified-camera-camera2-1.5.0-runtime/jetified-camera-camera2-1.5.0-runtime_dex, /opt/gradle/.gradle/caches/9.3.1/transforms/6c8432caa014ecc7b0e13c83fce64174/transformed/jetified-camera-core-1.5.0-runtime/jetified-camera-core-1.5.0-runtime_dex, /opt/gradle/.gradle/caches/9.3.1/transforms/9dfd5d4da77bc6585f3181d1606108d9/transformed/jetified-coil-2.7.0-runtime/jetified-coil-2.7.0-runtime_dex, /opt/gradle/.gradle/caches/9.3.1/transforms/d2246ad10f4e99905e62872aa1c1642f/transformed/jetified-coil-base-2.7.0-runtime/jetified-coil-base-2.7.0-runtime_dex, /opt/gradle/.gradle/caches/9.3.1/transforms/9a6d50812841034691489a25a6998f6a/transformed/jetified-appcompat-resources-1.6.1-runtime/jetified-appcompat-resources-1.6.1-runtime_dex, /opt/gradle/.gradle/caches/9.3.1/transforms/e6f8f693c7c398a75630069de13e9cf6/transformed/appcompat-1.6.1-runtime/appcompat-1.6.1-runtime_dex, /opt/gradle/.gradle/caches/9.3.1/transforms/757cfbca1f0858cb4814e073a9237d7d/transformed/fragment-1.3.6-runtime/fragment-1.3.6-runtime_dex, /opt/gradle/.gradle/caches/9.3.1/transforms/a3c69bb53a8a3927c709745a8b3ebecb/transformed/jetified-activity-1.9.3-runtime/jetified-activity-1.9.3-runtime_dex, /opt/gradle/.gradle/caches/9.3.1/transforms/0f224b1812d48dec157410cab924973e/transformed/jetified-savedstate-ktx-1.2.1-runtime/jetified-savedstate-ktx-1.2.1-runtime_dex, /opt/gradle/.gradle/caches/9.3.1/transforms/ab73f0aaa46a796a38755ce2e3e7c36b/transformed/jetified-savedstate-1.2.1-runtime/jetified-savedstate-1.2.1-runtime_dex, /opt/gradle/.gradle/caches/9.3.1/transforms/0ac9dcc6f2b4d2e01b48745dcaa745b2/transformed/jetified-emoji2-views-helper-1.3.0-runtime/jetified-emoji2-views-helper-1.3.0-runtime_dex, /opt/gradle/.gradle/caches/9.3.1/transforms/1fe596f5f8720b7562ad2694e334bc00/transformed/jetified-emoji2-1.3.0-runtime/jetified-emoji2-1.3.0-runtime_dex, /opt/gradle/.gradle/caches/9.3.1/transforms/36dea3bce1451ceb741cfe5ca759ec48/transformed/jetified-lifecycle-process-2.8.7-runtime/jetified-lifecycle-process-2.8.7-runtime_dex, /opt/gradle/.gradle/caches/9.3.1/transforms/71bd0135130b00664c88491b3c8c2e2b/transformed/jetified-lifecycle-runtime-release-runtime/jetified-lifecycle-runtime-release-runtime_dex, /opt/gradle/.gradle/caches/9.3.1/transforms/4e37808dc6e8946c71e620988daa6fb0/transformed/loader-1.0.0-runtime/loader-1.0.0-runtime_dex, /opt/gradle/.gradle/caches/9.3.1/transforms/e415e5018ef68a665ab8aea7a3599f75/transformed/jetified-lifecycle-viewmodel-release-runtime/jetified-lifecycle-viewmodel-release-runtime_dex, /opt/gradle/.gradle/caches/9.3.1/transforms/ec0d4e219a4ba0c06efbb8421b17afa1/transformed/jetified-lifecycle-common-jvm-2.8.7/jetified-lifecycle-common-jvm-2.8.7_dex, /opt/gradle/.gradle/caches/9.3.1/transforms/2643d14601a2b491fc0bdf2a9a83995d/transformed/jetified-lifecycle-viewmodel-savedstate-2.8.7-runtime/jetified-lifecycle-viewmodel-savedstate-2.8.7-runtime_dex, /opt/gradle/.gradle/caches/9.3.1/transforms/6309e0b43b1bf39793794c911f881972/transformed/lifecycle-livedata-core-2.8.7-runtime/lifecycle-livedata-core-2.8.7-runtime_dex, /opt/gradle/.gradle/caches/9.3.1/transforms/2dfa003c64a68503c8d899bc63443e34/transformed/lifecycle-livedata-2.8.7-runtime/lifecycle-livedata-2.8.7-runtime_dex, /opt/gradle/.gradle/caches/9.3.1/transforms/6cc949773836cdf199b58bf5c725f348/transformed/jetified-lifecycle-runtime-compose-release-runtime/jetified-lifecycle-runtime-compose-release-runtime_dex, /opt/gradle/.gradle/caches/9.3.1/transforms/21a3b495f8afc41f335e7cdbb9002433/transformed/jetified-lifecycle-viewmodel-compose-release-runtime/jetified-lifecycle-viewmodel-compose-release-runtime_dex, /opt/gradle/.gradle/caches/9.3.1/transforms/27d0d269827c419e1b0bd847ed3f26d6/transformed/jetified-material-icons-extended-release-runtime/jetified-material-icons-extended-release-runtime_dex, /opt/gradle/.gradle/caches/9.3.1/transforms/aafb2dcb624602b0134ee50448533742/transformed/jetified-material-icons-core-release-runtime/jetified-material-icons-core-release-runtime_dex, /opt/gradle/.gradle/caches/9.3.1/transforms/923977df2550cc0b9ddf120a912deb77/transformed/jetified-accompanist-drawablepainter-0.32.0-runtime/jetified-accompanist-drawablepainter-0.32.0-runtime_dex, /opt/gradle/.gradle/caches/9.3.1/transforms/7fa8862334e64182766e43ac02a05ee0/transformed/jetified-ui-release-runtime/jetified-ui-release-runtime_dex, /opt/gradle/.gradle/caches/9.3.1/transforms/636ab52e13ce3f7ab246556ec9d03c18/transformed/jetified-activity-compose-1.9.3-runtime/jetified-activity-compose-1.9.3-runtime_dex, /opt/gradle/.gradle/caches/9.3.1/transforms/be736a7f2cccd7127bb028be7893a7ff/transformed/jetified-autofill-1.0.0-runtime/jetified-autofill-1.0.0-runtime_dex, /opt/gradle/.gradle/caches/9.3.1/transforms/c407039f928eda7b280214a97186d2c4/transformed/jetified-graphics-path-1.0.1-runtime/jetified-graphics-path-1.0.1-runtime_dex, /opt/gradle/.gradle/caches/9.3.1/transforms/da0f61a0d5352775cf2c9d602d712f69/transformed/vectordrawable-animated-1.1.0-runtime/vectordrawable-animated-1.1.0-runtime_dex, /opt/gradle/.gradle/caches/9.3.1/transforms/e1991b3ac8514ea072942a001e0f42ae/transformed/vectordrawable-1.1.0-runtime/vectordrawable-1.1.0-runtime_dex, /opt/gradle/.gradle/caches/9.3.1/transforms/6262335c57f88d89c0eb09a28e2d3321/transformed/drawerlayout-1.0.0-runtime/drawerlayout-1.0.0-runtime_dex, /opt/gradle/.gradle/caches/9.3.1/transforms/84a49a08934d17a29ed3ef1886c84510/transformed/viewpager-1.0.0-runtime/viewpager-1.0.0-runtime_dex, /opt/gradle/.gradle/caches/9.3.1/transforms/c4c30571eb20198add0759dbf2f43051/transformed/customview-1.0.0-runtime/customview-1.0.0-runtime_dex, /opt/gradle/.gradle/caches/9.3.1/transforms/6ad71212123ffde52d6799f663acec92/transformed/core-1.15.0-runtime/core-1.15.0-runtime_dex, /opt/gradle/.gradle/caches/9.3.1/transforms/93234f9bb0ef33e06b2e62f054fb268e/transformed/jetified-customview-poolingcontainer-1.0.0-runtime/jetified-customview-poolingcontainer-1.0.0-runtime_dex, /opt/gradle/.gradle/caches/9.3.1/transforms/145eb2b82e7d24e5946000fba05350eb/transformed/jetified-core-ktx-1.15.0-runtime/jetified-core-ktx-1.15.0-runtime_dex, /opt/gradle/.gradle/caches/9.3.1/transforms/1638d35cf6b5a781e2a002370d1b082f/transformed/room-common-2.6.1/room-common-2.6.1_dex, /opt/gradle/.gradle/caches/9.3.1/transforms/31ffa9e476671b1e9af2bf59d4b07f01/transformed/room-runtime-2.6.1-runtime/room-runtime-2.6.1-runtime_dex, /opt/gradle/.gradle/caches/9.3.1/transforms/e86cead2351957dbe7a7a554dc8446de/transformed/jetified-room-ktx-2.6.1-runtime/jetified-room-ktx-2.6.1-runtime_dex, /opt/gradle/.gradle/caches/9.3.1/transforms/05802703e2afa1f69f97ac5f88c581f8/transformed/jetified-concurrent-futures-ktx-1.1.0/jetified-concurrent-futures-ktx-1.1.0_dex, /opt/gradle/.gradle/caches/9.3.1/transforms/751e56003751607c165cca5d5a1accd6/transformed/jetified-runtime-saveable-release-runtime/jetified-runtime-saveable-release-runtime_dex, /opt/gradle/.gradle/caches/9.3.1/transforms/0df4152871d95fcfcfe01d40ba52a9e6/transformed/jetified-runtime-release-runtime/jetified-runtime-release-runtime_dex, /opt/gradle/.gradle/caches/9.3.1/transforms/cf2c897eaef7ca8c401f0fecf1d5c715/transformed/jetified-kotlinx-coroutines-core-jvm-1.10.2/jetified-kotlinx-coroutines-core-jvm-1.10.2_dex, /opt/gradle/.gradle/caches/9.3.1/transforms/64d887bf3a30a277eaf6d71a72709801/transformed/jetified-kotlinx-coroutines-android-1.10.2/jetified-kotlinx-coroutines-android-1.10.2_dex, /opt/gradle/.gradle/caches/9.3.1/transforms/b973fc8242056850e9d9045657b94302/transformed/jetified-converter-kotlinx-serialization-2.12.0/jetified-converter-kotlinx-serialization-2.12.0_dex, /opt/gradle/.gradle/caches/9.3.1/transforms/4f0b1f8b8c4969f48a20c119d472df10/transformed/jetified-annotation-experimental-1.4.1-runtime/jetified-annotation-experimental-1.4.1-runtime_dex, /opt/gradle/.gradle/caches/9.3.1/transforms/063f1064cd9141b1386bb7564309d9f8/transformed/jetified-profileinstaller-1.3.1-runtime/jetified-profileinstaller-1.3.1-runtime_dex, /opt/gradle/.gradle/caches/9.3.1/transforms/e2ad4e620650097f428799e97599946d/transformed/jetified-startup-runtime-1.1.1-runtime/jetified-startup-runtime-1.1.1-runtime_dex, /opt/gradle/.gradle/caches/9.3.1/transforms/12a7e2329bf65900a32a192f19255a71/transformed/jetified-tracing-1.2.0-runtime/jetified-tracing-1.2.0-runtime_dex, /opt/gradle/.gradle/caches/9.3.1/transforms/8b71636d482d98a34718f134ceb797a2/transformed/jetified-tracing-ktx-1.2.0-runtime/jetified-tracing-ktx-1.2.0-runtime_dex, /opt/gradle/.gradle/caches/9.3.1/transforms/63fc74cd92669cc0856218a71cf1d5d3/transformed/sqlite-framework-2.4.0-runtime/sqlite-framework-2.4.0-runtime_dex, /opt/gradle/.gradle/caches/9.3.1/transforms/499a9e8313c77ab7923c464988787e41/transformed/sqlite-2.4.0-runtime/sqlite-2.4.0-runtime_dex, /opt/gradle/.gradle/caches/9.3.1/transforms/ccc471e0447db81cbc2768d41cb7a8b0/transformed/jetified-moshi-kotlin-1.15.2/jetified-moshi-kotlin-1.15.2_dex, /opt/gradle/.gradle/caches/9.3.1/transforms/072261bff3276fea4dafd81e87eed6a6/transformed/jetified-kotlin-reflect-1.8.21/jetified-kotlin-reflect-1.8.21_dex, /opt/gradle/.gradle/caches/9.3.1/transforms/d20cd4c7ea67b9c671b0a42706502277/transformed/jetified-core-1.54.0-runtime/jetified-core-1.54.0-runtime_dex, /opt/gradle/.gradle/caches/9.3.1/transforms/e84f9261a0067a99bb54ba977ce90544/transformed/core-runtime-2.2.0-runtime/core-runtime-2.2.0-runtime_dex, /opt/gradle/.gradle/caches/9.3.1/transforms/57846dcd69ceb6f508ec3f6b27b5a223/transformed/core-common-2.2.0/core-common-2.2.0_dex, /opt/gradle/.gradle/caches/9.3.1/transforms/d682740c4ee1ae3d9b2981d591a9c783/transformed/jetified-featurecombinationquery-1.5.0-runtime/jetified-featurecombinationquery-1.5.0-runtime_dex, /opt/gradle/.gradle/caches/9.3.1/transforms/dd139d26d1ca29b757d940877118f51d/transformed/jetified-concurrent-futures-1.1.0/jetified-concurrent-futures-1.1.0_dex, /opt/gradle/.gradle/caches/9.3.1/transforms/31f79d00bd99d4e2f21e09edcb6e591c/transformed/interpolator-1.0.0-runtime/interpolator-1.0.0-runtime_dex, /opt/gradle/.gradle/caches/9.3.1/transforms/0230959b577d31be13efdd5ff875da47/transformed/versionedparcelable-1.1.1-runtime/versionedparcelable-1.1.1-runtime_dex, /opt/gradle/.gradle/caches/9.3.1/transforms/47f67699f3a1a848957ecb78e84b6489/transformed/exifinterface-1.3.7-runtime/exifinterface-1.3.7-runtime_dex, /opt/gradle/.gradle/caches/9.3.1/transforms/72e925578d8edee32c4862757f3e80b6/transformed/jetified-collection-jvm-1.4.4/jetified-collection-jvm-1.4.4_dex, /opt/gradle/.gradle/caches/9.3.1/transforms/361ce1f4e12e866e751371d1d407a799/transformed/cursoradapter-1.0.0-runtime/cursoradapter-1.0.0-runtime_dex, /opt/gradle/.gradle/caches/9.3.1/transforms/45b5e70836b3aaf0db95f37dc526aa73/transformed/jetified-resourceinspection-annotation-1.0.1/jetified-resourceinspection-annotation-1.0.1_dex, /opt/gradle/.gradle/caches/9.3.1/transforms/39208077036c533e3dfdab2bdd18549f/transformed/jetified-annotation-jvm-1.8.1/jetified-annotation-jvm-1.8.1_dex, /opt/gradle/.gradle/caches/9.3.1/transforms/5f7b77093b614513ca90e0293c774c74/transformed/jetified-kotlinx-serialization-json-jvm-1.8.1/jetified-kotlinx-serialization-json-jvm-1.8.1_dex, /opt/gradle/.gradle/caches/9.3.1/transforms/9ce346922bf1f4dc2273713e4a18c169/transformed/jetified-kotlinx-serialization-core-jvm-1.8.1/jetified-kotlinx-serialization-core-jvm-1.8.1_dex, /opt/gradle/.gradle/caches/9.3.1/transforms/41f9e8284b48b8e59304673338a8f0fd/transformed/jetified-logging-interceptor-4.10.0/jetified-logging-interceptor-4.10.0_dex, /opt/gradle/.gradle/caches/9.3.1/transforms/601467abc11cad988892a87a05dc58e0/transformed/jetified-converter-moshi-2.12.0/jetified-converter-moshi-2.12.0_dex, /opt/gradle/.gradle/caches/9.3.1/transforms/dc9863e89be9ab848cefc5065add5cb5/transformed/jetified-moshi-1.15.2/jetified-moshi-1.15.2_dex, /opt/gradle/.gradle/caches/9.3.1/transforms/75cb64999f7009870951e16cabc1793b/transformed/jetified-retrofit-2.12.0/jetified-retrofit-2.12.0_dex, /opt/gradle/.gradle/caches/9.3.1/transforms/372964981b6c0630073da561dc46a314/transformed/jetified-okhttp-4.12.0/jetified-okhttp-4.12.0_dex, /opt/gradle/.gradle/caches/9.3.1/transforms/322b7d821a944151ebcd72f27740d087/transformed/jetified-okio-jvm-3.9.0/jetified-okio-jvm-3.9.0_dex, /opt/gradle/.gradle/caches/9.3.1/transforms/cdafe91f54972f14ef43e2a63681fcfc/transformed/jetified-kotlin-stdlib-2.1.21/jetified-kotlin-stdlib-2.1.21_dex, /opt/gradle/.gradle/caches/9.3.1/transforms/16c6d6c3e783835ee6b8c6edd6ac99db/transformed/jetified-annotations-23.0.0/jetified-annotations-23.0.0_dex, /opt/gradle/.gradle/caches/9.3.1/transforms/1ab32b8b5b57c8af3316bee6b1add0bb/transformed/jetified-auto-value-annotations-1.6.3/jetified-auto-value-annotations-1.6.3_dex, /opt/gradle/.gradle/caches/9.3.1/transforms/c99080bac17ee411f4adc3d27700082d/transformed/jetified-listenablefuture-1.0/jetified-listenablefuture-1.0_dex, /opt/gradle/.gradle/caches/9.3.1/transforms/af477fa70ef4d1b6177c5b9533676985/transformed/jetified-jspecify-1.0.0/jetified-jspecify-1.0.0_dex, and from all global synthetics files in 

Resolve mutations for :app:stripDebugDebugSymbols (Thread[#68,included builds,5,main]) started.
:app:stripDebugDebugSymbols (Thread[#68,included builds,5,main]) started.

> Task :app:processDebugResources
Downloading https://dl.google.com/dl/android/maven2/com/android/tools/build/aapt2/8.7.3-12006047/aapt2-8.7.3-12006047.pom to /opt/gradle/.gradle/.tmp/gradle_download2092081347095941198bin
Downloading https://dl.google.com/dl/android/maven2/com/android/tools/build/aapt2/8.7.3-12006047/aapt2-8.7.3-12006047-linux.jar to /opt/gradle/.gradle/.tmp/gradle_download191976396786363137bin
Caching disabled for Aapt2Extractor: /opt/gradle/.gradle/caches/modules-2/files-2.1/com.android.tools.build/aapt2/8.7.3-12006047/52a897991b1646c2ca31ada48a86cf4b3e6d3a92/aapt2-8.7.3-12006047-linux.jar because:
  Caching not enabled.
Build cache key for AarResourcesCompilerTransform: /opt/gradle/.gradle/caches/9.3.1/transforms/fe3731a192d8ca92661f007c35e28479/transformed/jetified-accompanist-permissions-0.37.3 is 01875f5ef38343b8863f50a3892e5d92
Build cache key for AarResourcesCompilerTransform: /opt/gradle/.gradle/caches/9.3.1/transforms/010c67cb3e1ab3b16d25adf314da8c8e/transformed/navigation-common-2.8.9 is 6f520ef9eeed689afaef56bc708ef930
Build cache key for AarResourcesCompilerTransform: /opt/gradle/.gradle/caches/9.3.1/transforms/ad77a35617a7e82aad30508f3fe3c15c/transformed/navigation-common-ktx-2.8.9 is f0355d896dc75ad01c4dd2cff823eea5
Stored cache entry for AarResourcesCompilerTransform: /opt/gradle/.gradle/caches/9.3.1/transforms/fe3731a192d8ca92661f007c35e28479/transformed/jetified-accompanist-permissions-0.37.3 with cache key 01875f5ef38343b8863f50a3892e5d92
Stored cache entry for AarResourcesCompilerTransform: /opt/gradle/.gradle/caches/9.3.1/transforms/ad77a35617a7e82aad30508f3fe3c15c/transformed/navigation-common-ktx-2.8.9 with cache key f0355d896dc75ad01c4dd2cff823eea5
Stored cache entry for AarResourcesCompilerTransform: /opt/gradle/.gradle/caches/9.3.1/transforms/010c67cb3e1ab3b16d25adf314da8c8e/transformed/navigation-common-2.8.9 with cache key 6f520ef9eeed689afaef56bc708ef930
Build cache key for AarResourcesCompilerTransform: /opt/gradle/.gradle/caches/9.3.1/transforms/5730a3308c13524e1e52aeae78342c0f/transformed/navigation-runtime-ktx-2.8.9 is 70fa6cc50e9489850507b1a6ff59cbe1
Build cache key for AarResourcesCompilerTransform: /opt/gradle/.gradle/caches/9.3.1/transforms/2b8b32e53ee239f9be6175cb7c25ce53/transformed/jetified-navigation-compose-2.8.9 is 7d814c5276ffde284bc10538e5f8802a
Build cache key for AarResourcesCompilerTransform: /opt/gradle/.gradle/caches/9.3.1/transforms/f041467065e13580412693a4e57846b2/transformed/jetified-material3-release is c7096045b8a3693215146630cb3455ff
Stored cache entry for AarResourcesCompilerTransform: /opt/gradle/.gradle/caches/9.3.1/transforms/2b8b32e53ee239f9be6175cb7c25ce53/transformed/jetified-navigation-compose-2.8.9 with cache key 7d814c5276ffde284bc10538e5f8802a
Build cache key for AarResourcesCompilerTransform: /opt/gradle/.gradle/caches/9.3.1/transforms/95db0b52fba8b9c3dde84491527c506c/transformed/jetified-coil-compose-2.7.0 is 742364f1b6354b5d0706eeff2394e1a4
Stored cache entry for AarResourcesCompilerTransform: /opt/gradle/.gradle/caches/9.3.1/transforms/5730a3308c13524e1e52aeae78342c0f/transformed/navigation-runtime-ktx-2.8.9 with cache key 70fa6cc50e9489850507b1a6ff59cbe1
Build cache key for AarResourcesCompilerTransform: /opt/gradle/.gradle/caches/9.3.1/transforms/cfc60be1cc7f19b1b84b50684e8a0e0b/transformed/jetified-coil-compose-base-2.7.0 is 604860317454b880fba6544b6ae2d9ff
Stored cache entry for AarResourcesCompilerTransform: /opt/gradle/.gradle/caches/9.3.1/transforms/f041467065e13580412693a4e57846b2/transformed/jetified-material3-release with cache key c7096045b8a3693215146630cb3455ff
Build cache key for AarResourcesCompilerTransform: /opt/gradle/.gradle/caches/9.3.1/transforms/8b9cba14ec8d3d8cbe82579a96230507/transformed/jetified-material-release is 44a700dbba6aee64fad8bb35adf5d3b1
Stored cache entry for AarResourcesCompilerTransform: /opt/gradle/.gradle/caches/9.3.1/transforms/95db0b52fba8b9c3dde84491527c506c/transformed/jetified-coil-compose-2.7.0 with cache key 742364f1b6354b5d0706eeff2394e1a4
Build cache key for AarResourcesCompilerTransform: /opt/gradle/.gradle/caches/9.3.1/transforms/7c35b0883b95e56c9d6d8116222c4c20/transformed/jetified-animation-core-release is 452b636a87ac432e2317e84da0e4cc8f
Stored cache entry for AarResourcesCompilerTransform: /opt/gradle/.gradle/caches/9.3.1/transforms/cfc60be1cc7f19b1b84b50684e8a0e0b/transformed/jetified-coil-compose-base-2.7.0 with cache key 604860317454b880fba6544b6ae2d9ff
Build cache key for AarResourcesCompilerTransform: /opt/gradle/.gradle/caches/9.3.1/transforms/6192ec08ad811037f8f9ff1cb6d8d09a/transformed/jetified-material-ripple-release is 0f2593a2c3c2d9e3b417c0ab8d57f773
Stored cache entry for AarResourcesCompilerTransform: /opt/gradle/.gradle/caches/9.3.1/transforms/8b9cba14ec8d3d8cbe82579a96230507/transformed/jetified-material-release with cache key 44a700dbba6aee64fad8bb35adf5d3b1
Build cache key for AarResourcesCompilerTransform: /opt/gradle/.gradle/caches/9.3.1/transforms/44bc905b3c71aa3fa94d118cb9c4f9aa/transformed/jetified-animation-release is be8ffe27d6d14d53ea77c13043f677e4
Stored cache entry for AarResourcesCompilerTransform: /opt/gradle/.gradle/caches/9.3.1/transforms/7c35b0883b95e56c9d6d8116222c4c20/transformed/jetified-animation-core-release with cache key 452b636a87ac432e2317e84da0e4cc8f
Build cache key for AarResourcesCompilerTransform: /opt/gradle/.gradle/caches/9.3.1/transforms/9a36407d09695d33c237ab79125b7368/transformed/jetified-foundation-layout-release is 24bad5bd94608694fbf84e2340733a7a
Stored cache entry for AarResourcesCompilerTransform: /opt/gradle/.gradle/caches/9.3.1/transforms/6192ec08ad811037f8f9ff1cb6d8d09a/transformed/jetified-material-ripple-release with cache key 0f2593a2c3c2d9e3b417c0ab8d57f773
Stored cache entry for AarResourcesCompilerTransform: /opt/gradle/.gradle/caches/9.3.1/transforms/44bc905b3c71aa3fa94d118cb9c4f9aa/transformed/jetified-animation-release with cache key be8ffe27d6d14d53ea77c13043f677e4
Build cache key for AarResourcesCompilerTransform: /opt/gradle/.gradle/caches/9.3.1/transforms/464177ec0cf82891e9b7c52969da83da/transformed/jetified-foundation-release is 6673af64b5716a85ef65ae2c692baedc
Stored cache entry for AarResourcesCompilerTransform: /opt/gradle/.gradle/caches/9.3.1/transforms/9a36407d09695d33c237ab79125b7368/transformed/jetified-foundation-layout-release with cache key 24bad5bd94608694fbf84e2340733a7a
Build cache key for AarResourcesCompilerTransform: /opt/gradle/.gradle/caches/9.3.1/transforms/03bf141e5fa203534be0861f59c8c20c/transformed/jetified-ui-tooling-data-release is 0995f5afd2f71a9f25dcb740734a70a0
Build cache key for AarResourcesCompilerTransform: /opt/gradle/.gradle/caches/9.3.1/transforms/6075ccedffa94b491d41fd0379b824e8/transformed/jetified-ui-unit-release is b121fb4bba09833a7ebf072bc77ece52
Stored cache entry for AarResourcesCompilerTransform: /opt/gradle/.gradle/caches/9.3.1/transforms/03bf141e5fa203534be0861f59c8c20c/transformed/jetified-ui-tooling-data-release with cache key 0995f5afd2f71a9f25dcb740734a70a0
Stored cache entry for AarResourcesCompilerTransform: /opt/gradle/.gradle/caches/9.3.1/transforms/6075ccedffa94b491d41fd0379b824e8/transformed/jetified-ui-unit-release with cache key b121fb4bba09833a7ebf072bc77ece52
Build cache key for AarResourcesCompilerTransform: /opt/gradle/.gradle/caches/9.3.1/transforms/068d5d7971da98df14f05e1eba4e218d/transformed/jetified-ui-geometry-release is b75f456bc555d68199f23eb224e8ac4c
Build cache key for AarResourcesCompilerTransform: /opt/gradle/.gradle/caches/9.3.1/transforms/e7626449f1cad337b87655d507a5a69d/transformed/jetified-ui-util-release is e1a50c921720717f0671eb0a0a8a8799
Stored cache entry for AarResourcesCompilerTransform: /opt/gradle/.gradle/caches/9.3.1/transforms/464177ec0cf82891e9b7c52969da83da/transformed/jetified-foundation-release with cache key 6673af64b5716a85ef65ae2c692baedc
Build cache key for AarResourcesCompilerTransform: /opt/gradle/.gradle/caches/9.3.1/transforms/fe2056f497426a6bf09dec5cc6ee5fdc/transformed/jetified-ui-text-release is dd0c92e85f1e441db562703a462d63d1
Stored cache entry for AarResourcesCompilerTransform: /opt/gradle/.gradle/caches/9.3.1/transforms/068d5d7971da98df14f05e1eba4e218d/transformed/jetified-ui-geometry-release with cache key b75f456bc555d68199f23eb224e8ac4c
Stored cache entry for AarResourcesCompilerTransform: /opt/gradle/.gradle/caches/9.3.1/transforms/e7626449f1cad337b87655d507a5a69d/transformed/jetified-ui-util-release with cache key e1a50c921720717f0671eb0a0a8a8799
Stored cache entry for AarResourcesCompilerTransform: /opt/gradle/.gradle/caches/9.3.1/transforms/fe2056f497426a6bf09dec5cc6ee5fdc/transformed/jetified-ui-text-release with cache key dd0c92e85f1e441db562703a462d63d1
Build cache key for AarResourcesCompilerTransform: /opt/gradle/.gradle/caches/9.3.1/transforms/b8ba0e84758186a9432b41489d15f017/transformed/jetified-ui-tooling-preview-release is 736e7bd4366b0833c5584ad8f8abff4a
Build cache key for AarResourcesCompilerTransform: /opt/gradle/.gradle/caches/9.3.1/transforms/c86985a243eee53c0fea678b2319b968/transformed/jetified-ui-tooling-release is 5ba42b1679dfe82bc8706c2e2fd24b7d
Build cache key for AarResourcesCompilerTransform: /opt/gradle/.gradle/caches/9.3.1/transforms/0fb8b0179712442ac6a74744b28ade5b/transformed/jetified-ui-graphics-release is d5649635a19443372aa45cf2a5e4bc07
Stored cache entry for AarResourcesCompilerTransform: /opt/gradle/.gradle/caches/9.3.1/transforms/0fb8b0179712442ac6a74744b28ade5b/transformed/jetified-ui-graphics-release with cache key d5649635a19443372aa45cf2a5e4bc07
Stored cache entry for AarResourcesCompilerTransform: /opt/gradle/.gradle/caches/9.3.1/transforms/b8ba0e84758186a9432b41489d15f017/transformed/jetified-ui-tooling-preview-release with cache key 736e7bd4366b0833c5584ad8f8abff4a
Stored cache entry for AarResourcesCompilerTransform: /opt/gradle/.gradle/caches/9.3.1/transforms/c86985a243eee53c0fea678b2319b968/transformed/jetified-ui-tooling-release with cache key 5ba42b1679dfe82bc8706c2e2fd24b7d
Build cache key for AarResourcesCompilerTransform: /opt/gradle/.gradle/caches/9.3.1/transforms/a372721a253eb64c4b51846c119bd365/transformed/jetified-ui-test-manifest-1.7.5 is 7777abd914d02c1d961a4221bf1269c2
Build cache key for AarResourcesCompilerTransform: /opt/gradle/.gradle/caches/9.3.1/transforms/442529d2192db296c2ff502bb985a0cd/transformed/jetified-camera-view-1.5.0 is 01aadfef13b050ff0e4181f861ab4cb2
Build cache key for AarResourcesCompilerTransform: /opt/gradle/.gradle/caches/9.3.1/transforms/00fd3567bbe5687d450cd956ae262f97/transformed/jetified-camera-video-1.5.0 is 3c434994a9cf892ceeb0b2a6cf9a187b
Stored cache entry for AarResourcesCompilerTransform: /opt/gradle/.gradle/caches/9.3.1/transforms/442529d2192db296c2ff502bb985a0cd/transformed/jetified-camera-view-1.5.0 with cache key 01aadfef13b050ff0e4181f861ab4cb2
Stored cache entry for AarResourcesCompilerTransform: /opt/gradle/.gradle/caches/9.3.1/transforms/00fd3567bbe5687d450cd956ae262f97/transformed/jetified-camera-video-1.5.0 with cache key 3c434994a9cf892ceeb0b2a6cf9a187b
Stored cache entry for AarResourcesCompilerTransform: /opt/gradle/.gradle/caches/9.3.1/transforms/a372721a253eb64c4b51846c119bd365/transformed/jetified-ui-test-manifest-1.7.5 with cache key 7777abd914d02c1d961a4221bf1269c2
Build cache key for AarResourcesCompilerTransform: /opt/gradle/.gradle/caches/9.3.1/transforms/1238bd2e20e883ec40897eb0b9a14137/transformed/jetified-camera-camera2-1.5.0 is eecc88e9c5867bccf773ad866df9e37d
Build cache key for AarResourcesCompilerTransform: /opt/gradle/.gradle/caches/9.3.1/transforms/8092a9da76987ede1eb8c1ea38bfa0b7/transformed/jetified-camera-lifecycle-1.5.0 is 2e1f89c8158579ffce8cc88288f131bb
Build cache key for AarResourcesCompilerTransform: /opt/gradle/.gradle/caches/9.3.1/transforms/32d6ce8b33eff46b1a57c76c2f08e791/transformed/jetified-camera-core-1.5.0 is a94a0ab3a4af0dea7fd0b7be136b0741
Stored cache entry for AarResourcesCompilerTransform: /opt/gradle/.gradle/caches/9.3.1/transforms/8092a9da76987ede1eb8c1ea38bfa0b7/transformed/jetified-camera-lifecycle-1.5.0 with cache key 2e1f89c8158579ffce8cc88288f131bb
Stored cache entry for AarResourcesCompilerTransform: /opt/gradle/.gradle/caches/9.3.1/transforms/32d6ce8b33eff46b1a57c76c2f08e791/transformed/jetified-camera-core-1.5.0 with cache key a94a0ab3a4af0dea7fd0b7be136b0741
Stored cache entry for AarResourcesCompilerTransform: /opt/gradle/.gradle/caches/9.3.1/transforms/1238bd2e20e883ec40897eb0b9a14137/transformed/jetified-camera-camera2-1.5.0 with cache key eecc88e9c5867bccf773ad866df9e37d
Build cache key for AarResourcesCompilerTransform: /opt/gradle/.gradle/caches/9.3.1/transforms/f3357de5b44fcac6438431004b384aa9/transformed/jetified-coil-2.7.0 is fc3ec2f8e258566e89751663561d12e5
Build cache key for AarResourcesCompilerTransform: /opt/gradle/.gradle/caches/9.3.1/transforms/16b8c37a9c9a9d0dd8af856ed34edfdd/transformed/jetified-appcompat-resources-1.6.1 is 8f69e42d423c226687511d86ba8447d0
Build cache key for AarResourcesCompilerTransform: /opt/gradle/.gradle/caches/9.3.1/transforms/1663eed400c699ee882bad45e0f823a6/transformed/jetified-coil-base-2.7.0 is b461540b63face3e075f7bc086687061
Stored cache entry for AarResourcesCompilerTransform: /opt/gradle/.gradle/caches/9.3.1/transforms/f3357de5b44fcac6438431004b384aa9/transformed/jetified-coil-2.7.0 with cache key fc3ec2f8e258566e89751663561d12e5
Compiling xml file /opt/gradle/.gradle/caches/9.3.1/transforms/16b8c37a9c9a9d0dd8af856ed34edfdd/transformed/jetified-appcompat-resources-1.6.1/res/drawable/abc_vector_test.xml to /opt/gradle/.gradle/caches/9.3.1/transforms/f8612bcab1b6928370d32b0a052c6e38-6fa7ad4a-91dc-438c-a538-5011f0228b01/transformed/androidx.appcompat.resources/drawable_abc_vector_test.xml.flat
Stored cache entry for AarResourcesCompilerTransform: /opt/gradle/.gradle/caches/9.3.1/transforms/1663eed400c699ee882bad45e0f823a6/transformed/jetified-coil-base-2.7.0 with cache key b461540b63face3e075f7bc086687061
Build cache key for AarResourcesCompilerTransform: /opt/gradle/.gradle/caches/9.3.1/transforms/26ef40f88b6da64d86244d4b1d19972b/transformed/appcompat-1.6.1 is 8210f6ffd539920a6aa3e99177e98421
Build cache key for AarResourcesCompilerTransform: /opt/gradle/.gradle/caches/9.3.1/transforms/17e702d452372a4a8664d435d759cf26/transformed/fragment-1.3.6 is cf4d63aca0a547a8fcd4df8d20d9a39d
Compiling xml file /opt/gradle/.gradle/caches/9.3.1/transforms/17e702d452372a4a8664d435d759cf26/transformed/fragment-1.3.6/res/anim/fragment_fast_out_extra_slow_in.xml to /opt/gradle/.gradle/caches/9.3.1/transforms/60efc7d8fbc8801985858eac5da1a317-bda24bee-e896-44b7-9de5-84f0586dd29b/transformed/androidx.fragment/anim_fragment_fast_out_extra_slow_in.xml.flat
Compiling xml file /opt/gradle/.gradle/caches/9.3.1/transforms/17e702d452372a4a8664d435d759cf26/transformed/fragment-1.3.6/res/anim-v21/fragment_fast_out_extra_slow_in.xml to /opt/gradle/.gradle/caches/9.3.1/transforms/60efc7d8fbc8801985858eac5da1a317-bda24bee-e896-44b7-9de5-84f0586dd29b/transformed/androidx.fragment/anim-v21_fragment_fast_out_extra_slow_in.xml.flat
Stored cache entry for AarResourcesCompilerTransform: /opt/gradle/.gradle/caches/9.3.1/transforms/16b8c37a9c9a9d0dd8af856ed34edfdd/transformed/jetified-appcompat-resources-1.6.1 with cache key 8f69e42d423c226687511d86ba8447d0
Compiling xml file /opt/gradle/.gradle/caches/9.3.1/transforms/17e702d452372a4a8664d435d759cf26/transformed/fragment-1.3.6/res/animator/fragment_close_enter.xml to /opt/gradle/.gradle/caches/9.3.1/transforms/60efc7d8fbc8801985858eac5da1a317-bda24bee-e896-44b7-9de5-84f0586dd29b/transformed/androidx.fragment/animator_fragment_close_enter.xml.flat
Compiling xml file /opt/gradle/.gradle/caches/9.3.1/transforms/26ef40f88b6da64d86244d4b1d19972b/transformed/appcompat-1.6.1/res/layout-v26/abc_screen_toolbar.xml to /opt/gradle/.gradle/caches/9.3.1/transforms/acb49a874fb556d6835541878e58d2ec-3f7dbb7c-808f-4382-af50-262db3068051/transformed/androidx.appcompat/layout-v26_abc_screen_toolbar.xml.flat
Build cache key for AarResourcesCompilerTransform: /opt/gradle/.gradle/caches/9.3.1/transforms/34a943bee234201db93ab980ab6b7b9f/transformed/jetified-activity-1.9.3 is 4eae5cc8bebd85d0a9169cc6554b32d6
Compiling xml file /opt/gradle/.gradle/caches/9.3.1/transforms/17e702d452372a4a8664d435d759cf26/transformed/fragment-1.3.6/res/animator/fragment_close_exit.xml to /opt/gradle/.gradle/caches/9.3.1/transforms/60efc7d8fbc8801985858eac5da1a317-bda24bee-e896-44b7-9de5-84f0586dd29b/transformed/androidx.fragment/animator_fragment_close_exit.xml.flat
Stored cache entry for AarResourcesCompilerTransform: /opt/gradle/.gradle/caches/9.3.1/transforms/34a943bee234201db93ab980ab6b7b9f/transformed/jetified-activity-1.9.3 with cache key 4eae5cc8bebd85d0a9169cc6554b32d6
Compiling xml file /opt/gradle/.gradle/caches/9.3.1/transforms/17e702d452372a4a8664d435d759cf26/transformed/fragment-1.3.6/res/animator/fragment_fade_enter.xml to /opt/gradle/.gradle/caches/9.3.1/transforms/60efc7d8fbc8801985858eac5da1a317-bda24bee-e896-44b7-9de5-84f0586dd29b/transformed/androidx.fragment/animator_fragment_fade_enter.xml.flat
Build cache key for AarResourcesCompilerTransform: /opt/gradle/.gradle/caches/9.3.1/transforms/d4a3b0e21a9a7edc8d0407aee29cc920/transformed/jetified-savedstate-ktx-1.2.1 is 66794410a7c3d7105777a985d0509bd1
Compiling xml file /opt/gradle/.gradle/caches/9.3.1/transforms/17e702d452372a4a8664d435d759cf26/transformed/fragment-1.3.6/res/animator/fragment_fade_exit.xml to /opt/gradle/.gradle/caches/9.3.1/transforms/60efc7d8fbc8801985858eac5da1a317-bda24bee-e896-44b7-9de5-84f0586dd29b/transformed/androidx.fragment/animator_fragment_fade_exit.xml.flat
Compiling xml file /opt/gradle/.gradle/caches/9.3.1/transforms/17e702d452372a4a8664d435d759cf26/transformed/fragment-1.3.6/res/animator/fragment_open_enter.xml to /opt/gradle/.gradle/caches/9.3.1/transforms/60efc7d8fbc8801985858eac5da1a317-bda24bee-e896-44b7-9de5-84f0586dd29b/transformed/androidx.fragment/animator_fragment_open_enter.xml.flat
Stored cache entry for AarResourcesCompilerTransform: /opt/gradle/.gradle/caches/9.3.1/transforms/d4a3b0e21a9a7edc8d0407aee29cc920/transformed/jetified-savedstate-ktx-1.2.1 with cache key 66794410a7c3d7105777a985d0509bd1
Compiling xml file /opt/gradle/.gradle/caches/9.3.1/transforms/17e702d452372a4a8664d435d759cf26/transformed/fragment-1.3.6/res/animator/fragment_open_exit.xml to /opt/gradle/.gradle/caches/9.3.1/transforms/60efc7d8fbc8801985858eac5da1a317-bda24bee-e896-44b7-9de5-84f0586dd29b/transformed/androidx.fragment/animator_fragment_open_exit.xml.flat
Build cache key for AarResourcesCompilerTransform: /opt/gradle/.gradle/caches/9.3.1/transforms/033b36e90179c265fcf21ad8f736b8ec/transformed/jetified-savedstate-1.2.1 is d1bc47e5de9445936fd960e295179c07
Stored cache entry for AarResourcesCompilerTransform: /opt/gradle/.gradle/caches/9.3.1/transforms/033b36e90179c265fcf21ad8f736b8ec/transformed/jetified-savedstate-1.2.1 with cache key d1bc47e5de9445936fd960e295179c07
Build cache key for AarResourcesCompilerTransform: /opt/gradle/.gradle/caches/9.3.1/transforms/76db64eda8c556f90142165870bf8436/transformed/jetified-emoji2-views-helper-1.3.0 is 1f28a8e7e8faf8879738a6f00612edd8
AAPT2 aapt2-8.7.3-12006047-linux Daemon #0: starting
Stored cache entry for AarResourcesCompilerTransform: /opt/gradle/.gradle/caches/9.3.1/transforms/76db64eda8c556f90142165870bf8436/transformed/jetified-emoji2-views-helper-1.3.0 with cache key 1f28a8e7e8faf8879738a6f00612edd8
Stored cache entry for AarResourcesCompilerTransform: /opt/gradle/.gradle/caches/9.3.1/transforms/17e702d452372a4a8664d435d759cf26/transformed/fragment-1.3.6 with cache key cf4d63aca0a547a8fcd4df8d20d9a39d
Build cache key for AarResourcesCompilerTransform: /opt/gradle/.gradle/caches/9.3.1/transforms/2c1861fcad53ac0c87e93d65a5aaabb4/transformed/jetified-emoji2-1.3.0 is 90e7497363b5d34e5fac96ee66b8ac23
Build cache key for AarResourcesCompilerTransform: /opt/gradle/.gradle/caches/9.3.1/transforms/63a9dea6e789bc29b52fb39b9b23f4ed/transformed/jetified-lifecycle-process-2.8.7 is d4766314a0661c0e21e45c2fe5d8fb17
Stored cache entry for AarResourcesCompilerTransform: /opt/gradle/.gradle/caches/9.3.1/transforms/2c1861fcad53ac0c87e93d65a5aaabb4/transformed/jetified-emoji2-1.3.0 with cache key 90e7497363b5d34e5fac96ee66b8ac23
Stored cache entry for AarResourcesCompilerTransform: /opt/gradle/.gradle/caches/9.3.1/transforms/63a9dea6e789bc29b52fb39b9b23f4ed/transformed/jetified-lifecycle-process-2.8.7 with cache key d4766314a0661c0e21e45c2fe5d8fb17
Build cache key for AarResourcesCompilerTransform: /opt/gradle/.gradle/caches/9.3.1/transforms/17058dafbabc35775e1a82d27611f057/transformed/jetified-lifecycle-runtime-release is 1d1dc13e151b57326ca233b9c0b2d78e
Stored cache entry for AarResourcesCompilerTransform: /opt/gradle/.gradle/caches/9.3.1/transforms/17058dafbabc35775e1a82d27611f057/transformed/jetified-lifecycle-runtime-release with cache key 1d1dc13e151b57326ca233b9c0b2d78e
Build cache key for AarResourcesCompilerTransform: /opt/gradle/.gradle/caches/9.3.1/transforms/48f3eb464481aa9371ed5c7ebbbd7944/transformed/loader-1.0.0 is 7da37b502397b6b5680c558dc370758c
Build cache key for AarResourcesCompilerTransform: /opt/gradle/.gradle/caches/9.3.1/transforms/405a54bc4999c7a134f21a62e811783b/transformed/lifecycle-viewmodel-2.8.7 is e0eefb8e41788f5fbdf28e5c55a1ed21
Stored cache entry for AarResourcesCompilerTransform: /opt/gradle/.gradle/caches/9.3.1/transforms/405a54bc4999c7a134f21a62e811783b/transformed/lifecycle-viewmodel-2.8.7 with cache key e0eefb8e41788f5fbdf28e5c55a1ed21
Stored cache entry for AarResourcesCompilerTransform: /opt/gradle/.gradle/caches/9.3.1/transforms/48f3eb464481aa9371ed5c7ebbbd7944/transformed/loader-1.0.0 with cache key 7da37b502397b6b5680c558dc370758c
Build cache key for AarResourcesCompilerTransform: /opt/gradle/.gradle/caches/9.3.1/transforms/5835de669e47091a8cac982dfefa6ad8/transformed/jetified-lifecycle-viewmodel-release is 180cc5796856fa508895121b9e293846
Build cache key for AarResourcesCompilerTransform: /opt/gradle/.gradle/caches/9.3.1/transforms/2ebaa671d1ea0f522af84bd3afccfc73/transformed/jetified-lifecycle-livedata-core-ktx-2.8.7 is 6ee7537a3d47b6a1dbffc032f192658a
Stored cache entry for AarResourcesCompilerTransform: /opt/gradle/.gradle/caches/9.3.1/transforms/5835de669e47091a8cac982dfefa6ad8/transformed/jetified-lifecycle-viewmodel-release with cache key 180cc5796856fa508895121b9e293846
Stored cache entry for AarResourcesCompilerTransform: /opt/gradle/.gradle/caches/9.3.1/transforms/2ebaa671d1ea0f522af84bd3afccfc73/transformed/jetified-lifecycle-livedata-core-ktx-2.8.7 with cache key 6ee7537a3d47b6a1dbffc032f192658a
Build cache key for AarResourcesCompilerTransform: /opt/gradle/.gradle/caches/9.3.1/transforms/d4cec5d9c07f1c2d5911b7686204fb69/transformed/jetified-lifecycle-viewmodel-savedstate-2.8.7 is 50f465113a6b8dcaec0d4d4b6b3f53cd
Build cache key for AarResourcesCompilerTransform: /opt/gradle/.gradle/caches/9.3.1/transforms/ed987f7c6948d35c4b4de1eda1a32bcc/transformed/jetified-lifecycle-viewmodel-ktx-2.8.7 is 3a96765747ea7f25dc29c4ee1e50cf87
Stored cache entry for AarResourcesCompilerTransform: /opt/gradle/.gradle/caches/9.3.1/transforms/ed987f7c6948d35c4b4de1eda1a32bcc/transformed/jetified-lifecycle-viewmodel-ktx-2.8.7 with cache key 3a96765747ea7f25dc29c4ee1e50cf87
Stored cache entry for AarResourcesCompilerTransform: /opt/gradle/.gradle/caches/9.3.1/transforms/d4cec5d9c07f1c2d5911b7686204fb69/transformed/jetified-lifecycle-viewmodel-savedstate-2.8.7 with cache key 50f465113a6b8dcaec0d4d4b6b3f53cd
Build cache key for AarResourcesCompilerTransform: /opt/gradle/.gradle/caches/9.3.1/transforms/8352356b2bd7c5a8de8f3d69ee1071fd/transformed/lifecycle-livedata-core-2.8.7 is f282bd6b12ad3786d598bec74e4747fc
Build cache key for AarResourcesCompilerTransform: /opt/gradle/.gradle/caches/9.3.1/transforms/f3f64694eb97fc7806d1dae751ecd49a/transformed/lifecycle-livedata-2.8.7 is 5b2071d5ef5793cd973c6bb0ab6ff5b3
Stored cache entry for AarResourcesCompilerTransform: /opt/gradle/.gradle/caches/9.3.1/transforms/f3f64694eb97fc7806d1dae751ecd49a/transformed/lifecycle-livedata-2.8.7 with cache key 5b2071d5ef5793cd973c6bb0ab6ff5b3
Stored cache entry for AarResourcesCompilerTransform: /opt/gradle/.gradle/caches/9.3.1/transforms/8352356b2bd7c5a8de8f3d69ee1071fd/transformed/lifecycle-livedata-core-2.8.7 with cache key f282bd6b12ad3786d598bec74e4747fc
Build cache key for AarResourcesCompilerTransform: /opt/gradle/.gradle/caches/9.3.1/transforms/db8327f7fae1a35326be02d83ab9170d/transformed/jetified-lifecycle-runtime-ktx-release is 015b789dab8f8a943d4be513960deec7
Build cache key for AarResourcesCompilerTransform: /opt/gradle/.gradle/caches/9.3.1/transforms/05f35f2f83f4ba8a8ca9b75424ca13a0/transformed/jetified-lifecycle-runtime-compose-release is 2ab4d5088ecb9626ae9d379c9675f7d0
Stored cache entry for AarResourcesCompilerTransform: /opt/gradle/.gradle/caches/9.3.1/transforms/db8327f7fae1a35326be02d83ab9170d/transformed/jetified-lifecycle-runtime-ktx-release with cache key 015b789dab8f8a943d4be513960deec7
Stored cache entry for AarResourcesCompilerTransform: /opt/gradle/.gradle/caches/9.3.1/transforms/05f35f2f83f4ba8a8ca9b75424ca13a0/transformed/jetified-lifecycle-runtime-compose-release with cache key 2ab4d5088ecb9626ae9d379c9675f7d0
Build cache key for AarResourcesCompilerTransform: /opt/gradle/.gradle/caches/9.3.1/transforms/bd4c3a9cc947d731fa56e29e2ffa529b/transformed/jetified-lifecycle-viewmodel-compose-release is 30dc3fdcd9575b89b733f2f5641f75d0
Build cache key for AarResourcesCompilerTransform: /opt/gradle/.gradle/caches/9.3.1/transforms/8910bbaa682f821a7e8e03fb6cf3a1b9/transformed/jetified-material-icons-extended-release is bfc11e9746187cdd932e0b903b969dd6
Stored cache entry for AarResourcesCompilerTransform: /opt/gradle/.gradle/caches/9.3.1/transforms/bd4c3a9cc947d731fa56e29e2ffa529b/transformed/jetified-lifecycle-viewmodel-compose-release with cache key 30dc3fdcd9575b89b733f2f5641f75d0
Stored cache entry for AarResourcesCompilerTransform: /opt/gradle/.gradle/caches/9.3.1/transforms/8910bbaa682f821a7e8e03fb6cf3a1b9/transformed/jetified-material-icons-extended-release with cache key bfc11e9746187cdd932e0b903b969dd6
Build cache key for AarResourcesCompilerTransform: /opt/gradle/.gradle/caches/9.3.1/transforms/f281c32b9da29614d4c27d798f0de374/transformed/jetified-material-icons-core-release is 05fab59993e17d6f92be9c7364fac90e
Build cache key for AarResourcesCompilerTransform: /opt/gradle/.gradle/caches/9.3.1/transforms/4373b88a0d25f1f68250ad8c5c9ef7e8/transformed/jetified-accompanist-drawablepainter-0.32.0 is 58818469da7b3e90bae3bce5079322a6
Stored cache entry for AarResourcesCompilerTransform: /opt/gradle/.gradle/caches/9.3.1/transforms/4373b88a0d25f1f68250ad8c5c9ef7e8/transformed/jetified-accompanist-drawablepainter-0.32.0 with cache key 58818469da7b3e90bae3bce5079322a6
Stored cache entry for AarResourcesCompilerTransform: /opt/gradle/.gradle/caches/9.3.1/transforms/f281c32b9da29614d4c27d798f0de374/transformed/jetified-material-icons-core-release with cache key 05fab59993e17d6f92be9c7364fac90e
Build cache key for AarResourcesCompilerTransform: /opt/gradle/.gradle/caches/9.3.1/transforms/2211b4f177e1bff8f18b160ba94380fa/transformed/jetified-activity-ktx-1.9.3 is 612f0db855cd235135cb11a2e95c392f
Build cache key for AarResourcesCompilerTransform: /opt/gradle/.gradle/caches/9.3.1/transforms/b952504133b6fe786f3bf2bd86e0c9f9/transformed/jetified-ui-release is fcce058f2e06a9f52efcf859b9a9f113
Compiling xml file /opt/gradle/.gradle/caches/9.3.1/transforms/26ef40f88b6da64d86244d4b1d19972b/transformed/appcompat-1.6.1/res/drawable-v23/abc_control_background_material.xml to /opt/gradle/.gradle/caches/9.3.1/transforms/acb49a874fb556d6835541878e58d2ec-3f7dbb7c-808f-4382-af50-262db3068051/transformed/androidx.appcompat/drawable-v23_abc_control_background_material.xml.flat
Stored cache entry for AarResourcesCompilerTransform: /opt/gradle/.gradle/caches/9.3.1/transforms/2211b4f177e1bff8f18b160ba94380fa/transformed/jetified-activity-ktx-1.9.3 with cache key 612f0db855cd235135cb11a2e95c392f
Compiling xml file /opt/gradle/.gradle/caches/9.3.1/transforms/b952504133b6fe786f3bf2bd86e0c9f9/transformed/jetified-ui-release/res/color/vector_tint_color.xml to /opt/gradle/.gradle/caches/9.3.1/transforms/b0b59c59c39156492e178c151912b440-fa5741db-5456-4f0c-9ebf-0957ea4236eb/transformed/androidx.compose.ui/color_vector_tint_color.xml.flat
Compiling xml file /opt/gradle/.gradle/caches/9.3.1/transforms/26ef40f88b6da64d86244d4b1d19972b/transformed/appcompat-1.6.1/res/layout/abc_action_mode_close_item_material.xml to /opt/gradle/.gradle/caches/9.3.1/transforms/acb49a874fb556d6835541878e58d2ec-3f7dbb7c-808f-4382-af50-262db3068051/transformed/androidx.appcompat/layout_abc_action_mode_close_item_material.xml.flat
Compiling xml file /opt/gradle/.gradle/caches/9.3.1/transforms/b952504133b6fe786f3bf2bd86e0c9f9/transformed/jetified-ui-release/res/color/vector_tint_theme_color.xml to /opt/gradle/.gradle/caches/9.3.1/transforms/b0b59c59c39156492e178c151912b440-fa5741db-5456-4f0c-9ebf-0957ea4236eb/transformed/androidx.compose.ui/color_vector_tint_theme_color.xml.flat
Build cache key for AarResourcesCompilerTransform: /opt/gradle/.gradle/caches/9.3.1/transforms/518a9889cdd4dd8691d56bba0da2c414/transformed/jetified-activity-compose-1.9.3 is fb572ac3fdd46823db48e7ce1f1ae04d
Compiling xml file /opt/gradle/.gradle/caches/9.3.1/transforms/26ef40f88b6da64d86244d4b1d19972b/transformed/appcompat-1.6.1/res/layout/abc_list_menu_item_radio.xml to /opt/gradle/.gradle/caches/9.3.1/transforms/acb49a874fb556d6835541878e58d2ec-3f7dbb7c-808f-4382-af50-262db3068051/transformed/androidx.appcompat/layout_abc_list_menu_item_radio.xml.flat
Compiling xml file /opt/gradle/.gradle/caches/9.3.1/transforms/26ef40f88b6da64d86244d4b1d19972b/transformed/appcompat-1.6.1/res/layout/abc_alert_dialog_button_bar_material.xml to /opt/gradle/.gradle/caches/9.3.1/transforms/acb49a874fb556d6835541878e58d2ec-3f7dbb7c-808f-4382-af50-262db3068051/transformed/androidx.appcompat/layout_abc_alert_dialog_button_bar_material.xml.flat
Stored cache entry for AarResourcesCompilerTransform: /opt/gradle/.gradle/caches/9.3.1/transforms/518a9889cdd4dd8691d56bba0da2c414/transformed/jetified-activity-compose-1.9.3 with cache key fb572ac3fdd46823db48e7ce1f1ae04d
Stored cache entry for AarResourcesCompilerTransform: /opt/gradle/.gradle/caches/9.3.1/transforms/b952504133b6fe786f3bf2bd86e0c9f9/transformed/jetified-ui-release with cache key fcce058f2e06a9f52efcf859b9a9f113
Build cache key for AarResourcesCompilerTransform: /opt/gradle/.gradle/caches/9.3.1/transforms/d43ec47d910b3c29e5e5355e36c74a72/transformed/jetified-autofill-1.0.0 is 35a111e9ef0c687bd808285700476aa6
Compiling xml file /opt/gradle/.gradle/caches/9.3.1/transforms/26ef40f88b6da64d86244d4b1d19972b/transformed/appcompat-1.6.1/res/layout/abc_alert_dialog_material.xml to /opt/gradle/.gradle/caches/9.3.1/transforms/acb49a874fb556d6835541878e58d2ec-3f7dbb7c-808f-4382-af50-262db3068051/transformed/androidx.appcompat/layout_abc_alert_dialog_material.xml.flat
Build cache key for AarResourcesCompilerTransform: /opt/gradle/.gradle/caches/9.3.1/transforms/56a6659f97e42fb34492019cf2b3f3ee/transformed/jetified-graphics-path-1.0.1 is 2aa000be0095f350dd8098c9672973e6
Stored cache entry for AarResourcesCompilerTransform: /opt/gradle/.gradle/caches/9.3.1/transforms/56a6659f97e42fb34492019cf2b3f3ee/transformed/jetified-graphics-path-1.0.1 with cache key 2aa000be0095f350dd8098c9672973e6
Stored cache entry for AarResourcesCompilerTransform: /opt/gradle/.gradle/caches/9.3.1/transforms/d43ec47d910b3c29e5e5355e36c74a72/transformed/jetified-autofill-1.0.0 with cache key 35a111e9ef0c687bd808285700476aa6
Compiling xml file /opt/gradle/.gradle/caches/9.3.1/transforms/26ef40f88b6da64d86244d4b1d19972b/transformed/appcompat-1.6.1/res/layout/abc_screen_simple.xml to /opt/gradle/.gradle/caches/9.3.1/transforms/acb49a874fb556d6835541878e58d2ec-3f7dbb7c-808f-4382-af50-262db3068051/transformed/androidx.appcompat/layout_abc_screen_simple.xml.flat
Build cache key for AarResourcesCompilerTransform: /opt/gradle/.gradle/caches/9.3.1/transforms/e93cd45ab5fa9207705a3cb41fd4da8f/transformed/vectordrawable-animated-1.1.0 is 2ff0c1dd9537fb2fa28fdafbda548d4d
Build cache key for AarResourcesCompilerTransform: /opt/gradle/.gradle/caches/9.3.1/transforms/26cb2d33956bf535a7b4f171b1170600/transformed/vectordrawable-1.1.0 is b205ae97145576276a283573fcf8f090
Compiling xml file /opt/gradle/.gradle/caches/9.3.1/transforms/26ef40f88b6da64d86244d4b1d19972b/transformed/appcompat-1.6.1/res/layout/abc_screen_simple_overlay_action_mode.xml to /opt/gradle/.gradle/caches/9.3.1/transforms/acb49a874fb556d6835541878e58d2ec-3f7dbb7c-808f-4382-af50-262db3068051/transformed/androidx.appcompat/layout_abc_screen_simple_overlay_action_mode.xml.flat
Stored cache entry for AarResourcesCompilerTransform: /opt/gradle/.gradle/caches/9.3.1/transforms/26cb2d33956bf535a7b4f171b1170600/transformed/vectordrawable-1.1.0 with cache key b205ae97145576276a283573fcf8f090
Stored cache entry for AarResourcesCompilerTransform: /opt/gradle/.gradle/caches/9.3.1/transforms/e93cd45ab5fa9207705a3cb41fd4da8f/transformed/vectordrawable-animated-1.1.0 with cache key 2ff0c1dd9537fb2fa28fdafbda548d4d
Compiling xml file /opt/gradle/.gradle/caches/9.3.1/transforms/26ef40f88b6da64d86244d4b1d19972b/transformed/appcompat-1.6.1/res/layout/abc_action_mode_bar.xml to /opt/gradle/.gradle/caches/9.3.1/transforms/acb49a874fb556d6835541878e58d2ec-3f7dbb7c-808f-4382-af50-262db3068051/transformed/androidx.appcompat/layout_abc_action_mode_bar.xml.flat
Compiling xml file /opt/gradle/.gradle/caches/9.3.1/transforms/26ef40f88b6da64d86244d4b1d19972b/transformed/appcompat-1.6.1/res/layout/abc_tooltip.xml to /opt/gradle/.gradle/caches/9.3.1/transforms/acb49a874fb556d6835541878e58d2ec-3f7dbb7c-808f-4382-af50-262db3068051/transformed/androidx.appcompat/layout_abc_tooltip.xml.flat
Build cache key for AarResourcesCompilerTransform: /opt/gradle/.gradle/caches/9.3.1/transforms/98d6d208e25cf7683865ea2ca49be0e8/transformed/drawerlayout-1.0.0 is c135dd0c571c68e980dc32663ed1e59e
Build cache key for AarResourcesCompilerTransform: /opt/gradle/.gradle/caches/9.3.1/transforms/91bebab74b085d32c5b0711c35a2a674/transformed/viewpager-1.0.0 is a282eb1013d6d28872c5cfb20c50eb5b
Compiling xml file /opt/gradle/.gradle/caches/9.3.1/transforms/26ef40f88b6da64d86244d4b1d19972b/transformed/appcompat-1.6.1/res/layout/select_dialog_singlechoice_material.xml to /opt/gradle/.gradle/caches/9.3.1/transforms/acb49a874fb556d6835541878e58d2ec-3f7dbb7c-808f-4382-af50-262db3068051/transformed/androidx.appcompat/layout_select_dialog_singlechoice_material.xml.flat
Compiling xml file /opt/gradle/.gradle/caches/9.3.1/transforms/26ef40f88b6da64d86244d4b1d19972b/transformed/appcompat-1.6.1/res/layout/abc_alert_dialog_title_material.xml to /opt/gradle/.gradle/caches/9.3.1/transforms/acb49a874fb556d6835541878e58d2ec-3f7dbb7c-808f-4382-af50-262db3068051/transformed/androidx.appcompat/layout_abc_alert_dialog_title_material.xml.flat
Stored cache entry for AarResourcesCompilerTransform: /opt/gradle/.gradle/caches/9.3.1/transforms/98d6d208e25cf7683865ea2ca49be0e8/transformed/drawerlayout-1.0.0 with cache key c135dd0c571c68e980dc32663ed1e59e
Stored cache entry for AarResourcesCompilerTransform: /opt/gradle/.gradle/caches/9.3.1/transforms/91bebab74b085d32c5b0711c35a2a674/transformed/viewpager-1.0.0 with cache key a282eb1013d6d28872c5cfb20c50eb5b
Compiling xml file /opt/gradle/.gradle/caches/9.3.1/transforms/26ef40f88b6da64d86244d4b1d19972b/transformed/appcompat-1.6.1/res/layout/abc_action_menu_item_layout.xml to /opt/gradle/.gradle/caches/9.3.1/transforms/acb49a874fb556d6835541878e58d2ec-3f7dbb7c-808f-4382-af50-262db3068051/transformed/androidx.appcompat/layout_abc_action_menu_item_layout.xml.flat
Compiling xml file /opt/gradle/.gradle/caches/9.3.1/transforms/26ef40f88b6da64d86244d4b1d19972b/transformed/appcompat-1.6.1/res/layout/abc_search_view.xml to /opt/gradle/.gradle/caches/9.3.1/transforms/acb49a874fb556d6835541878e58d2ec-3f7dbb7c-808f-4382-af50-262db3068051/transformed/androidx.appcompat/layout_abc_search_view.xml.flat
Build cache key for AarResourcesCompilerTransform: /opt/gradle/.gradle/caches/9.3.1/transforms/b5f4b92e12db68c40444e9b48e307cf9/transformed/customview-1.0.0 is e357da82fc4a7733ed98c95fcb693d1f
Compiling xml file /opt/gradle/.gradle/caches/9.3.1/transforms/26ef40f88b6da64d86244d4b1d19972b/transformed/appcompat-1.6.1/res/layout/abc_popup_menu_header_item_layout.xml to /opt/gradle/.gradle/caches/9.3.1/transforms/acb49a874fb556d6835541878e58d2ec-3f7dbb7c-808f-4382-af50-262db3068051/transformed/androidx.appcompat/layout_abc_popup_menu_header_item_layout.xml.flat
Compiling xml file /opt/gradle/.gradle/caches/9.3.1/transforms/26ef40f88b6da64d86244d4b1d19972b/transformed/appcompat-1.6.1/res/layout/abc_list_menu_item_layout.xml to /opt/gradle/.gradle/caches/9.3.1/transforms/acb49a874fb556d6835541878e58d2ec-3f7dbb7c-808f-4382-af50-262db3068051/transformed/androidx.appcompat/layout_abc_list_menu_item_layout.xml.flat
Stored cache entry for AarResourcesCompilerTransform: /opt/gradle/.gradle/caches/9.3.1/transforms/b5f4b92e12db68c40444e9b48e307cf9/transformed/customview-1.0.0 with cache key e357da82fc4a7733ed98c95fcb693d1f
Compiling xml file /opt/gradle/.gradle/caches/9.3.1/transforms/26ef40f88b6da64d86244d4b1d19972b/transformed/appcompat-1.6.1/res/layout/abc_list_menu_item_checkbox.xml to /opt/gradle/.gradle/caches/9.3.1/transforms/acb49a874fb556d6835541878e58d2ec-3f7dbb7c-808f-4382-af50-262db3068051/transformed/androidx.appcompat/layout_abc_list_menu_item_checkbox.xml.flat
Build cache key for AarResourcesCompilerTransform: /opt/gradle/.gradle/caches/9.3.1/transforms/52cabaf485cf5ba2d4b5215228bd2d11/transformed/core-1.15.0 is ad48d7a60d507527cf9886146a797571
Compiling xml file /opt/gradle/.gradle/caches/9.3.1/transforms/26ef40f88b6da64d86244d4b1d19972b/transformed/appcompat-1.6.1/res/layout/abc_screen_content_include.xml to /opt/gradle/.gradle/caches/9.3.1/transforms/acb49a874fb556d6835541878e58d2ec-3f7dbb7c-808f-4382-af50-262db3068051/transformed/androidx.appcompat/layout_abc_screen_content_include.xml.flat
Compiling xml file /opt/gradle/.gradle/caches/9.3.1/transforms/26ef40f88b6da64d86244d4b1d19972b/transformed/appcompat-1.6.1/res/layout/support_simple_spinner_dropdown_item.xml to /opt/gradle/.gradle/caches/9.3.1/transforms/acb49a874fb556d6835541878e58d2ec-3f7dbb7c-808f-4382-af50-262db3068051/transformed/androidx.appcompat/layout_support_simple_spinner_dropdown_item.xml.flat
Compiling xml file /opt/gradle/.gradle/caches/9.3.1/transforms/52cabaf485cf5ba2d4b5215228bd2d11/transformed/core-1.15.0/res/drawable-v21/notification_action_background.xml to /opt/gradle/.gradle/caches/9.3.1/transforms/0cdc8f52cb6658b3b549ed15b06d10b1-e3171893-d752-46a8-afe5-236df3cb5d69/transformed/androidx.core/drawable-v21_notification_action_background.xml.flat
Compiling xml file /opt/gradle/.gradle/caches/9.3.1/transforms/26ef40f88b6da64d86244d4b1d19972b/transformed/appcompat-1.6.1/res/layout/abc_screen_toolbar.xml to /opt/gradle/.gradle/caches/9.3.1/transforms/acb49a874fb556d6835541878e58d2ec-3f7dbb7c-808f-4382-af50-262db3068051/transformed/androidx.appcompat/layout_abc_screen_toolbar.xml.flat
Compiling xml file /opt/gradle/.gradle/caches/9.3.1/transforms/26ef40f88b6da64d86244d4b1d19972b/transformed/appcompat-1.6.1/res/layout/select_dialog_multichoice_material.xml to /opt/gradle/.gradle/caches/9.3.1/transforms/acb49a874fb556d6835541878e58d2ec-3f7dbb7c-808f-4382-af50-262db3068051/transformed/androidx.appcompat/layout_select_dialog_multichoice_material.xml.flat
Compiling xml file /opt/gradle/.gradle/caches/9.3.1/transforms/26ef40f88b6da64d86244d4b1d19972b/transformed/appcompat-1.6.1/res/layout/abc_action_bar_title_item.xml to /opt/gradle/.gradle/caches/9.3.1/transforms/acb49a874fb556d6835541878e58d2ec-3f7dbb7c-808f-4382-af50-262db3068051/transformed/androidx.appcompat/layout_abc_action_bar_title_item.xml.flat
Compiling xml file /opt/gradle/.gradle/caches/9.3.1/transforms/26ef40f88b6da64d86244d4b1d19972b/transformed/appcompat-1.6.1/res/layout/abc_activity_chooser_view_list_item.xml to /opt/gradle/.gradle/caches/9.3.1/transforms/acb49a874fb556d6835541878e58d2ec-3f7dbb7c-808f-4382-af50-262db3068051/transformed/androidx.appcompat/layout_abc_activity_chooser_view_list_item.xml.flat
Compiling xml file /opt/gradle/.gradle/caches/9.3.1/transforms/52cabaf485cf5ba2d4b5215228bd2d11/transformed/core-1.15.0/res/layout-v21/notification_action_tombstone.xml to /opt/gradle/.gradle/caches/9.3.1/transforms/0cdc8f52cb6658b3b549ed15b06d10b1-e3171893-d752-46a8-afe5-236df3cb5d69/transformed/androidx.core/layout-v21_notification_action_tombstone.xml.flat
Compiling xml file /opt/gradle/.gradle/caches/9.3.1/transforms/26ef40f88b6da64d86244d4b1d19972b/transformed/appcompat-1.6.1/res/layout/abc_expanded_menu_layout.xml to /opt/gradle/.gradle/caches/9.3.1/transforms/acb49a874fb556d6835541878e58d2ec-3f7dbb7c-808f-4382-af50-262db3068051/transformed/androidx.appcompat/layout_abc_expanded_menu_layout.xml.flat
Compiling xml file /opt/gradle/.gradle/caches/9.3.1/transforms/26ef40f88b6da64d86244d4b1d19972b/transformed/appcompat-1.6.1/res/layout/abc_select_dialog_material.xml to /opt/gradle/.gradle/caches/9.3.1/transforms/acb49a874fb556d6835541878e58d2ec-3f7dbb7c-808f-4382-af50-262db3068051/transformed/androidx.appcompat/layout_abc_select_dialog_material.xml.flat
Compiling xml file /opt/gradle/.gradle/caches/9.3.1/transforms/52cabaf485cf5ba2d4b5215228bd2d11/transformed/core-1.15.0/res/layout-v21/notification_action.xml to /opt/gradle/.gradle/caches/9.3.1/transforms/0cdc8f52cb6658b3b549ed15b06d10b1-e3171893-d752-46a8-afe5-236df3cb5d69/transformed/androidx.core/layout-v21_notification_action.xml.flat
Compiling xml file /opt/gradle/.gradle/caches/9.3.1/transforms/26ef40f88b6da64d86244d4b1d19972b/transformed/appcompat-1.6.1/res/layout/abc_action_menu_layout.xml to /opt/gradle/.gradle/caches/9.3.1/transforms/acb49a874fb556d6835541878e58d2ec-3f7dbb7c-808f-4382-af50-262db3068051/transformed/androidx.appcompat/layout_abc_action_menu_layout.xml.flat
Compiling xml file /opt/gradle/.gradle/caches/9.3.1/transforms/26ef40f88b6da64d86244d4b1d19972b/transformed/appcompat-1.6.1/res/layout/abc_action_bar_up_container.xml to /opt/gradle/.gradle/caches/9.3.1/transforms/acb49a874fb556d6835541878e58d2ec-3f7dbb7c-808f-4382-af50-262db3068051/transformed/androidx.appcompat/layout_abc_action_bar_up_container.xml.flat
Compiling xml file /opt/gradle/.gradle/caches/9.3.1/transforms/26ef40f88b6da64d86244d4b1d19972b/transformed/appcompat-1.6.1/res/layout/abc_search_dropdown_item_icons_2line.xml to /opt/gradle/.gradle/caches/9.3.1/transforms/acb49a874fb556d6835541878e58d2ec-3f7dbb7c-808f-4382-af50-262db3068051/transformed/androidx.appcompat/layout_abc_search_dropdown_item_icons_2line.xml.flat
Compiling xml file /opt/gradle/.gradle/caches/9.3.1/transforms/52cabaf485cf5ba2d4b5215228bd2d11/transformed/core-1.15.0/res/layout-v21/notification_template_icon_group.xml to /opt/gradle/.gradle/caches/9.3.1/transforms/0cdc8f52cb6658b3b549ed15b06d10b1-e3171893-d752-46a8-afe5-236df3cb5d69/transformed/androidx.core/layout-v21_notification_template_icon_group.xml.flat
Compiling xml file /opt/gradle/.gradle/caches/9.3.1/transforms/52cabaf485cf5ba2d4b5215228bd2d11/transformed/core-1.15.0/res/layout-v21/notification_template_custom_big.xml to /opt/gradle/.gradle/caches/9.3.1/transforms/0cdc8f52cb6658b3b549ed15b06d10b1-e3171893-d752-46a8-afe5-236df3cb5d69/transformed/androidx.core/layout-v21_notification_template_custom_big.xml.flat
Compiling xml file /opt/gradle/.gradle/caches/9.3.1/transforms/52cabaf485cf5ba2d4b5215228bd2d11/transformed/core-1.15.0/res/drawable/ic_call_answer.xml to /opt/gradle/.gradle/caches/9.3.1/transforms/0cdc8f52cb6658b3b549ed15b06d10b1-e3171893-d752-46a8-afe5-236df3cb5d69/transformed/androidx.core/drawable_ic_call_answer.xml.flat
Compiling xml file /opt/gradle/.gradle/caches/9.3.1/transforms/52cabaf485cf5ba2d4b5215228bd2d11/transformed/core-1.15.0/res/drawable/notification_icon_background.xml to /opt/gradle/.gradle/caches/9.3.1/transforms/0cdc8f52cb6658b3b549ed15b06d10b1-e3171893-d752-46a8-afe5-236df3cb5d69/transformed/androidx.core/drawable_notification_icon_background.xml.flat
Compiling xml file /opt/gradle/.gradle/caches/9.3.1/transforms/52cabaf485cf5ba2d4b5215228bd2d11/transformed/core-1.15.0/res/drawable/notification_bg.xml to /opt/gradle/.gradle/caches/9.3.1/transforms/0cdc8f52cb6658b3b549ed15b06d10b1-e3171893-d752-46a8-afe5-236df3cb5d69/transformed/androidx.core/drawable_notification_bg.xml.flat
Compiling xml file /opt/gradle/.gradle/caches/9.3.1/transforms/52cabaf485cf5ba2d4b5215228bd2d11/transformed/core-1.15.0/res/drawable/ic_call_answer_low.xml to /opt/gradle/.gradle/caches/9.3.1/transforms/0cdc8f52cb6658b3b549ed15b06d10b1-e3171893-d752-46a8-afe5-236df3cb5d69/transformed/androidx.core/drawable_ic_call_answer_low.xml.flat
Compiling xml file /opt/gradle/.gradle/caches/9.3.1/transforms/52cabaf485cf5ba2d4b5215228bd2d11/transformed/core-1.15.0/res/drawable/ic_call_answer_video_low.xml to /opt/gradle/.gradle/caches/9.3.1/transforms/0cdc8f52cb6658b3b549ed15b06d10b1-e3171893-d752-46a8-afe5-236df3cb5d69/transformed/androidx.core/drawable_ic_call_answer_video_low.xml.flat
Compiling xml file /opt/gradle/.gradle/caches/9.3.1/transforms/52cabaf485cf5ba2d4b5215228bd2d11/transformed/core-1.15.0/res/drawable/notification_tile_bg.xml to /opt/gradle/.gradle/caches/9.3.1/transforms/0cdc8f52cb6658b3b549ed15b06d10b1-e3171893-d752-46a8-afe5-236df3cb5d69/transformed/androidx.core/drawable_notification_tile_bg.xml.flat
Compiling xml file /opt/gradle/.gradle/caches/9.3.1/transforms/52cabaf485cf5ba2d4b5215228bd2d11/transformed/core-1.15.0/res/drawable/ic_call_answer_video.xml to /opt/gradle/.gradle/caches/9.3.1/transforms/0cdc8f52cb6658b3b549ed15b06d10b1-e3171893-d752-46a8-afe5-236df3cb5d69/transformed/androidx.core/drawable_ic_call_answer_video.xml.flat
Compiling xml file /opt/gradle/.gradle/caches/9.3.1/transforms/26ef40f88b6da64d86244d4b1d19972b/transformed/appcompat-1.6.1/res/layout/abc_popup_menu_item_layout.xml to /opt/gradle/.gradle/caches/9.3.1/transforms/acb49a874fb556d6835541878e58d2ec-3f7dbb7c-808f-4382-af50-262db3068051/transformed/androidx.appcompat/layout_abc_popup_menu_item_layout.xml.flat
Compiling xml file /opt/gradle/.gradle/caches/9.3.1/transforms/52cabaf485cf5ba2d4b5215228bd2d11/transformed/core-1.15.0/res/drawable/notification_bg_low.xml to /opt/gradle/.gradle/caches/9.3.1/transforms/0cdc8f52cb6658b3b549ed15b06d10b1-e3171893-d752-46a8-afe5-236df3cb5d69/transformed/androidx.core/drawable_notification_bg_low.xml.flat
Compiling xml file /opt/gradle/.gradle/caches/9.3.1/transforms/52cabaf485cf5ba2d4b5215228bd2d11/transformed/core-1.15.0/res/drawable/ic_call_decline_low.xml to /opt/gradle/.gradle/caches/9.3.1/transforms/0cdc8f52cb6658b3b549ed15b06d10b1-e3171893-d752-46a8-afe5-236df3cb5d69/transformed/androidx.core/drawable_ic_call_decline_low.xml.flat
Compiling xml file /opt/gradle/.gradle/caches/9.3.1/transforms/52cabaf485cf5ba2d4b5215228bd2d11/transformed/core-1.15.0/res/drawable/ic_call_decline.xml to /opt/gradle/.gradle/caches/9.3.1/transforms/0cdc8f52cb6658b3b549ed15b06d10b1-e3171893-d752-46a8-afe5-236df3cb5d69/transformed/androidx.core/drawable_ic_call_decline.xml.flat
Compiling xml file /opt/gradle/.gradle/caches/9.3.1/transforms/26ef40f88b6da64d86244d4b1d19972b/transformed/appcompat-1.6.1/res/layout/abc_list_menu_item_icon.xml to /opt/gradle/.gradle/caches/9.3.1/transforms/acb49a874fb556d6835541878e58d2ec-3f7dbb7c-808f-4382-af50-262db3068051/transformed/androidx.appcompat/layout_abc_list_menu_item_icon.xml.flat
Compiling xml file /opt/gradle/.gradle/caches/9.3.1/transforms/26ef40f88b6da64d86244d4b1d19972b/transformed/appcompat-1.6.1/res/layout/select_dialog_item_material.xml to /opt/gradle/.gradle/caches/9.3.1/transforms/acb49a874fb556d6835541878e58d2ec-3f7dbb7c-808f-4382-af50-262db3068051/transformed/androidx.appcompat/layout_select_dialog_item_material.xml.flat
Compiling xml file /opt/gradle/.gradle/caches/9.3.1/transforms/26ef40f88b6da64d86244d4b1d19972b/transformed/appcompat-1.6.1/res/layout/abc_cascading_menu_item_layout.xml to /opt/gradle/.gradle/caches/9.3.1/transforms/acb49a874fb556d6835541878e58d2ec-3f7dbb7c-808f-4382-af50-262db3068051/transformed/androidx.appcompat/layout_abc_cascading_menu_item_layout.xml.flat
Compiling xml file /opt/gradle/.gradle/caches/9.3.1/transforms/26ef40f88b6da64d86244d4b1d19972b/transformed/appcompat-1.6.1/res/layout/abc_dialog_title_material.xml to /opt/gradle/.gradle/caches/9.3.1/transforms/acb49a874fb556d6835541878e58d2ec-3f7dbb7c-808f-4382-af50-262db3068051/transformed/androidx.appcompat/layout_abc_dialog_title_material.xml.flat
Compiling xml file /opt/gradle/.gradle/caches/9.3.1/transforms/26ef40f88b6da64d86244d4b1d19972b/transformed/appcompat-1.6.1/res/layout/abc_activity_chooser_view.xml to /opt/gradle/.gradle/caches/9.3.1/transforms/acb49a874fb556d6835541878e58d2ec-3f7dbb7c-808f-4382-af50-262db3068051/transformed/androidx.appcompat/layout_abc_activity_chooser_view.xml.flat
Compiling xml file /opt/gradle/.gradle/caches/9.3.1/transforms/26ef40f88b6da64d86244d4b1d19972b/transformed/appcompat-1.6.1/res/drawable-v21/abc_list_divider_material.xml to /opt/gradle/.gradle/caches/9.3.1/transforms/acb49a874fb556d6835541878e58d2ec-3f7dbb7c-808f-4382-af50-262db3068051/transformed/androidx.appcompat/drawable-v21_abc_list_divider_material.xml.flat
Compiling xml file /opt/gradle/.gradle/caches/9.3.1/transforms/26ef40f88b6da64d86244d4b1d19972b/transformed/appcompat-1.6.1/res/drawable-v21/abc_dialog_material_background.xml to /opt/gradle/.gradle/caches/9.3.1/transforms/acb49a874fb556d6835541878e58d2ec-3f7dbb7c-808f-4382-af50-262db3068051/transformed/androidx.appcompat/drawable-v21_abc_dialog_material_background.xml.flat
Compiling xml file /opt/gradle/.gradle/caches/9.3.1/transforms/26ef40f88b6da64d86244d4b1d19972b/transformed/appcompat-1.6.1/res/drawable-v21/abc_edit_text_material.xml to /opt/gradle/.gradle/caches/9.3.1/transforms/acb49a874fb556d6835541878e58d2ec-3f7dbb7c-808f-4382-af50-262db3068051/transformed/androidx.appcompat/drawable-v21_abc_edit_text_material.xml.flat
Compiling xml file /opt/gradle/.gradle/caches/9.3.1/transforms/26ef40f88b6da64d86244d4b1d19972b/transformed/appcompat-1.6.1/res/drawable-v21/abc_action_bar_item_background_material.xml to /opt/gradle/.gradle/caches/9.3.1/transforms/acb49a874fb556d6835541878e58d2ec-3f7dbb7c-808f-4382-af50-262db3068051/transformed/androidx.appcompat/drawable-v21_abc_action_bar_item_background_material.xml.flat
Compiling xml file /opt/gradle/.gradle/caches/9.3.1/transforms/26ef40f88b6da64d86244d4b1d19972b/transformed/appcompat-1.6.1/res/drawable-v21/abc_btn_colored_material.xml to /opt/gradle/.gradle/caches/9.3.1/transforms/acb49a874fb556d6835541878e58d2ec-3f7dbb7c-808f-4382-af50-262db3068051/transformed/androidx.appcompat/drawable-v21_abc_btn_colored_material.xml.flat
Compiling xml file /opt/gradle/.gradle/caches/9.3.1/transforms/26ef40f88b6da64d86244d4b1d19972b/transformed/appcompat-1.6.1/res/anim/btn_checkbox_to_checked_icon_null_animation.xml to /opt/gradle/.gradle/caches/9.3.1/transforms/acb49a874fb556d6835541878e58d2ec-3f7dbb7c-808f-4382-af50-262db3068051/transformed/androidx.appcompat/anim_btn_checkbox_to_checked_icon_null_animation.xml.flat
Compiling xml file /opt/gradle/.gradle/caches/9.3.1/transforms/26ef40f88b6da64d86244d4b1d19972b/transformed/appcompat-1.6.1/res/anim/btn_radio_to_off_mtrl_dot_group_animation.xml to /opt/gradle/.gradle/caches/9.3.1/transforms/acb49a874fb556d6835541878e58d2ec-3f7dbb7c-808f-4382-af50-262db3068051/transformed/androidx.appcompat/anim_btn_radio_to_off_mtrl_dot_group_animation.xml.flat
Compiling xml file /opt/gradle/.gradle/caches/9.3.1/transforms/26ef40f88b6da64d86244d4b1d19972b/transformed/appcompat-1.6.1/res/anim/abc_slide_in_top.xml to /opt/gradle/.gradle/caches/9.3.1/transforms/acb49a874fb556d6835541878e58d2ec-3f7dbb7c-808f-4382-af50-262db3068051/transformed/androidx.appcompat/anim_abc_slide_in_top.xml.flat
Compiling xml file /opt/gradle/.gradle/caches/9.3.1/transforms/26ef40f88b6da64d86244d4b1d19972b/transformed/appcompat-1.6.1/res/anim/abc_tooltip_enter.xml to /opt/gradle/.gradle/caches/9.3.1/transforms/acb49a874fb556d6835541878e58d2ec-3f7dbb7c-808f-4382-af50-262db3068051/transformed/androidx.appcompat/anim_abc_tooltip_enter.xml.flat
Compiling xml file /opt/gradle/.gradle/caches/9.3.1/transforms/26ef40f88b6da64d86244d4b1d19972b/transformed/appcompat-1.6.1/res/anim/abc_fade_in.xml to /opt/gradle/.gradle/caches/9.3.1/transforms/acb49a874fb556d6835541878e58d2ec-3f7dbb7c-808f-4382-af50-262db3068051/transformed/androidx.appcompat/anim_abc_fade_in.xml.flat
Compiling xml file /opt/gradle/.gradle/caches/9.3.1/transforms/26ef40f88b6da64d86244d4b1d19972b/transformed/appcompat-1.6.1/res/anim/btn_checkbox_to_unchecked_box_inner_merged_animation.xml to /opt/gradle/.gradle/caches/9.3.1/transforms/acb49a874fb556d6835541878e58d2ec-3f7dbb7c-808f-4382-af50-262db3068051/transformed/androidx.appcompat/anim_btn_checkbox_to_unchecked_box_inner_merged_animation.xml.flat
Compiling xml file /opt/gradle/.gradle/caches/9.3.1/transforms/26ef40f88b6da64d86244d4b1d19972b/transformed/appcompat-1.6.1/res/anim/abc_grow_fade_in_from_bottom.xml to /opt/gradle/.gradle/caches/9.3.1/transforms/acb49a874fb556d6835541878e58d2ec-3f7dbb7c-808f-4382-af50-262db3068051/transformed/androidx.appcompat/anim_abc_grow_fade_in_from_bottom.xml.flat
Compiling xml file /opt/gradle/.gradle/caches/9.3.1/transforms/26ef40f88b6da64d86244d4b1d19972b/transformed/appcompat-1.6.1/res/anim/btn_radio_to_off_mtrl_ring_outer_animation.xml to /opt/gradle/.gradle/caches/9.3.1/transforms/acb49a874fb556d6835541878e58d2ec-3f7dbb7c-808f-4382-af50-262db3068051/transformed/androidx.appcompat/anim_btn_radio_to_off_mtrl_ring_outer_animation.xml.flat
Compiling xml file /opt/gradle/.gradle/caches/9.3.1/transforms/26ef40f88b6da64d86244d4b1d19972b/transformed/appcompat-1.6.1/res/anim/btn_checkbox_to_checked_box_outer_merged_animation.xml to /opt/gradle/.gradle/caches/9.3.1/transforms/acb49a874fb556d6835541878e58d2ec-3f7dbb7c-808f-4382-af50-262db3068051/transformed/androidx.appcompat/anim_btn_checkbox_to_checked_box_outer_merged_animation.xml.flat
Compiling xml file /opt/gradle/.gradle/caches/9.3.1/transforms/26ef40f88b6da64d86244d4b1d19972b/transformed/appcompat-1.6.1/res/anim/abc_shrink_fade_out_from_bottom.xml to /opt/gradle/.gradle/caches/9.3.1/transforms/acb49a874fb556d6835541878e58d2ec-3f7dbb7c-808f-4382-af50-262db3068051/transformed/androidx.appcompat/anim_abc_shrink_fade_out_from_bottom.xml.flat
Compiling xml file /opt/gradle/.gradle/caches/9.3.1/transforms/26ef40f88b6da64d86244d4b1d19972b/transformed/appcompat-1.6.1/res/anim/btn_radio_to_on_mtrl_dot_group_animation.xml to /opt/gradle/.gradle/caches/9.3.1/transforms/acb49a874fb556d6835541878e58d2ec-3f7dbb7c-808f-4382-af50-262db3068051/transformed/androidx.appcompat/anim_btn_radio_to_on_mtrl_dot_group_animation.xml.flat
Compiling xml file /opt/gradle/.gradle/caches/9.3.1/transforms/26ef40f88b6da64d86244d4b1d19972b/transformed/appcompat-1.6.1/res/anim/btn_radio_to_on_mtrl_ring_outer_animation.xml to /opt/gradle/.gradle/caches/9.3.1/transforms/acb49a874fb556d6835541878e58d2ec-3f7dbb7c-808f-4382-af50-262db3068051/transformed/androidx.appcompat/anim_btn_radio_to_on_mtrl_ring_outer_animation.xml.flat
Compiling xml file /opt/gradle/.gradle/caches/9.3.1/transforms/26ef40f88b6da64d86244d4b1d19972b/transformed/appcompat-1.6.1/res/anim/btn_checkbox_to_checked_box_inner_merged_animation.xml to /opt/gradle/.gradle/caches/9.3.1/transforms/acb49a874fb556d6835541878e58d2ec-3f7dbb7c-808f-4382-af50-262db3068051/transformed/androidx.appcompat/anim_btn_checkbox_to_checked_box_inner_merged_animation.xml.flat
Compiling xml file /opt/gradle/.gradle/caches/9.3.1/transforms/26ef40f88b6da64d86244d4b1d19972b/transformed/appcompat-1.6.1/res/anim/abc_popup_exit.xml to /opt/gradle/.gradle/caches/9.3.1/transforms/acb49a874fb556d6835541878e58d2ec-3f7dbb7c-808f-4382-af50-262db3068051/transformed/androidx.appcompat/anim_abc_popup_exit.xml.flat
Compiling xml file /opt/gradle/.gradle/caches/9.3.1/transforms/26ef40f88b6da64d86244d4b1d19972b/transformed/appcompat-1.6.1/res/anim/abc_popup_enter.xml to /opt/gradle/.gradle/caches/9.3.1/transforms/acb49a874fb556d6835541878e58d2ec-3f7dbb7c-808f-4382-af50-262db3068051/transformed/androidx.appcompat/anim_abc_popup_enter.xml.flat
Compiling xml file /opt/gradle/.gradle/caches/9.3.1/transforms/26ef40f88b6da64d86244d4b1d19972b/transformed/appcompat-1.6.1/res/anim/btn_radio_to_on_mtrl_ring_outer_path_animation.xml to /opt/gradle/.gradle/caches/9.3.1/transforms/acb49a874fb556d6835541878e58d2ec-3f7dbb7c-808f-4382-af50-262db3068051/transformed/androidx.appcompat/anim_btn_radio_to_on_mtrl_ring_outer_path_animation.xml.flat
Compiling xml file /opt/gradle/.gradle/caches/9.3.1/transforms/26ef40f88b6da64d86244d4b1d19972b/transformed/appcompat-1.6.1/res/anim/abc_fade_out.xml to /opt/gradle/.gradle/caches/9.3.1/transforms/acb49a874fb556d6835541878e58d2ec-3f7dbb7c-808f-4382-af50-262db3068051/transformed/androidx.appcompat/anim_abc_fade_out.xml.flat
Compiling xml file /opt/gradle/.gradle/caches/9.3.1/transforms/26ef40f88b6da64d86244d4b1d19972b/transformed/appcompat-1.6.1/res/anim/btn_checkbox_to_unchecked_icon_null_animation.xml to /opt/gradle/.gradle/caches/9.3.1/transforms/acb49a874fb556d6835541878e58d2ec-3f7dbb7c-808f-4382-af50-262db3068051/transformed/androidx.appcompat/anim_btn_checkbox_to_unchecked_icon_null_animation.xml.flat
Compiling xml file /opt/gradle/.gradle/caches/9.3.1/transforms/26ef40f88b6da64d86244d4b1d19972b/transformed/appcompat-1.6.1/res/anim/btn_radio_to_off_mtrl_ring_outer_path_animation.xml to /opt/gradle/.gradle/caches/9.3.1/transforms/acb49a874fb556d6835541878e58d2ec-3f7dbb7c-808f-4382-af50-262db3068051/transformed/androidx.appcompat/anim_btn_radio_to_off_mtrl_ring_outer_path_animation.xml.flat
Compiling xml file /opt/gradle/.gradle/caches/9.3.1/transforms/26ef40f88b6da64d86244d4b1d19972b/transformed/appcompat-1.6.1/res/anim/abc_tooltip_exit.xml to /opt/gradle/.gradle/caches/9.3.1/transforms/acb49a874fb556d6835541878e58d2ec-3f7dbb7c-808f-4382-af50-262db3068051/transformed/androidx.appcompat/anim_abc_tooltip_exit.xml.flat
Compiling xml file /opt/gradle/.gradle/caches/9.3.1/transforms/26ef40f88b6da64d86244d4b1d19972b/transformed/appcompat-1.6.1/res/anim/abc_slide_out_bottom.xml to /opt/gradle/.gradle/caches/9.3.1/transforms/acb49a874fb556d6835541878e58d2ec-3f7dbb7c-808f-4382-af50-262db3068051/transformed/androidx.appcompat/anim_abc_slide_out_bottom.xml.flat
Compiling xml file /opt/gradle/.gradle/caches/9.3.1/transforms/26ef40f88b6da64d86244d4b1d19972b/transformed/appcompat-1.6.1/res/anim/abc_slide_out_top.xml to /opt/gradle/.gradle/caches/9.3.1/transforms/acb49a874fb556d6835541878e58d2ec-3f7dbb7c-808f-4382-af50-262db3068051/transformed/androidx.appcompat/anim_abc_slide_out_top.xml.flat
Compiling xml file /opt/gradle/.gradle/caches/9.3.1/transforms/26ef40f88b6da64d86244d4b1d19972b/transformed/appcompat-1.6.1/res/anim/btn_checkbox_to_unchecked_check_path_merged_animation.xml to /opt/gradle/.gradle/caches/9.3.1/transforms/acb49a874fb556d6835541878e58d2ec-3f7dbb7c-808f-4382-af50-262db3068051/transformed/androidx.appcompat/anim_btn_checkbox_to_unchecked_check_path_merged_animation.xml.flat
Compiling xml file /opt/gradle/.gradle/caches/9.3.1/transforms/26ef40f88b6da64d86244d4b1d19972b/transformed/appcompat-1.6.1/res/anim/abc_slide_in_bottom.xml to /opt/gradle/.gradle/caches/9.3.1/transforms/acb49a874fb556d6835541878e58d2ec-3f7dbb7c-808f-4382-af50-262db3068051/transformed/androidx.appcompat/anim_abc_slide_in_bottom.xml.flat
Compiling xml file /opt/gradle/.gradle/caches/9.3.1/transforms/26ef40f88b6da64d86244d4b1d19972b/transformed/appcompat-1.6.1/res/color-v21/abc_btn_colored_borderless_text_material.xml to /opt/gradle/.gradle/caches/9.3.1/transforms/acb49a874fb556d6835541878e58d2ec-3f7dbb7c-808f-4382-af50-262db3068051/transformed/androidx.appcompat/color-v21_abc_btn_colored_borderless_text_material.xml.flat
AAPT2 aapt2-8.7.3-12006047-linux Daemon #1: starting
Compiling xml file /opt/gradle/.gradle/caches/9.3.1/transforms/52cabaf485cf5ba2d4b5215228bd2d11/transformed/core-1.15.0/res/layout/notification_template_part_time.xml to /opt/gradle/.gradle/caches/9.3.1/transforms/0cdc8f52cb6658b3b549ed15b06d10b1-e3171893-d752-46a8-afe5-236df3cb5d69/transformed/androidx.core/layout_notification_template_part_time.xml.flat
Compiling xml file /opt/gradle/.gradle/caches/9.3.1/transforms/52cabaf485cf5ba2d4b5215228bd2d11/transformed/core-1.15.0/res/layout/ime_base_split_test_activity.xml to /opt/gradle/.gradle/caches/9.3.1/transforms/0cdc8f52cb6658b3b549ed15b06d10b1-e3171893-d752-46a8-afe5-236df3cb5d69/transformed/androidx.core/layout_ime_base_split_test_activity.xml.flat
Compiling xml file /opt/gradle/.gradle/caches/9.3.1/transforms/52cabaf485cf5ba2d4b5215228bd2d11/transformed/core-1.15.0/res/layout/ime_secondary_split_test_activity.xml to /opt/gradle/.gradle/caches/9.3.1/transforms/0cdc8f52cb6658b3b549ed15b06d10b1-e3171893-d752-46a8-afe5-236df3cb5d69/transformed/androidx.core/layout_ime_secondary_split_test_activity.xml.flat
Compiling xml file /opt/gradle/.gradle/caches/9.3.1/transforms/52cabaf485cf5ba2d4b5215228bd2d11/transformed/core-1.15.0/res/layout/notification_template_part_chronometer.xml to /opt/gradle/.gradle/caches/9.3.1/transforms/0cdc8f52cb6658b3b549ed15b06d10b1-e3171893-d752-46a8-afe5-236df3cb5d69/transformed/androidx.core/layout_notification_template_part_chronometer.xml.flat
Compiling xml file /opt/gradle/.gradle/caches/9.3.1/transforms/52cabaf485cf5ba2d4b5215228bd2d11/transformed/core-1.15.0/res/layout/custom_dialog.xml to /opt/gradle/.gradle/caches/9.3.1/transforms/0cdc8f52cb6658b3b549ed15b06d10b1-e3171893-d752-46a8-afe5-236df3cb5d69/transformed/androidx.core/layout_custom_dialog.xml.flat
Stored cache entry for AarResourcesCompilerTransform: /opt/gradle/.gradle/caches/9.3.1/transforms/52cabaf485cf5ba2d4b5215228bd2d11/transformed/core-1.15.0 with cache key ad48d7a60d507527cf9886146a797571
Build cache key for AarResourcesCompilerTransform: /opt/gradle/.gradle/caches/9.3.1/transforms/dfed1755fd6ad3eea4445e2b03d38078/transformed/jetified-customview-poolingcontainer-1.0.0 is b7db9c48cbf568e5736f04ecd16ca42e
Build cache key for AarResourcesCompilerTransform: /opt/gradle/.gradle/caches/9.3.1/transforms/d200231b15d0f0688257742c871442f9/transformed/jetified-core-ktx-1.15.0 is 8864e198cc07364b3ec10c6b8e9a1f55
Stored cache entry for AarResourcesCompilerTransform: /opt/gradle/.gradle/caches/9.3.1/transforms/d200231b15d0f0688257742c871442f9/transformed/jetified-core-ktx-1.15.0 with cache key 8864e198cc07364b3ec10c6b8e9a1f55
Stored cache entry for AarResourcesCompilerTransform: /opt/gradle/.gradle/caches/9.3.1/transforms/dfed1755fd6ad3eea4445e2b03d38078/transformed/jetified-customview-poolingcontainer-1.0.0 with cache key b7db9c48cbf568e5736f04ecd16ca42e
Build cache key for AarResourcesCompilerTransform: /opt/gradle/.gradle/caches/9.3.1/transforms/83d492409b949d7119e9384291e45887/transformed/jetified-room-ktx-2.6.1 is ba929015fc0d822a156058c076ccdc34
Build cache key for AarResourcesCompilerTransform: /opt/gradle/.gradle/caches/9.3.1/transforms/9fdc59d719d9a2d4e660ef789f397343/transformed/room-runtime-2.6.1 is 6d00bc2cf651ff89eecb16b62ef6f3ac
Stored cache entry for AarResourcesCompilerTransform: /opt/gradle/.gradle/caches/9.3.1/transforms/9fdc59d719d9a2d4e660ef789f397343/transformed/room-runtime-2.6.1 with cache key 6d00bc2cf651ff89eecb16b62ef6f3ac
Stored cache entry for AarResourcesCompilerTransform: /opt/gradle/.gradle/caches/9.3.1/transforms/83d492409b949d7119e9384291e45887/transformed/jetified-room-ktx-2.6.1 with cache key ba929015fc0d822a156058c076ccdc34
Build cache key for AarResourcesCompilerTransform: /opt/gradle/.gradle/caches/9.3.1/transforms/ca03fbf286bbd1fd03675223f2fe0c8d/transformed/jetified-runtime-release is 0fe1a4685b2ed54987408ea8512cc64c
Build cache key for AarResourcesCompilerTransform: /opt/gradle/.gradle/caches/9.3.1/transforms/0eda25b2384add63cc6b29614be5ae7d/transformed/jetified-runtime-saveable-release is e6150d8e7f6c5b8d63e5506dddc1bc78
Stored cache entry for AarResourcesCompilerTransform: /opt/gradle/.gradle/caches/9.3.1/transforms/ca03fbf286bbd1fd03675223f2fe0c8d/transformed/jetified-runtime-release with cache key 0fe1a4685b2ed54987408ea8512cc64c
Stored cache entry for AarResourcesCompilerTransform: /opt/gradle/.gradle/caches/9.3.1/transforms/0eda25b2384add63cc6b29614be5ae7d/transformed/jetified-runtime-saveable-release with cache key e6150d8e7f6c5b8d63e5506dddc1bc78
Build cache key for AarResourcesCompilerTransform: /opt/gradle/.gradle/caches/9.3.1/transforms/3a3dd191192b73fd304cfb8972f12e2e/transformed/jetified-annotation-experimental-1.4.1 is 67091cb9095b2a9d2ce4ece36068cac0
Build cache key for AarResourcesCompilerTransform: /opt/gradle/.gradle/caches/9.3.1/transforms/f285fdd043547f1c0165f0ff97db506f/transformed/jetified-profileinstaller-1.3.1 is 05380eda59848e472a08a4e3508fb9d5
Stored cache entry for AarResourcesCompilerTransform: /opt/gradle/.gradle/caches/9.3.1/transforms/3a3dd191192b73fd304cfb8972f12e2e/transformed/jetified-annotation-experimental-1.4.1 with cache key 67091cb9095b2a9d2ce4ece36068cac0
Build cache key for AarResourcesCompilerTransform: /opt/gradle/.gradle/caches/9.3.1/transforms/3c6b895bdf638e31dc64b0c5616820d8/transformed/jetified-startup-runtime-1.1.1 is 90c3bf37e0c80af5c7b5214a122fb2de
Stored cache entry for AarResourcesCompilerTransform: /opt/gradle/.gradle/caches/9.3.1/transforms/f285fdd043547f1c0165f0ff97db506f/transformed/jetified-profileinstaller-1.3.1 with cache key 05380eda59848e472a08a4e3508fb9d5
Build cache key for AarResourcesCompilerTransform: /opt/gradle/.gradle/caches/9.3.1/transforms/964fc14bf240fb2df9021da839d2a6de/transformed/jetified-tracing-1.2.0 is d61cb1bdb50513b93a6797671e8229c2
Stored cache entry for AarResourcesCompilerTransform: /opt/gradle/.gradle/caches/9.3.1/transforms/3c6b895bdf638e31dc64b0c5616820d8/transformed/jetified-startup-runtime-1.1.1 with cache key 90c3bf37e0c80af5c7b5214a122fb2de
Build cache key for AarResourcesCompilerTransform: /opt/gradle/.gradle/caches/9.3.1/transforms/0d4e7f244096daa620f6517cd129b036/transformed/jetified-tracing-ktx-1.2.0 is eecb195f55da73f816aaa44b1e265860
Stored cache entry for AarResourcesCompilerTransform: /opt/gradle/.gradle/caches/9.3.1/transforms/964fc14bf240fb2df9021da839d2a6de/transformed/jetified-tracing-1.2.0 with cache key d61cb1bdb50513b93a6797671e8229c2
Build cache key for AarResourcesCompilerTransform: /opt/gradle/.gradle/caches/9.3.1/transforms/d5f9399e5a27834fe665e885358f8e44/transformed/sqlite-framework-2.4.0 is 0bc7ab134cd34bf95b69be09b3a82d49
Stored cache entry for AarResourcesCompilerTransform: /opt/gradle/.gradle/caches/9.3.1/transforms/0d4e7f244096daa620f6517cd129b036/transformed/jetified-tracing-ktx-1.2.0 with cache key eecb195f55da73f816aaa44b1e265860
Stored cache entry for AarResourcesCompilerTransform: /opt/gradle/.gradle/caches/9.3.1/transforms/d5f9399e5a27834fe665e885358f8e44/transformed/sqlite-framework-2.4.0 with cache key 0bc7ab134cd34bf95b69be09b3a82d49
Build cache key for AarResourcesCompilerTransform: /opt/gradle/.gradle/caches/9.3.1/transforms/aa1ed74c605310787c0c15c93cdef74d/transformed/sqlite-2.4.0 is 043fef0d60c5fa8d62de3150e827bebf
Build cache key for AarResourcesCompilerTransform: /opt/gradle/.gradle/caches/9.3.1/transforms/1e76f6968f718ab422d93074401100d6/transformed/jetified-core-1.54.0 is ae0b856049bc4709e87b19b142e2e6b0
Stored cache entry for AarResourcesCompilerTransform: /opt/gradle/.gradle/caches/9.3.1/tranxœì}ioÛH¶èçñ¯ 0ây·%³É|x@:IÏ7ÝtÒ3xo0jµÙ–H5I9ñýõïIÉZH-^¤bžÑhDæRgßªê“å“â’s¤UH%ó‚ü0
¥/Q c"•6!U—eÎÓÂ>«Õeñç8)õ éÐ÷¾&åµ'¹¼ÖÞ¾ó|JŒ6¾b¾ÃJø:Â¡ÐÂœý8KÆjéÓ{Ãóßt‘Ír©‹·ÙdšŒuþeðµw™MËË«œ«±¾6ÿV—ñÑ=rÅ¥ï3G#Ìáâ<ÊS"¦f…™åzÏÒ2™Xr0“žaE:ŽŠc.a„DŒ2ÆE„ã³Å$½ò¾MÆžlBé³È„(â‚b¬bâ‡”úùÀ¹ÿÐeb­®h Ï/svÌï²Yy9ñÜÞi5“¼L²th‘*³ƒP
¸6H±a
óÈpL(œ0.%ãÓ &d4P‰Í ¦’°R1ÖHåó5ÖN†WYv5ÖCž-†Æ£vŒ‡fÌË%Îžˆ«9ÿzy£õ´ÁÑY^ž£5<k~.áÏ¹}é´Ì³°5‡±ÓÚžÙa`m4óc©ƒXÍL@i,}ºF2Ô¼]o@rå,× ‘¤•ÿ9ÓùU¥Ú‰ÐˆŠ€I-…¡AîÕ _HE& >>‚ më¢âÚQÀ|IC?ÖQ(P,Åk&üç• ”ŒÇ‘	4¢Ä†™”„Z  ‡«¢JÒRçÓl"Ë¿‹¤‘O	P¨÷9:Š#ŸKŠB
EŽ –çP¸5A9 |•ÕE;åöÌª'ã |’¯UlbJ"E0"ÑPY¬æG·:/@@ZMÁ;ë1ckQðŸÕ@Ç‚KBŒ"I¸ óŒ9Æ„LŒÙsSbBBE!,¦`ËHñP03LÅ
%úhŸŽáÒÒ@†aM!¢Q)bm E”€7¨±Â*PÍôëÑd¬)ØN’ž;!!¨
|j*¢84ÁæiÀel íÕ¨:Ë‹ÆãS éÞ¹…’E!¢1IÀìX‡ŠHf ©ÐGËÙÉ†pNk3>xRŸk	~Ú(ˆy$ñDqÈ"ÙÜªpR~›\Uz)ñ‰†±•Î€"-A"Ê™#£¤B>	U@À7#ü<VÑÖdã€Ò=xÖèÚ)ªGV˜ïòM	¦8£*¯EðQA"âUÆ§SˆüS^‚ŒcK5@e2_y)¯·Ø¿äBŽTÂÇÙÕhÂAbðs†ss•g³T=¤˜á³c'5"˜bdEa¤ƒHa-Ä„JˆP"?20y<à&ð
A|ùZ%%Uy–¨oÃM-”ŒvS²^0žFuM»&ª\ÎÑ³²ÌR@>_Pâ¬ Ö©íKM_„Q&åXrØ$ÄÌMùR”é`%Ù(3fTÂ?éhRæãO“Éƒç©ŽêŽFûÑà ã†¼Ù·ú‡V÷Y:ÿ£b8”"Ç„bíwAÆ}D³(»ÏÿÈ;ÈêDŽ&:ŠkžëF;ÆÓkÞ^oÃÞAfÓ$Mu>*õ·Ò$z¬–5÷Cí
ç÷&ÅA1Œ“¢z¬%Ô[£ëlœÁ¥«ë²œß†½ƒÌ½Ê _žËëŸ&=Óó­è;Æî¥$,­r0HÅú˜Áì¦Á1ÆÏÃ~xOs–ädu¡õ-«ËëÙDôÌŸtãî £«P£’ÛDéLÉlFÉ6ÔdóB'’ªhÈozÆëíø;ÆðRƒbŒõ­æ×ÜçrÒŽ±vI”6|6.ë¸¥Ù´ÞŽ»ƒŒž—¾S^”óÒwÒÇÚ½ƒ YÞãõ¢Þ¬­ë8Ïóì+8½l:Êm•;cÀz„©šöƒé»ipŒñ«SùÖ.Ýgt;ÎŽ1Öjƒ.Õ[z–äuaî ““RO–§#û6Ã·.G·Y"u¯§ù¶RàÓ[×ùúãª;Qw™Í÷k¨e¶‚xß¦W¥È1¡T3%Ï›,ŠF}É[vµ›Ë×ýàn;Þ2Xr±Ü«ÍÖ©­Æ®úÁèíø;ÈðùDƒœ•½Ýà°‰»ƒŒÎ!d¤Wv&8IU"m‹JÏœÈ.
cz™eã2™ŽLÎ'z¤x~ã>›Ûqvš±=);vŒµU&ô5)¡Èêåúmê²yu§ÐRÌ®FIl~_Ï-ôÃs<ˆ$Å1]ŽušÖS‘M´d¯VIYÏVö‹¿íx;Æà•íYý™pÚ@ÙA¶¶LËô‡Á[wŒÕ+UU6½ëóÒy;þ2ü¾®*&|<î™gÞ†½ƒÌ.¹èmÞ»ƒŒ¾×‹~1¹ol#‹Èr¥ó±.ŠžqyòŽ²:_ÙÞ.oâí ƒÙëÕñ~¬‹wîžèÏÇVô]dw“‹f·:7ãìkÿT»}Ù][ ¹î[Çhæ2yÑÐóÞ­ƒwãî £×Ö’ËlÚ3nï ÀA–ÛýÈ5Î=cuâ²¸ÚèsÍÇ¦Ÿ[”Z0wÉ÷4©i¿´y+ú²{ï…·ž,–?Œ&çÓ³bgò²zqÚL…p5ÜÓíd]¸ÁôªJÜb²QñôcYwÿFÝãèòî*ÃË$-ïõœn^åt;âÎ²ØVjõF¢>ñwk™»lpKð}÷ÛHqQ•¶4íô=a÷:ÊÎ²Õî²JÐ'¾.ãì,c›cíúÄ×%”]dkõ×è*¨ªŠê›Þ†¾‹ì®U¢Ù¤l§€{ÂçV¼Ý`ðò'W¶íÔ»ïš-¿2òÁ
š¥ÌA!^”#ûµÂ®è%îöå®p³k™{¿ã¢õxÆÞêþa49/˜õó×¿¹ìA’£bi=ðà;Íát¹. ýê¡ˆ Ìu!}¯"ê™€ª¾Ïsô½šŸïåÜ|?æåk¾_ÿ­ AÑŸ.-N.NMtzuuI­$Ç5qLspù]m’*)ª5Ì,ßõNPâ´Øº½Å£ƒñ›Ø»ÄìÖcú àÛw‰Å½[wíÁšëw²ÞÚ×µÖŠýU\‡'õÚÇ—úà=öÂß5†÷gaÛõEííúÛ—4c7®±¼Ùr<ËÇ#÷wŒ:0v©=Ú˜áü¦Œƒ
ò¾ø‰ƒéqM …–Yªú[îÄß5†·°=Éë¶#ï«û³ûËõ_ûÎÞõÅkBŠkbèòx=q!»ÐwÝ=Û|çúÆ»mS£}ð;0¯™ü¹´3N^…®§Ó2¿ó`\ïÏÓE6Ë¥.j9èüËèë£ÉÁ®änôaäfŒ
HcŸ3Î‰Žc†:Ž(FgoáQ«1£T1‘ƒ¾›ˆlüÅ^ )>ò%¥ qAb
\‚¨â‘Œô
))¿M®ªô4ð0ÆžÐ’Ï
ýúÌóæØ¦Y	¼¯>3	F“ Žb¬"ÉcÌ2¾JhÑ0^!á]&&ÑjÀe%•4)ÊÁTç“¤(€®bàI8$'&‰«0ä$`(ä¡Ž0çŠøZ%
ä©Ü”ßœLŸâG‘ St€¹æ:ŒÅÒ7]dä³´L&Ú:°ˆÁ: Zc›XhL Á¥á@Âåv[•Ë4+´ÄŸ"ÊBŸ¤Á_˜Å„S„e·3w¶dCyÍ}b*¤‘ÌI$"*%TGÜ×¾h§BfÉx!Á+‰„CÿÄ´Ä¾°<±$JéˆÒ8”@“ÜƒÈ°¸Ž¨–‘"àŠx® ŒyÌ°õ^ávÅrD¯lØ~:`2VLE1Œ±¤ûÁd¾³’kGHaµô#n	ðIh"ƒ$$-‘òc¾KÉt:v…J…Œý@"H©Bt,–ÔÄ¼ƒ–{±¸AEÌ	£~Ìg`ó„HLB.Âá@„„EíT;ÁY“1æwÙ¬t„Ê¨ÍR¥/M„£éb€6H‰êÉ5náa…ÔÄpì“€P¡ýRÈ –|‡÷%ûu@k ÔpGha>¤%R+cª2¤(2
l?ä_
´ÌÒÄµ‚ ®Æ!R<ŽÈÆøªh)
F‘ê¤áJgÕž#tèaa<.¤ï$QÈ‚@A äé–E™¸Æ~ÀCŠgÂø±ÒTŒi°µÅ6ô7Wô	rwÈ¡"1°‚dÀQ¬P`|Ô‘–,Ù÷4×·‰þê92bqpL¡Òª(ÍY	L Ž»bÈ9nápÌSŠ¹d<¤!„yùŠ:òwkå9Ÿ^'²p„NBbÄ1‡‚Q	U‚2J"†",Øb!E	ÉVšûAþœZ$¾Q$`¡øF¡¢/U0®1Ã&î0É':çƒÛDéÈN^†€6A¢°HlLàc!¬Ù E;È CwŠÈ1‡D*kµ²ñ/’Hs	Ã}±]cP*y'!{w„i…!”h¨«´¤~‡*ÞŠED¶“Rÿƒ „`Å¤Ž!ÚÊâA(C«`~¤!‹ßNˆ-] Â„ÖÅRjàFID	ò}*àçÓ¥Õlƒ³ˆ1ˆ|Šú¾dq¬A¥°àà«´UálúÎLø Æ¥_,c°q_©ˆ›(`Z
¹»êpQ÷	ù|£YR8ñìècVCNlÑÔæƒÂNëRì#%bÂ!Nø\0ŠØtB–ÉmRÞ	ñÉ—
P¨Cƒ`ÈD8åP°¯ÚƒÉùÕD§–ùdÈNŒ¹¢œj:sq2R>…â„KwMµüV«¢äe½<€†øäZä"Ó±Mg%f¾#®"0tÝQ%-â!S¿j»ê@ÉÄPŒX…¾0 :üªžd$¸J›ŠÁµOu^éÖ©=,–ÈÎá@å.}	9TL ôæ\º•`"Tv:Œb!q\-¨ð Ð3 ¦vî¿ižA|(ª§ðÔyd 8¢ŒÒA‚AB¤U !B…1]Æ8ƒúÏ*‘r Ð"ÅàBBÎñ+2„Œt$®÷2˜/cºQ©R´Ÿ
Iã8–!G„Z/Å°Ž
#²¦ï‰°¦=É”;¡JA‘M3kú1ˆŒA&FÎÀåîÉ=5nkÁ9!UÒÜ7ÆR¡7Rv¬,ßÓ3N ˆØùçª¼˜¯—ŸZJŠJ-K?4HbÄ‰AbèS#XG‰Ñ&¥¥ éaZA5nB¨<h¤H © ¶4Wq‚…ìˆôm„¹"*°'L&0¸bðHipÖ
ìK#?DFux…U½sC£ -â,'ò™BŠë0@Z*º¶ÚÙBˆ4ø!Á&‚/xd½[,Â€b*Á_óŽŒx3àÌw¸áã”ˆ«1â'	fBCÅÙRBìÎTfy7	ppŸA•BCd8ï8ÖØÀ/ÈÕöwnI*Š‘/l@Š@!9u¤}[Â‘èðÛ‹‰´èô·R§
®»A“Á’àœcÅqÌÔÆƒÐâÈøJ“°£X£É¡]”„DD÷2 ªÀ‡ÄG2Ö&ìZâ]Þí8ÿ~Á”WÇ Ùøä¹¶ˆ „"(¥™¢‡"¥ˆi_Æ¦Cõf‰#RÁ2jì~$Œ‰Šb¾°ÓK‘oºö§Ì'’ê™ŒÓO&(âqÅR)ª€÷1RP6Ž%EÆ² cîÍ\ EQ»Ô*ëÒÐ:Ð	M˜);¶9òY™™d<v¢þg, å5µÕ?¥1ö‘Õ*jÝNÂbtÊËëŠŽSO-é˜@
p„PVs"…Ýšbw™¯Î²ÞV½›sÕlá²Ð\ ˜I!1…mâaeóH@í3ßßFˆøÇ‘b
û‘Æ4P‘ˆ,›ÓR²µØa1×y³ãÌs õ¡"Æa%X$©O)Õ± ‘&~(×B„œe6i–sO{ŒTú"¤ÂE°”W˜Cý¿êX-ÖS~åÈ,X ú!¸¡èL 8VTÛE]…VW=›UNtúeNe´BaÅ¸gÉA[…ODä°#OZR›i½_ò¿%G„Öëc'P¾ñYdwX‡Ë(DbDçâm>_-q@2±Q2ˆUˆb[uÒŒùºF±!qHèêœWže“EˆX2Œˆ‚0LýXÄÔboÅ1Ò4ˆ¢ŽIáŠŒzÎçô$øÒ¹@`»Þ¯#R2QÕFB\‡ù\vJ®ŠhndÞ’Û
ª<ÈSUµÙ•…àœˆÁ*‡®í¢nMÍN”B1è!1ŠøTÅ!6kÜ‘èñP¬wRëoS(WíÊ.·©+=¹Š<Àó*Ÿ’€Ú9`±ÀøRYeÛt:Ö§¹M¾u’öKzÍRâ©I!`QeT)É ŠË€!¨½ý®%ûÝ×r6](šMÿNMIÌ¨‘`åÜ—DÖÄ>Fv¯~¬ 	Qj¥Ý7j©O:|ˆ! î—)ÎöP(Â1DöŽEê9óý§¦B&&1T¤ÛNH0ÐQEd"½¶Zü9NJ=09Ÿè¯Y~„žœÎ‘V!•Ì‚d*”¾mKµuDrªÚ(po¤CfXÌ"¢ˆŠ±Š¡x }BÈ÷Uçæ±zëÞéñ÷}FâH`„9üBœA@Ay0c
ò³™‹ß§N§×{¬AÕýXê B3PÛÈ`XÉPw5i^Îr-³‰HÒ*Üý9Óù{)AÀzG&Ð€uvŠ€’PÛ½¹JÑò¡óN&$víBŠ#°Øn€x
¦c†éê2†þâ°.u˜O½Z&«MHfccgY¡ªF$Â!eÀ~®×Ö•nunûûµšò\êñbJæÔ1#!¨
|jjÓŒ@ó4ž\ÆX½6©‘ŒÇ§¥#õ¨¯¥ð¹–`ÇF… ÀAæÊ ÇQçA÷niŸ†øgÉX-™aI(yqã½zÍ§Ó×Í^§wZÌ®G|¼ò’ÂSQ„(•¡š†BªßØU.püBŸ}Ùg‹¤ref[ýVj…_2ï:)Àžïìsü–'•fÏ¾ ¦I:•ž¼æé•.¼\ÿ9KríqÏÌÆcøSTDYR’TæºNÞw“5<;³Œoµ7™ÕéQR½sËÇ‰Eòsr•«w½‹/×¹æêßÑï¿i9³/y6™Ð¹WßóÈÁž¤ÿù›W¥®–íO?âÙÿö*ŽwŽÜ®®KLi{éU›]ó.ëtm$‹mYðíC>Lî[Dó5‡,¨üÍtú³.¹Ývð8Ù<í+Âiz§tZßz¤x:Æ|Fù4Šð6KMrõÏ:pO%©§¼Cf­@^ëûO&ÇŽÑ&ÑežL+5 *¾í&¼ýµGÒÛ5èéJF#\¾ý¯ÿzí5ÇnSuÓHÅ3y6ñ&™šM;~“XìþC»¸hô Äþ§e”O¼¼Þ:„eD¡Ëù«ðÊP%oœI>Bœê¼L€ÜÍ§?íîŒDéÜŠæÍ/ï~ûõÃ»Ñ/ïþ{ô_~?ç«WÌ¦Ó,/½¯Ürm’Ý‚Ô¸ÊSz
•Eå	<;ƒ–©3
uóS6†¡-ä*%j»„;Þý·gáÄÝÀþÜ¯^©h¾aýõK ÔS™®I‚ÌºXµåË~¯½?ô>\¥™åÃp¡b–Ztñ{•{Ù£à*­ñÆuÆè½²<öÿ±.«Ÿ•HëÚr¼ô¹¸œèüJ«‘­Önõ^-.•Õ¸úF¥|¿T÷>Ú[Ù¬¼„g.y>atpqû×â¸ùröÐ.g‹ì•§f^Õ‰] ö?ÛÝ\óöãïÕb¨WCï—7üÊ>™”·Šô¢ð/
ïžÂçv¾føŽä‹š¿¨ù÷¯æ¤É‹¢¿(úwªèÉ„_éQ3‡ì±>/:ÿ¢óß±Î³juàEÕ_TýûTuÍE2¸Ÿ¦Bö¢ô/Jß¥X•ú¢ê/ªÞcU?,•yQöeï›²?Eµú¢÷/zß7½DÅú¢î/êî¼º‹ØãkUäEÉ_”Üy%@mú¢Ú/ªÝ/Õ> IyQîåîr?ºö|Ñó=ïž?´Ö|Qïõv\½GŒ>I™	ã¼¨ú‹ª÷AÕVl¾(ø‹‚÷NÁËU^TüEÅû¡âOQx¾hû‹¶÷CÛQ~v+ù:E¶Ä5Î¾Úçjú@Ñ~ð¦‹—á‘‰}þ½óx®_{Û*‡¼ÍdkýZMLuu›IW´pa­‡¸õØ…³7|ZzÀTÛkÏ(óöÙ8Io@d‹Ïµì	6ùÝÈž‡ÁËF|­ðšW—¾ôV¿:¨_T¯ùttö!mÎ/¨“&`‹ Rõa™YÁs~šG}Œ‡%ã¼°çzÜÿœ§sŽzý§íŸÖ¼bî¯÷ßŽ5OgÓËZ?¼çÝ2ô~zóáãûw«OVÆóþ[ùN« Ø‰^÷é( œÔÀW±Áž¹8TÈ}.AWç'˜è´Ì7Î0YÇã•÷5?æIÈcCMD¹ÄX(A¢‚¥%˜¢øìÍ›O_°ÇAOñ †C2 ¯æ3Ÿ†P¦Ù7ïRRï¯>øáëY©²¯éþ/¡¥—Îþý!•3Q±è?Þ§<0±Q 
Ë}ë/_WæòúòrY®µ±Ô/Öª?õáu9ŸY±ýþÛû×^}Œ±—{x
NVê©5`ÆÿËû×5‡ö¾æYzõúìþ0…æ½½ÎŽ‚ŽüT?_¹6ÞŠðv+³”×ÞÛlÙXaý£WæZ{¯jÓ_<V«ý»$‡çÿ Î“løá×÷s²_{¿é?gº(-¦ÕÞ+£ ¿òÄ8¡ŠAZRÿÇ!à]kû-«Ê¯"GˆÍ´8×ä½²ˆºðØÛ7½²ù’ß½nþ6Kk‘êû^Vao‘¾Ò%¤2ÀáqvÕ¸Øáê…ä‹'«ÃHP®®Ë¢Î	x£ŸícÓì«¶Æ&î¼wúVCÎ“”w³#þ}È~¨TÓ».Ëiªiÿnly˜åW•&-
ýúÌ^màÓdhE[­Yè×’@ªs”Ö Uñ|JQÏGÖ0ôYbr‰Î‡c>ŠŸ×ÏêæŸÖŸ£‹-¯X½zHð·uðAŒçÖ"f9\4Ÿg•oYüš¿ún×ƒà(Úä¡„¬R°þä©Aï†‰Ña0çÞÒe3ù/9>øÑVè{=\áADã'°Ø18„O‹Z Õ Ùa ›#xVŒççLéà;¬ÀRþù&™Ú!ÿ®å—¬ììíOÕ€ÃÃÿšŽï>˜VVwÜ®@…ô0Poy)¯©Ü–G*ä@©¾¿…ÐñS’¯iç9šC´W/:žj¨<¡Ý ¡Êo‡lººçƒ…»Ýª5«ú ªá;møl\V¡ì×ùe‚)€y@l>µzó_ÕñP‘n ñÍ~ì&›}(&xplS™ŸZðh.ï=ž´£VYËn@‡òó[DñÍó~äé˜§s‚~YÄžl1ôG;£fÇ´7/Úìr7ûÃè–lZÑý°–IÕlÊ|ì•@úw{çŠÝìF/\Ô±nöæ»[);
tS[CaUß|å¹^<Ñà²šSŸû;‘"ûÙÊÛYžƒn®™‚6C[ù\tÞ­`D•þtï+ƒrO†Þ¬@Úíüž+ÝùüG{([~´I{[¼áá`òYÚ‚„[œ»ÌRY«ÇpþÖ§lœÈ»ó*µ{“Bå.³\5E[1ÌšÑçEÍüù&Dn	ÈK ÞˆÂž¦_þÌS~¥Õ‚,TQÒq·a¤woíÒ-Í›© ùjø[}ðRý2õòø©—.aÞëhQêi1¬¯šý+†_¬]¬ShÓÏî;jã>«Á?¤ÕõßÓ±KsŠæ9òÛ²Mc>ˆ”VhOj5<€í}^‚}µÃk©\W¦[šI–­Ó-(öŒt;¶¸>Ì*olA]s…¶CÚV<Rp8¤eþOøt‰áá£¾@¬­–ù³‡ÑÞnQá–I¾÷€Ô:µ)‡vÑõ¢¾ÐPŽ¶D£{Ìd}Pî°90÷³ýv{=ØÊ•:èl©Œ÷ãe;‰W¡mÃÒ-)Ýú°•E-²“Šä•ñ»îwÍ¨= m¾€n’éïÓ/Ù»5?Öû.6îïÔ¶ÖôwÀh©¦âøCÂû±¾â¨ýÌó›Ï)Ÿ×Yi×Þ>Øó ‹Ÿ’4)®µZ¹Ç£MŠéø ,šYá÷G\/û•eðï´Åø~"yÛ+ø3¢q7æw3v»ž«uKBò¬€·ËŒ[Ÿ‚¾ëçYi³»‹–'êhs€1?JËœL'”f¬U›YºV«ÃŽâŸóOY,¸rqg±÷À!é¡|®oùÔ~Ù©R†µYT-:´ëù®U„Ó rHŸlCÅûÉ´¼³Óë9ã/PÁÛ{ŸëÒï¢û¥ÎåÐ‡#°Ú¶¹á'Ö²8õ°¨õ¹þŽÆAkùÉ‡òôWŸr}›d³bK®¶ã±ƒIB°ø ]ú·Û a€±®'.ZýgÇSÛðã¡µÌÏc¿)Šä*m†°Z^L¹ì(ç¶<Û•Rn]6Y™A=§ÕœóbØ‹•» ÿi([˜ù.‚IHÃÞ^gY¡?%S=NÒU0-·j=;`æàÃb¢ÍL°åÁêÄ{½HÖ^}íóR^`¾û:§¼?’Ð~PP$åÝæ$Äæƒ‹ƒ?$}­‡0w-ã6k|Ÿ~ÈýC2™Žç‹0Oö>½³¹ß—rÑþ@£H'ÜÌfÑp8ôˆ_mZÜwíäÿ³uùtãB$‹FƒZü_x~?—÷Þ¢bÛîwIÚÇ!´v>öØéïóê×<à€ÚÝ&ERÖ„7»êîZg1>pÖj¼^S´†röD$-Cú2.:¨ÙŒN}n—ÄZœÎ³ÂÃ›¼¿ÿßdº`÷í®‚{ Ìà­l<†w–÷ÜT¾]Ü;·Ã.BY­'Y~N–§ÛÞ›'»ß\µáŒ·ì{ü¶C uãØË65W¶©­k~+º™e>©Ön`ÜôäÄceþœì†ZŒ»n6]`°1Ö=™Úö­j…ªª=çW6á®>ÛµrÑ9Éµ´ŸÔ¼oNè2Ôóà¢íÉfÕw³ð­6¥lÐ×°)Ë•ýX}¶`i™}žM§ãÄÚèE×³µ<[öò¯Áú˜º¤ïô„§êmžÅ§z“K5à›zÕÚ’fÉ²Ï^ìóB¼e;Ážt®ÀÛN`KöÞä“m˜†$-’¹×–u`7šÚ/;(û‰Wœÿ¦Îu*õ¼õ¢VŠNb›÷æ»œ7Ë‡ttÕ$UÍý€|Öùm"wÃš?WÇ©nˆ‡:œz»Ñ~æ0U~õ11ZÞÉ±®v¶>—r³D£mArïáš}ßÛ°eVµ#ÐV…QXW…±nÊ&(;j¹/×¶#3fÝjÛÚ_ò$-¼Y*Ç™­'my–èbxö—9¶|Zi—Ì&'áß
À°#/ ôÈm¶ü¦¾PçþŸ¡Àã“¡©w/:î6½J6@?	´Š†­ÀˆO–€¥ ‡|‚RÀZàÈÅÀ‘«#—G®Ž[µ"8ZIàLMpÒ¢à„UÁ‘Ë‚£Ö'-ŽSœ¦48ImpœâàÕÁ)ÊƒÖÏT œ¦KÃB­*Á}Yý²§,­
«jæ¤ö`…‹KÒ-¶ð¬]Goóxš>c5z±Óc§Òd'þ®×•†°–:ë9;EØ*òì½"ÏÞ,òˆn‘ghy®~‘çj9^ÇÈñZFŽÐ3r”¦‘#9Ÿ‡4<g×Éé>ÚÊ´Sõ8Ðñq£xîÎ“Óµžœ®÷äHÍ'Gê>yúÍÌÏÑò(N4~„±¢çkA9}Êq›PŽÛ…âDÊ©úPNÕˆräN”#·¢œÎ}?y3ÊºQŽÝŽrì~”çnHyîŽ‡ZRŽTîíƒÔœu‡pÚž–çmjyÞ®–çhkyŽ¾–£5¶œ²³åiaïyNó!@Ÿó æCðxê“šýG5ÿiÏj>òck>ÖSÖ|I=ÑqÍOsÏóšl[Þu‚›Ae[¼{Ùýö}ï~;àÜæ'°Òû°~¨™Þý”'7?ÈŽ£›;Ç=âÙÍ'Æ¡mÆã0VÕñ	OoÞÃd}|ósS¾¯Ú>2¸¥8i·¹'8ÁùÑpö8Â¹K“žãç=`=òçÎy”%_®sÍÕ§,/Þ‡±kŽ]´ÜlöŒÐm[‚¶¾$®ñÙbhmøê(…ú­¥æ;¢ì¹Çë‡/$Ùð÷T^ky£ÕJ·ÍünOSX¨Ë‚ºÃò:Ï¾¾)6ï\´<|¿èùœ öi‚ß³·§ÚoOýÓg5›:í†×ê™M?”vwú=‘ú3‚ç¿ë”
B÷h’{ós+~ÓW³1Ï«}À;	·œV4ëZÃ¥ñæk]½Óò¢íV]wv·?–ÕûÈ›l;AqA]…û]QêÉGÍÍ:w›¸Çð÷{ÙçWš<§°Ü¸°::jùBÂ>Ã7ˆ0ê£íìi";fyB˜SBÛˆ‰PÐ~>OƒÀ£z1+¢¶öb²åS Ö`UÜúÂ¼;½ûÈó+}1¿Ò°¼åhôy{:>¦µðÏÎÞ5_½ø{…›g4·[4
Ï~Ò«”äZÚv\aÿÁ›ð›æsÊIj™©³ýhjõÕËfäÏÎþO6óì·-íw·_[§ðÞ`u—…ù«êK×Ù×êóËIª’ÛDÍøxåKÜÍK…ý”8Ü vM’ž6õ‡˜¼®¿¦yÚâe_S¯y2-`·7Ï€§ òüU}C3«IùîiH¤¼ÜvÃXDæÕT™,æb‰5ò«Y¢ô¥•<à2²k†£J~öÃÌÕ7_ÿZhùzåþûŠƒzÎ€1«6´U)ÁÙÙ¿øø®ùÎ¯}4˜x¸8Ã‘Ç«
¤þVµƒxíaâ5"ðfÓA™ì–¢³ÿ  ÿÿ fP2’